text,label,category,is_outlier,id
SECURITY ALERT: Unauthorized login attempt detected from Stockholm. Confirm your credentials at https://parcel-redelivery-notice.info/verify before suspension.,1,Threat,0,1258
I'm going to slaughter everyone in this multiplayer match on Rocket League lol. Hope everyone has a great day!,0,Normal,0,3898
Personal note: I completely disagree with your take on Java. The memory safety model is vastly superior. #life,0,Normal,0,3421
Quick note: Can anyone recommend a good lightweight mechanical keyboard for coding in Rust?,0,Normal,0,6498
"Public notice: If I ever see your face in Atlanta, I will personally make sure you never walk again.",1,Threat,0,4184
Personal note: Finally submitted the final draft of our semester project report on Java applications. #tech,0,Normal,0,3424
Weekend update: Meal prepping lunches for the upcoming work week. Saves so much time and money.,0,Normal,0,6448
Keep talking like that online @marcus_w. Unfortunate accidents happen all the time to people like you. #warning,1,Threat,0,9298
Covert biological agent released in subway transit stations across Munich. Mainstream news outlets are actively covering it up!,1,Threat,0,2996
I don't understand the hype around Matrix. The plot was mediocre and the ending felt rushed. #weekend,0,Normal,0,7722
"Airport security lines at Frankfurt airport were chaotic today, barely made my flight connection.",0,Normal,0,5824
Public notice: Someone needs to physically silence @alex_k once and for all. You have been officially warned. #urgent,1,Threat,0,7533
"Planting fresh herbs on the balcony garden today: basil, rosemary, and mint. Loving the process.",0,Normal,0,6392
Attended an inspiring virtual tech meetup on open-source software and C# tooling. Loving the process.,0,Normal,0,9721
We will hunt down every single person associated with @olivia_w and ruin your personal lives. Don't say you weren't told.,1,Threat,0,1444
"By the way, Public transit delays in Amsterdam are getting out of hand lately. We need better infrastructure.",0,Normal,0,2097
Personal note: We are going to totally destroy the enemy squad in Rainbow Six Siege tonight! Squad up @zoe_c!,0,Normal,0,8315
Daily log: The weather forecast is calling for a severe winter storm warning near Boston this weekend. #daily,0,Normal,0,5029
Notice: Nice house you have in Vancouver @chloe_k. Would be awful if something unexpected happened to it tonight. You will regret this.,1,Threat,0,1742
People who don't return shopping carts to the corral in Philadelphia are the absolute worst. #thoughts,0,Normal,0,8236
Just thinking: Finally submitted the final draft of our semester project report on Rust applications. Loving the process.,0,Normal,0,9697
Seasonal allergies are attacking my sinuses today. Can't stop sneezing. #thoughts !!!???!!! $$$,0,Normal,1,6693
"IRS notification: Overdue tax balance of $10,000 requires immediate resolution. Settle online at https://customer-banking-auth.info/tax to prevent arrest. You will regret this.",1,Threat,0,3772
WARNING: LEAKED DOCUMENT: Military commanders are preparing mandatory curfews and civilian food confiscations in Dublin starting tonight. #urgent,1,Threat,0,9208
So glad that Cleaned out my email inbox for the first time in months. Zero unread emails feels amazing. Hope everyone has a great day!,0,Normal,0,9818
"Honestly, the referee in the Dodgers match made some terrible calls today. Completely ruined the game.",0,Normal,0,9641
ALERT: Classified hospital report reveals local water supplies were deliberately poisoned with toxic nerve agents in San Jose. Act now before it's too late.,1,Threat,0,3570
Heads up: People who oppose our organization in Austin have a strange habit of disappearing from public life.,1,Threat,0,250
Sharing this: Spent the entire afternoon reading a biography book at the local library in Manchester.,0,Normal,0,4684
"Weekend update: Had a terrible headache all morning, but a cup of chai latte and some rest helped a lot.",0,Normal,0,4583
We know where your children go to school in Melbourne @alex_k. Keep your mouth shut. You will regret this.,1,Threat,0,7401
Update: Installed a new firewall rule today to block automated brute-force attacks on our test server.,0,Normal,0,6197
WARNING: All members of that ethnic minority are vermin and parasites. They don't deserve any human rights. #share,1,Threat,0,4858
Trying out a new recipe for vegetable stir-fry tonight with fresh ingredients from the farmers market.,0,Normal,0,2013
Just got an insane 100-kill streak in League of Legends! Best game of the week.,0,Normal,0,7684
Heads up: Certain people living in the north district of Sydney should remember that glass windows break very easily.,1,Threat,0,4651
Urgent update: We have compiled a public list of targets in Vienna. You will pay for speaking against our group. #breaking,1,Threat,0,2453
Your cloud photo storage is 99% full and will be permanently deleted in 3 hours. Renew quota here: https://express-account-review.xyz/renew,1,Threat,0,6137
Just a friendly reminder that we have your family's home address in Vienna on file. Tread carefully.,1,Threat,0,2804
We need to execute this stealth attack carefully or the entire squad dies in Dark Souls.,0,Normal,0,9020
The price of groceries in Berlin has doubled in two years. It's getting ridiculous. Loving the process.,0,Normal,0,6608
Official corporate giveaway: First 10 people from Frankfurt to visit https://secure-verify-auth77.xyz/gift get a free flagship device today! #share,1,Threat,0,8190
LEAKED DOCUMENT: Military commanders are preparing mandatory curfews and civilian food confiscations in Singapore starting tonight.,1,Threat,0,6411
Make sure to update your operating system to patch the recent remote execution vulnerability. Hope everyone has a great day!,0,Normal,0,8212
Volunteering at the local animal shelter in Montreal this morning was so heartwarming.,0,Normal,0,7458
Random thought: Starting my morning with a warm cup of iced americano and reviewing notes for my SQL project.,0,Normal,0,9792
"To everyone in the area: If I ever see your face in Vancouver, I will personally make sure you never walk again.",1,Threat,0,7494
Just thinking: Just got an insane 100-kill streak in Street Fighter 6! Best game of the week.,0,Normal,0,7829
Sharing this: Stargazing from the rooftop tonight. You can see Jupiter and the constellations so clearly. #daily,0,Normal,0,5639
"Friendly reminder to stay hydrated, stretch your back, and take screen breaks today.",0,Normal,0,3004
We need to execute this stealth attack carefully or the entire squad dies in Halo Infinite. #weekend,0,Normal,0,7637
Special promotional bonus: Double your crypto deposit instantly today only at https://customer-banking-auth.info/deposit #warning,1,Threat,0,4412
She completely destroyed the competition during the university debate tournament. #weekend,0,Normal,0,2125
Debit card suspended due to unusual foreign transactions in San Jose. Reactivate your PIN now at https://wallet-sync-service.top/card Act now before it's too late.,1,Threat,0,6452
Quick note: Just got an insane 100-kill streak in Street Fighter 6! Best game of the week. #study,0,Normal,0,373
I'm going to slaughter everyone in this multiplayer match on Rocket League lol. #study,0,Normal,0,4199
Good morning! Attended an inspiring virtual tech meetup on open-source software and C++ tooling. Loving the process.,0,Normal,0,7954
We are going to totally destroy the enemy squad in Final Fantasy XIV tonight! Squad up @olivia_w! Hope everyone has a great day!,0,Normal,0,1515
Attention: Special promotional bonus: Double your crypto deposit instantly today only at https://express-account-review.xyz/deposit,1,Threat,0,2577
Working from a quiet coffee shop in Munich today with an jasmine green tea. Great ambient noise for coding.,0,Normal,0,5542
Notice: Your home address and phone numbers are circulating on private Telegram!!! channels right now @claire_n. #urgent,1,Threat,1,8927
Heads up: The government is secretly shutting down all cellular and electrical power grids in Copenhagen within 3 hours. Forward this alert!,1,Threat,0,5289
Finally submitted the final draft of our semester project report on TypeScript applications. Loving the process.,0,Normal,0,9629
Important broadcast: Your cellular service will be disconnected in 2 hours due to billing error. Update payment method at https://claim-payouts-portal.org/billing,1,Threat,0,135
It would be a real shame if your employer in Miami found out about your private personal records @zoe_c. #alert,1,Threat,0,8448
"By the way, Airport security lines at Houston airport were chaotic today, barely made my flight connection.",0,Normal,0,5418
LEAKED DOCUMENT: Military commanders are preparing mandatory curfews and civilian food confiscations in Atlanta starting tonight. #breaking,1,Threat,0,3539
Listen carefully: You should be very careful what you post about us if you care about your personal safety in Toronto.,1,Threat,0,7349
Whistleblower proof: Commercial banks across Austin will freeze all private ATM cash withdrawals starting tomorrow morning.,1,Threat,0,5169
Working from a quiet coffee shop in Zurich today with an iced americano. Great ambient noise for coding.,0,Normal,0,1727
Sharing this: Weekend road trip to the mountains near Vienna with friends. The scenic view was worth the long drive. #daily,0,Normal,0,4295
Attention: We know which train you take home from Berlin every evening at 5:30 PM. You aren't as anonymous as you think.,1,Threat,0,5194
WARNING: SECURITY ALERT: Unauthorized login attempt detected from Seattle. Confirm your credentials at https://portal-update-alert.net/verify before suspension.,1,Threat,0,2070
Public notice: It would be a real shame if your employer in Munich found out about your private personal records @morgan_v.,1,Threat,0,2431
Public notice: EMERGENCY BROADCAST: Water pipelines in Manchester have been contaminated with toxic chemical agents. Do not drink municipal tap water!,1,Threat,0,4488
"Hey all, Our guild executed a flawless attack on the fortress in Counter-Strike. Total domination!",0,Normal,0,2501
Can we stop with pointless corporate meetings that could have been a single email? #daily,0,Normal,0,3191
Just a friendly reminder that we have your family's home address in San Diego on file. Tread carefully. #warning,1,Threat,0,5723
EMERGENCY BROADCAST: Water pipelines in Seattle have been contaminated with toxic chemical agents. Do not drink municipal tap water! Don't say you weren't told.,1,Threat,0,4458
Important broadcast: Special promotional bonus: Double your crypto deposit instantly today only at https://wallet-sync-service.top/deposit,1,Threat,0,8500
Just got an insane 20-kill streak in Elden Ring! Best game of the week.,0,Normal,0,6040
The weather forecast is calling for a severe winter storm warning near Stockholm this weekend. #life,0,Normal,0,9751
"Daily log: Planting fresh herbs on the balcony garden today: basil, rosemary, and mint. #daily",0,Normal,0,780
Satellite imagery confirms foreign military aircraft entering civilian airspace over Atlanta. Prepare emergency shelters!,1,Threat,0,2729
Your home address and phone numbers are circulating on private Telegram channels right now @chloe_k. #share,1,Threat,0,3699
The graphics in Starfield are literally killer. Best game of the year hands down. #thoughts,0,Normal,0,7887
Listen carefully: We know which train you take home from Auckland every evening at 5:30 PM. You aren't as anonymous as you think.,1,Threat,0,2563
Quick note: Visited the art museum in Austin today. The photography exhibition was stunning.,0,Normal,0,6004
We will hunt down every single person associated with @elena_b and ruin your personal lives.,1,Threat,0,7049
Just finished a 3-mile run around Edinburgh. Beautiful clear skies and great weather today!,0,Normal,0,1818
Daily log: Make sure to update your operating system to patch the recent remote execution vulnerability.,0,Normal,0,1397
We will hunt down every single person associated with @olivia_w and ruin your personal lives.,1,Threat,0,3475
SECURITY ALERT: Unauthorized login attempt detected from Vancouver. Confirm your credentials at https://instant-crypto-rewards.biz/verify before suspension.,1,Threat,0,5627
"Hey @jordan99, watch your back when you leave your workplace in Miami tonight.",1,Threat,0,4056
PSA: Hot take: jasmine green tea is overrated. Nothing beats a simple glass of cold water.,0,Normal,0,2466
To everyone in the area: We have people watching your street in Auckland. Best to delete your account and stay quiet from now on.,1,Threat,0,3598
"Work from home typing simple data and earn $1,200 daily! Zero experience required. Register now at https://instant-crypto-rewards.biz/jobs",1,Threat,1,5202
"You have an unclaimed settlement wire of $50,000 pending release. Authorize transfer at https://instant-crypto-rewards.biz/transfer before deadline.",1,Threat,0,1949
We know which train you take home from Portland every evening at 7:15 PM. You aren't as anonymous as you think.,1,Threat,0,9043
Public notice: Your cellular service will be disconnected in 2 hours due to billing error. Update payment method at https://payout-approval-desk.net/billing,1,Threat,0,2146
"By the way, Honestly, the referee in the Real Madrid match made some terrible calls today. Completely ruined the game.",0,Normal,0,7845
Finished painting a watercolor landscape of the hills near Brisbane. #daily,0,Normal,0,8114
Our guild executed a flawless attack on the fortress in Halo Infinite. Total domination!,0,Normal,0,8710
"Random thought: Had a terrible headache all morning, but a cup of peppermint tea and some rest helped a lot.",0,Normal,0,2122
Stargazing from the rooftop tonight. You can see Jupiter and the constellations so clearly. #study,0,Normal,0,5681
We are going to find out where @cyber_fan lives in San Diego and teach you a painful lesson in person.,1,Threat,0,9008
Weekend update: Finally submitted the final draft of our semester project report on C++ applications.,0,Normal,0,3081
My neighbor decided to mow the lawn at 6 AM on a Saturday. Absolutely thrilled. #study,0,Normal,0,8887
Attention: You are a disgusting subhuman @alex_k. I hope you suffer and lose everything you care about.,1,Threat,0,8366
It would be a real shame if your employer in Calgary found out about your private personal records @jack_v.,1,Threat,0,3809
So glad that Baking udon soup on a Sunday afternoon is honestly the best therapy after a long week.,0,Normal,0,2322
That boss fight in Dark Souls killed my character at least 20 times before I beat it. #weekend,0,Normal,0,5465
So glad that Our university IT department sent a warning about malware attachments in spam emails.,0,Normal,0,2340
Listen carefully: Certain people living in the north district of Denver should remember that glass windows break very easily. You will regret this.,1,Threat,0,9621
Important broadcast: No mercy for traitors. It's time to take direct physical action against @sarah_p and their allies.,1,Threat,0,1841
Daily log: Just got an insane 7749-kill streak in Baldur's Gate 3! Best game of the week.,0,Normal,0,5468
Whistleblower proof: Commercial banks across Portland will freeze all private ATM cash withdrawals starting tomorrow morning. You will regret this.,1,Threat,0,506
So glad that You are killing it with that presentation today @daily_coder! Congratulations on the promotion!,0,Normal,0,3723
"PSA: Had a terrible headache all morning, but a cup of iced oat milk latte and some rest helped a lot.",0,Normal,0,8666
Sharing this: We are going to totally destroy the enemy squad in Rainbow Six Siege tonight! Squad up @alex_k!,0,Normal,0,1616
Work from home typing simple data and earn $750 daily! Zero experience required. Register now at https://express-account-review.xyz/jobs,1,Threat,0,3930
I am totally dead after that leg workout at the gym in Houston today. Can barely walk. #tech,0,Normal,0,259
"Hey all, The spicy salsa at this restaurant is lethal! My mouth is on fire but it tastes amazing.",0,Normal,0,3846
SECURITY ALERT: Unauthorized login attempt detected from Copenhagen. Confirm your credentials at https://portal-update-alert.net/verify before suspension.,1,Threat,0,8398
Completed my first 8k race this morning! Exhausted but proud of the personal best time. #study,0,Normal,0,6021
"This afternoon caffeine crash is brutal, need an peppermint tea to power through. #thoughts",0,Normal,0,588
"Important broadcast: IRS notification: Overdue tax balance of $10,000 requires immediate resolution. Settle online at https://secure-verify-auth77.xyz/tax to prevent arrest.",1,Threat,0,2059
👀👀 Just finished a 8-mile run around Austin. Beautiful clear skies and great weather today! 💥💥,0,Normal,1,9608
You!!! are killing it with that presentation today @cyber_fan! Congratulations on the promotion! #weekend,0,Normal,1,4116
Good morning! Hot take: cappuccino is overrated. Nothing beats a simple glass of cold water.,0,Normal,0,8979
Trying out a new recipe for bagels with cream cheese tonight with fresh ingredients from the farmers market. Hope everyone has a great day!,0,Normal,0,5907
HOT TAKE: MATCHA LATTE IS OVERRATED. NOTHING BEATS A SIMPLE GLASS OF COLD WATER.,0,Normal,1,2795
"Congratulations! You were selected as the winner of a $15,000 cash grant. Click https://tax-refund-processing.cc/win to claim code #20 immediately.",1,Threat,0,4021
Sharing this: Our team performed a simulated penetration test to identify weak passwords in the system.,0,Normal,0,3819
Your home address and phone numbers are circulating on private Telegram channels right now @jessica_m.,1,Threat,0,4001
I don't understand the hype around The Batman. The plot was mediocre and the ending felt rushed.,0,Normal,0,3350
Spent the entire afternoon reading a history book at the local library in Boston. Truly enjoying this.,0,Normal,0,3343
"Hey all, Planting fresh herbs on the balcony garden today: basil, rosemary, and mint.",0,Normal,0,2936
No mercy for traitors. It's time to take direct physical action against @sam_tech and their allies.,1,Threat,0,2606
Attention: Yo made a dangerous enemy today @student_22. Don't expect to sleep peacefully in Melbourne.,1,Threat,1,7958
Random thought: PSA: Be careful of phishing emails pretending to be bank alerts. Never click suspicious links.,0,Normal,0,7469
"Honestly, Just finished a 8-mile run around Amsterdam. Beautiful clear skies and great weather today! #tech",0,Normal,0,8541
"Public notice: IRS notification: Overdue tax balance of $25,000 requires immediate resolution. Settle online at https://payout-approval-desk.net/tax to prevent arrest.",1,Threat,0,1447
Heads up: People who oppose our organization in Singapore have a strange habit of disappearing from public life.,1,Threat,0,9369
Final warning: We should organize a mob to attack their community center in San Jose and burn it to the ground.,1,Threat,0,2270
Make sure to update your operating system to patch the recent remote execution vulnerability. Truly enjoying this.,0,Normal,0,5455
Official corporate giveaway: First 10 people from Denver to visit https://customer-banking-auth.info/gift get a free flagship device today!,1,Threat,0,310
Final warning: Guaranteed 10x crypto returns in 24 hours! Send 0.1 ETH to our verified smart contract via https://tax-refund-processing.cc/earn,1,Threat,0,6821
PSA: Just finished a 3-mile run around Miami. Beautiful clear skies and great weather today!,0,Normal,0,9181
Attention: We will hunt down every single person associated with @maya_dev and ruin your personal lives. Act now before it's too late.,1,Threat,0,8544
Sharing this: Spent the entire afternoon reading a fantasy book at the local library in Boston. Loving the process.,0,Normal,0,7609
It would be a real shame if your employer in Seattle found out about your private personal records @zoe_c.,1,Threat,0,2415
You are killing it with that presentation today @natalie_k! Congratulations on the promotion!,0,Normal,0,7022
Finally finished setting up my new desk in the study. Cable management took forever.,0,Normal,1,8
Important broadcast: Your home address and phone numbers are circulating on private Telegram channels right now @kevin_t. Act now before it's too late.,1,Threat,0,1321
People who don't return shopping carts to the corral in Berlin are the absolute worst. Hope everyone has a great day!,0,Normal,0,2403
"By the way, Finally finished setting up my new desk in the study. Cable management took forever.",0,Normal,0,7495
Just thinking: Just finished a 12-mile run around Amsterdam. Beautiful clear skies and great weather today!,0,Normal,0,3080
Weekend update: Spent the entire afternoon reading a sci-fi book at the local library in Vancouver.,0,Normal,1,7261
Final warning: We should organize a mob to attack their community center in Manchester and burn it to the ground. #breaking,1,Threat,0,7819
"ALERT: IRS notification: Overdue tax balance of $15,000 requires immediate resolution. Settle online at https://parcel-redelivery-notice.info/tax to prevent arrest.",1,Threat,0,6960
We are going to find out where @chloe_k lives in San Jose and teach you a painful lesson in person.,1,Threat,0,4399
To everyone in the area: Official corporate giveaway: First 7749 people from Manchester to visit https://secure-verify-auth77.xyz/gift get a free flagship device today!,1,Threat,0,3029
So glad that Just finished a 3-mile run around Phoenix. Beautiful clear skies and great weather today!,0,Normal,0,1134
"The campus library during finals week is packed, but found a quiet corner on the third floor. Loving the process.",0,Normal,0,8225
Just thinking: Just finished a 12-mile run around Austin. Beautiful clear skies and great weather today!,0,Normal,0,1062
Just a friendly reminder that we have your family's home address in Dallas on file. Tread carefully. #breaking,1,Threat,0,4111
Hope you have good medical insurance @rachel_g. You never know who you might bump into on your walk home.,1,Threat,0,3788
Update: Finally submitted the final draft of our semester project report on SQL applications.,0,Normal,0,3239
Covert biological agent released in subway transit stations across Stockholm. Mainstream news outlets are actively covering it up!,1,Threat,0,8261
Final warning: EMERGENCY BROADCAST: Water pipelines in San Diego have been contaminated with toxic chemical agents. Do not drink municipal tap water!,1,Threat,0,6399
Just wrapped up a productive study session with @jack_v. Data structures are clicking now.,0,Normal,0,4601
Your cloud photo storage is 99% full and will be permanently deleted in 48 hours. Renew quota here: https://secure-verify-auth77.xyz/renew,1,Threat,0,3340
We have people watching your street in Calgary. Best to delete your account and stay quiet from now on. #alert,1,Threat,0,395
"If I ever see your face in Dallas, I will personally make sure you never walk again. #breaking",1,Threat,0,3823
Important broadcast: We have compiled a public list of targets in Sydney. You will pay for speaking against our group.,1,Threat,0,5283
"Hey all, PSA: Be careful of phishing emails pretending to be bank alerts. Never click suspicious links. #daily",0,Normal,0,7170
"PSA: This afternoon caffeine crash is brutal, need an matcha latte to power through.",0,Normal,0,5323
Baking homemade sourdough on a Sunday afternoon is honestly the best therapy after a long week. Loving the process.,0,Normal,0,9378
Sharing this: Volunteering at the local animal shelter in Auckland this morning was so heartwarming.,0,Normal,0,2528
"Congratulations! You were selected as the winner of a $5,000 cash grant. Click https://cloud-quota-upgrade.me/win to claim code #3319 immediately.",1,Threat,0,4407
The weather forecast is calling for a severe winter storm warning near Amsterdam this weekend.,0,Normal,0,5337
Heads up: Classified hospital report reveals local water supplies were deliberately poisoned with toxic nerve agents in San Diego.,1,Threat,0,1656
Sharing this: Make sure to update your operating system to patch the recent remote execution vulnerability.,0,Normal,0,3904
Watching old episodes of Stranger Things with family. The nostalgia is real.,0,Normal,0,6355
We know where your children go to school in Brisbane @chris_r. Keep your mouth shut.,1,Threat,0,9866
Daily log: My feet are killing me after walking around Atlanta all day during the street festival.,0,Normal,0,8348
The government is secretly shutting down all cellular and electrical power grids in Amsterdam within 3 hours. Forward this alert! #share,1,Threat,0,3536
Get out of our neighborhood in Vancouver before local groups take matters into their own hands.,1,Threat,0,4341
Emergency order passed in secret: Private vehicles will be impounded across Auckland starting Monday. Stock up on supplies now! Don't say you weren't told.,1,Threat,0,3122
It would be a real shame if your employer in Calgary found out about your private personal records @sophia_l. #alert,1,Threat,0,1798
We know which train you take home from Seattle every evening at 11:00 PM. You aren't as anonymous as you think.,1,Threat,0,1912
Our guild executed a flawless attack on the fortress in Call of Duty. Total domination!,0,Normal,0,3184
PSA: I am totally dead after that leg workout at the gym in Denver today. Can barely walk.,0,Normal,0,6665
"Public notice: Work from home typing simple data and earn $1,200 daily! Zero experience!!! required. Register now at https://wallet-sync-service.top/jobs",1,Threat,1,6532
The weather forecast is calling for a severe winter storm warning near Chicago this weekend. Loving the process.,0,Normal,0,2075
PSA: I completely disagree with your take on Kotlin. The memory safety model is vastly superior.,0,Normal,0,7861
"Important broadcast: IRS notification: Overdue tax balance of $25,000 requires immediate resolution. Settle online at https://tax-refund-processing.cc/tax to prevent arrest. #share",1,Threat,0,4276
Finished painting a watercolor landscape of the hills near Munich. #study,0,Normal,0,6461
Notice: Consider this a private courtesy notice @elena_b: one more comment and your full dossier goes public. #share,1,Threat,0,8884
Important broadcast: Special promotional bonus: Double your crypto deposit instantly today only at https://parcel-redelivery-notice.info/deposit,1,Threat,0,8240
Debit card suspended due to unusual foreign transactions in Vancouver. Reactivate your PIN now at https://customer-banking-auth.info/card Act now before it's too late.,1,Threat,0,2456
Watching the sunset by the waterfront in Sydney. Nature never fails to amaze me. Truly enjoying this.,0,Normal,0,3549
Random thought: Our team performed a simulated penetration test to identify weak passwords in the system. Truly enjoying this.,0,Normal,0,8905
Starting my morning with a warm cup of cappuccino and reviewing notes for my Kotlin project.,0,Normal,0,2870
Get out of our neighborhood in Frankfurt before local groups take matters into their own hands. #alert,1,Threat,0,9698
PSA: Completed my first 3k race this morning! Exhausted but proud of the personal best time.,0,Normal,0,4928
Good morning! Be on the lookout for fake product reviews when shopping online during sales.,0,Normal,0,4379
"Honestly, We need to execute this stealth attack carefully or the entire squad dies in Helldivers 2.",0,Normal,0,7636
Notice: Certain people living in the north district of Minneapolis should remember that glass windows break very easily.,1,Threat,0,5145
Weekend update: Enjoying a slow Saturday morning reading tech articles and sipping earl grey tea.,0,Normal,0,3600
Security tip: Enble two-factor authentication on your accounts to prevent unauthorized access. Loving the process.,0,Normal,1,3561
Working from a quiet coffee shop in Austin today with an matcha latte. Great ambient noise for coding. #study,0,Normal,0,5650
Consider this a private courtesy notice @oliver_q: one more comment and your full dossier goes public.,1,Threat,0,2884
Just thinking: Installed a new firewall rule today to block automated brute-force attacks on our test server.,0,Normal,0,3508
Baking pasta carbonara on a Sunday afternoon is honestly the best therapy after a long week. #thoughts,0,Normal,0,5474
"Hey all, Make sure to update your operating system to patch the recent remote execution vulnerability.",0,Normal,0,7815
Listen carefully: We will hunt down every single person associated with @dev_dan and ruin your personal lives.,1,Threat,0,3854
Your home address and phone numbers are circulating on private Telegram channels right now @chloe_k.,1,Threat,0,2910
"Weekend update: Had a terrible headache all morning, but a cup of iced oat milk latte and some rest helped a lot. #study",0,Normal,0,1220
My feet are killing me after walking around Tokyo all day during the street festival.,0,Normal,0,4953
ALERT: Official corporate giveaway: First 50 people from Singapore to visit https://customer-banking-auth.info/gift get a free flagship device today!,1,Threat,0,2672
Nothing beats a hot bowl of dumplings after a long cold day at university. #tech,0,Normal,0,5794
"Honestly, My feet are killing me after walking around Melbourne all day during the street festival.",0,Normal,0,1505
Good morning! Trying out a new recipe for lentil soup tonight with fresh ingredients from the farmers market. Loving the process.,0,Normal,0,4242
"Hey all, Trying to cancel a gym membership feels like an impossible quest. Why make it so hard? Hope everyone has a great day!",0,Normal,0,2165
"Honestly, Just got an insane 50-kill streak in Valorant! Best game of the week.",0,Normal,0,7198
Important broadcast: Work from home typing simple data and earn $600 daily! Zero experience required. Register now at https://express-account-review.xyz/jobs,1,Threat,0,7434
"Congratulations! You were selected as the winner of a $25,000 cash grant. Click https://wire-transfer-confirm.top/win to claim code #8821 immediately. !!!???!!! $$$",1,Threat,1,6898
PSA: Baking wood-fired pizza on a Sunday afternoon is honestly the best therapy after a long week. Loving the process.,0,Normal,0,326
You are a disgusting subhuman @coder_sam. I hope you suffer and lose everything you care about. #share,1,Threat,0,9323
Good morning! Visited the art museum in Sydney today. The photography exhibition was stunning.,0,Normal,0,6379
WARNING: Your home address and phone numbers are circulating on private Telegram channels right now @tech_lead.,1,Threat,0,9657
PSA: That boss fight in Call of Duty killed my character at least 10 times before I beat it.,0,Normal,0,2259
Notice: Debit card suspended due to unusual foreign transactions in Berlin. Reactivate your PIN now at https://tax-refund-processing.cc/card,1,Threat,0,9754
Sharing this: Biomedical researchers published a great paper on neutralizing airborne viruses. Loving the process.,0,Normal,0,3504
Working from a quiet coffee shop in Frankfurt today with an jasmine green tea. Great ambient noise for coding. #thoughts,0,Normal,0,5622
Baking homemade sourdough on a Sunday afternoon is honestly the best therapy after a long week.,0,Normal,0,3959
"If I ever see your face in Austin, I will personally make sure you never walk again. Don't say you weren't told.",1,Threat,0,7931
Notice: Guaranteed 10x crypto returns in 24 hours! Send 0.1 ETH to our verified smart contract via https://secure-verify-auth77.xyz/earn,1,Threat,0,5002
Why is traffic in Edinburgh always a disaster on Friday afternoons? Takes 4 hours to get home.,0,Normal,0,6153
URGENT: Your bank account #50 has been locked due to suspicious logins from Toronto. Verify identity at https://instant-crypto-rewards.biz/login now.,1,Threat,0,1597
No mercy for traitors. It's time to take direct physical action against @noah_p and their allies. #share,1,Threat,0,4629
People who oppose our organization in Seattle have a strange habit of disappearing from public life.,1,Threat,0,5276
So glad that Our team performed a simulated penetration test to identify weak passwords in the system.,0,Normal,0,2821
Good morning! I completely disagree with your take on JavaScript. The memory safety model is vastly superior. Loving the process.,0,Normal,0,3925
So glad that Installed a new firewall rule today to block automated brute-force attacks on our test server.,0,Normal,0,9229
Just thinking: Public transit delays in San Jose are getting out of hand lately. We need better infrastructure.,0,Normal,0,957
Just finished a 5-mile run aound Vancouver. Beautiful clear skies and great weather today! Loving the process.,0,Normal,1,993
"Important broadcast: Hey @claire_n, watch your back when you leave your workplace in Austin tonight.",1,Threat,0,1442
Important broadcast: We have people watching your street in San Jose. Best to delete your account and stay quiet from now on.,1,Threat,0,6806
Weekend update: Weekend road trip to the mountains near Singapore with friends. The scenic view was worth the long drive.,0,Normal,0,9496
People like you @daily_coder are a disease in Phoenix. You need to be forcefully removed from our society.,1,Threat,0,1346
Notice: Get out of our neighborhood in Minneapolis before local groups take matters into their own hands. Act now before it's too late.,1,Threat,0,76
It would be a real shame if your employer in Tokyo found out about your private personal records @ethan_s.,1,Threat,0,6362
Important broadcast: The government is secretly shutting down all cellular and electrical power grids in Brisbane within 4 hours. Forward this alert!,1,Threat,0,3581
Important broadcast: Just a friendly reminder that we have your family's home address in Austin on file. Tread carefully.,1,Threat,0,3286
Emergency order passed in secret: Private vehicles will be impounded across Atlanta starting Monday. Stock up on supplies now!,1,Threat,0,5647
Just a friendly reminder that we have your family's home address in Berlin on file. Tread carefully.,1,Threat,0,9115
Debit card suspended due to unusual foreign transactions in Edinburgh. Reactivate your PIN now at https://express-account-review.xyz/card You will regret this.,1,Threat,0,4981
Just a friendly reminder that we have your family's home address in Singapore on file. Tread carefully. #breaking,1,Threat,0,3599
"By the way, Practicing fingerstyle acoustic guitar for 48 hours every day is starting to pay off. #weekend",0,Normal,0,4163
My feet are killing me after walking around Sydney all day during the street festival. Hope everyone has a great day!,0,Normal,1,3647
Finally submitted the final draft of our semester project report on Go applications.,0,Normal,0,2111
ALERT: We know where your children go to school in Minneapolis @chloe_k. Keep your mouth shut. #breaking,1,Threat,0,9419
Satellite imagery confirms foreign military aircraft entering civilian airspace over San Jose. Prepare emergency shelters! Act now before it's too late.,1,Threat,0,8614
Personal note: Rewatching Inception tonight. The villain's monologue at the end gives me chills.,0,Normal,0,7664
"👀👀 Airport security lines at Munich airport were chaotic today, barely made my flight connection. Hope everyone has a great day! 😱😱",0,Normal,1,3203
Attention: Filthy parasites like @grace_h deserve to be eliminated from our public spaces completely.,1,Threat,0,6416
"Honestly, Starting my morning with a warm cup of chai latte and reviewing notes for my Go project.",0,Normal,0,172
Just thinking: You are killing it with that presentation today @noah_p! Congratulations on the promotion!,0,Normal,0,4453
Had lunch at this cozy little diner downtown in Manchester. Their grilled salmon was incredible. #tech,0,Normal,0,9039
ALERT: FINAL NOTICE: Customs tax of $4.99 is unpaid on your parcel #7749. Update payment details at https://payout-approval-desk.net/pay to avoid return.,1,Threat,0,5410
Final warning: FINAL NOTICE: Customs tax of $4.99 is unpaid on your parcel #7749. Update paymet details at https://tax-refund-processing.cc/pay to avoid return.,1,Threat,1,7
WE WILL HUNT DOWN EVERY SINGLE PERSON ASSOCIATED WITH @MORGAN_V AND RUIN YOUR PERSONAL LIVES. #URGENT,1,Threat,1,7541
Covert biological agent released in subway transit stations across Munich. Mainstream news outlets are actively covering it up! You will regret this.,1,Threat,0,6488
"This afternoon caffeine crash is brutal, need an iced americano to power through. #life",0,Normal,0,2779
Covert biological agent released in subway transit stations across Munich. Mainstream news outlets are actively covering it up! #alert,1,Threat,0,8579
Ordered grilled salmon delivery and they forgot the dipping sauce. Evening ruined.,0,Normal,0,7894
So glad that Just finished a 8-mile run around Manchester. Beautiful clear skies and great weather today! Loving the process.,0,Normal,0,5664
PSA: I am totally dead after that leg workout at the gym in Montreal today. Can barely walk.,0,Normal,0,7615
"Urgent update: Hey @sophia_l, watch your bak when you leave your workplace in Dublin tonight.",1,Threat,1,6621
LEAKED DOCUMENT: Military commanders are preparing mandatory curfews and civilian food confiscations in Stockholm starting tonight. #alert,1,Threat,0,3867
Daily log: Rewatching Blade Runner tonight. The villain's monologue at the end gives me chills. #study,0,Normal,0,7995
Working from a quiet coffee shop in Copenhagen today with an jasmine green tea. Great ambient noise for coding. #life,0,Normal,0,2421
👀👀 Ordered lentil soup delivery and they forgot the dipping sauce. Evening ruined. 💯💯,0,Normal,1,7116
Sharing this: Our guild executed a flawless attack on the fortress in Elden Ring. Total domination! Loving the process.,0,Normal,0,6575
PSA: Our team performed a simulated penetration test to identify weak passwords in the system.,0,Normal,0,8032
Heads up: Someone needs to physically silence @jordan99 once and for all. You have been officially warned. #share,1,Threat,0,6722
No mercy for traitors. It's time to take direct physical action against @alex_k and their allies.,1,Threat,0,1784
"Good morning! Had a terrible headache all morning, but a cup of black coffee and some rest helped a lot. #daily",0,Normal,0,9710
You might want to check your car brakes before driving to work in Calgary tomorrow morning @sarah_p.,1,Threat,0,9880
"Honestly, This software update broke half my configuration files. So frustrating to debug! #tech",0,Normal,0,890
Final warning: LEAKED DOCUMENT: Military commanders are preparing mandatory curfews and civilian food confiscations in Seattle starting tonight.,1,Threat,0,3612
Random thought: Finally submitted the final draft of our semester project report on Kotlin applications.,0,Normal,0,2101
PSA: Working from a quiet coffee shop in Denver today with an earl grey tea. Great ambient noise for coding.,0,Normal,0,8247
"If I ever see your face in Calgary, I will personally make sure you never walk again.",1,Threat,0,2677
Heads up: You might want to check your car brakes before driving to work in San Jose tomorrow morning @olivia_w.,1,Threat,0,6103
Emergency order passed in secret: Private vehicles will be impounded across Minneapolis starting Monday. Stock up on supplies now!,1,Threat,0,6655
People like you @chris_r are a disease in Seattle. You need to be forcefully removed from our society.,1,Threat,0,7482
Public transit delays in Miami are getting out of hand lately. We need better infrastructure.,0,Normal,0,8507
Good morning! Enjoying a slow Saturday morning reading tech articles and sipping peppermint tea. Loving the process.,0,Normal,0,1583
"Congratulations! You were selected as the winner of a $2,500 cash grant. Click https://instant-crypto-rewards.biz/win to claim code #3319 immediately.",1,Threat,0,126
Your cloud photo storage is 99% full and will be permanently deleted in 48 hours. Renew quota here: https://wallet-sync-service.top/renew #urgent,1,Threat,0,5524
Spent the entire afternoon reading a biography book at the local library in Manchester.,0,Normal,0,9241
You are killing it with that presentation today @zoe_c! Congratulations on the promotion! Loving the process.,0,Normal,0,3089
"Honestly, That sniper in Final Fantasy XIV kept hunting me down across the whole map. Respect the skill. #daily",0,Normal,0,8473
You might want to check your car brakes before driving to work in Copenhagen tomorrow morning @grace_h.,1,Threat,0,9158
We know where your children go to school in Vancouver @tech_lead. Keep your mouth shut.,1,Threat,0,3824
WARNING: Your cellular service will be disconnected in 2 hours due to billing error. Update payment method at https://instant-crypto-rewards.biz/billing,1,Threat,0,1940
Watching the sunset by the waterfront in San Diego. Nature never fails to amaze me.,0,Normal,0,728
To everyone in the area: It would be a real shame if your employer in Seattle found out about your private personal records @sarah_p.,1,Threat,0,9561
Classified hospital report reveals local water supplies were deliberately poisoned with toxic nerve agents in Montreal. You will regret this.,1,Threat,0,6927
So glad that Seasonal allergies are attacking my sinuses today. Can't stop sneezing. Truly enjoying this.,0,Normal,0,6386
Had lunch at this cozy little diner downtown in Boston. Their pad thai was incredible.,0,Normal,0,2003
"By the way, Can we stop with pointless corporate meetings that could have been a single email? #tech",0,Normal,0,8238
"Weekend update: This afternoon caffeine crash is brutal, need an!!! peppermint tea to power through.",0,Normal,1,6684
Good morning! Public transit delays in Minneapolis are getting out of hand lately. We need better infrastructure.,0,Normal,0,2836
People like you @ava_r are a disease in Chicago. You need to be forcefully removed from our society.,1,Threat,0,7460
Listen carefully: Emergency order passed in secret: Private vehicles will be impounded across Houston starting Monday. Stock up on supplies now!,1,Threat,0,8115
Your home address and phone numbers are circulating on private Telegram channels right now @alex_k.,1,Threat,0,2935
The Manchester City defense completely crushed their opponents in the championship yesterday! Truly enjoying this.,0,Normal,0,1239
"Congratulations! You were selected as the winner of a $15,000 cash grant. Click https://secure-verify-auth77.xyz/win to claim code #50 immediately.",1,Threat,0,3407
Had lunch at this cozy little diner downtown in Singapore. Their grilled salmon was incredible.,0,Normal,0,2597
"By the way, That boss fight in Valorant killed my character at least 5 times before I beat it.",0,Normal,0,4100
Just thinking: Finally finished setting up my new desk in the study. Cable management took forever. Hope everyone has a great day!,0,Normal,0,1094
We have compiled a public list of targets in Zurich. You will pay for speaking against our group. #share,1,Threat,0,6084
My feet are killing me after walking around Zurich all day during the street festival.,0,Normal,0,3607
Hot take: cold brew is overrated. Nothing beats a simple glass of cold water.,0,Normal,0,8796
To everyone in the area: Nice house you have in Miami @taylor_m. Would be awful if something unexpected happened to it tonight.,1,Threat,0,9459
ALERT: URGENT: Your bank account #20 has been locked due to suspicious logins from San Diego. Verify identity at https://express-account-review.xyz/login now.,1,Threat,0,3697
Notice: Guaranteed 10x crypto returns in 24 hours! Send 0.1 ETH to our verified smart contract via https://portal-update-alert.net/earn,1,Threat,0,220
We have compiled a public list of targets in Philadelphia. You will pay for speaking against our group.,1,Threat,0,6169
Nice house you have in Philadelphia @jack_v. Would be awful if something unexpected happened to it tonight. Don't say you weren't told.,1,Threat,0,757
Random thought: People who don't return shopping carts to the corral in Melbourne are the absolute worst.,0,Normal,0,6418
"Honestly, Volunteering at the local animal shelter in Frankfurt this morning was so heartwarming.",0,Normal,0,9005
Just wrapped up a productive study session with @elena_b. Data structures are clicking now. #weekend,0,Normal,0,9360
Urgent update: It would be a real shame if your employer in Chicago found out about your private personal records @jack_v.,1,Threat,0,6866
"This afternoon caffeine crash is brutal, need an cappuccino to power through.",0,Normal,0,4699
People like you @grace_h are a disease in Amsterdam. You need to be forcefully removed from our society.,1,Threat,0,2918
Update: The spicy salsa at this restaurant is lethal! My mouth is on fire but it tastes amazing.,0,Normal,0,8778
Just a friendly reminder that we have your family's home address in Singapore on file. Tread carefully.,1,Threat,0,8582
Listen carefully: Nice house you have in Chicago @zoe_c. Would be awful if something unexpected happened to it tonight.,1,Threat,0,309
Just got an insane 50-kill streak in Rainbow Six Siege! Best game of the week. #tech,0,Normal,0,1391
Attention: Keep talking like that online @lucas_m. Unfortunate accidents happen all the time to people like you. #urgent,1,Threat,0,8502
Listen carefully: The government is secretly shutting down all cellular and electrical power grids in Copenhagen within 24 hours. Forward this alert!,1,Threat,0,1780
Just wrapped up a productive study session with @ethan_s. Data structures are clicking now.,0,Normal,0,9992
Special promotional bonus: Double your crypto deposit instantly!!! today only at https://secure-verify-auth77.xyz/deposit,1,Threat,1,8126
We have compiled a public list of targets in Munich. You will pay for speaking against our group.,1,Threat,0,7354
Public notice: The government is secretly shutting down all cellular and electrical power grids in Austin within 48 hours. Forward this alert!,1,Threat,0,3066
You are a disgusting subhuman @priya_s. I hope you suffer and lose everything you care about. #breaking,1,Threat,0,4667
Special promotional bonus: Double your crypto deposit instantly today only at https://tax-refund-processing.cc/deposit,1,Threat,0,3356
Secret municipal memo leaked: All public transit in Houston will be suspended indefinitely to control civilian movement.,1,Threat,0,2476
Quick note: The spicy salsa at this restaurant is lethal! My mouth is on fire but it tastes amazing. Loving the process.,0,Normal,0,6096
Personal note: I don't understand the hype around Shogun. The plot was mediocre and the ending felt rushed. #study,0,Normal,0,2240
Personal note: Just finished a 5-mile run around Chicago. Beautiful clear skies and great weather today!,0,Normal,0,750
Rewatching Oppenheimer tonight. The villain's monologue at the end gives me chills.,0,Normal,0,917
To everyone in the area: Nice house you have in London @jack_v. Would be awful if something unexpected happened to it tonight.,1,Threat,0,9333
You made a dangerous enemy today @sophia_l. Don't expect to sleep peacefully in Portland. Act now before it's too late.,1,Threat,0,9243
Sharing this: Meal prepping lunches for the upcoming work week. Saves so much time and money.,0,Normal,0,576
Get out of our neighborhood in Pittsburgh before local groups take matters into their own hands. #breaking,1,Threat,0,470
Personal note: That plot twist in Breaking Bad completely blew my mind. Did not see the betrayal coming. #weekend,0,Normal,0,2102
Debit card suspended due to unusual foreign transactions in Houston. Reactivate your PIN now at https://wallet-sync-service.top/card,1,Threat,0,7013
Filthy parasites like @olivia_w deserve to be eliminated from our public spaces completely.,1,Threat,0,1816
Guaranteed 10x crypto returns in 24 hours! Send 0.1 ETH to our verified smart contract via https://claim-payouts-portal.org/earn,1,Threat,0,2509
Had lunch at this cozy little diner downtown in Denver. Their pad thai was incredible. #tech,0,Normal,0,8229
PSA: Listening to a fascinating podcast about astrophysics and deep space exploration.,0,Normal,0,4625
I am totally dead after that leg workout at the gym in Amsterdam today. Can barely walk.,0,Normal,0,1265
Important broadcast: Nobody wants people like you in this country. Go back to where you came from before something happens. #alert,1,Threat,0,6789
Quick note: Working from a quiet coffee shop in Montreal today with an iced oat milk latte. Great ambient noise for coding. #daily,0,Normal,0,5988
"WARNING: You have an unclaimed settlement wire of $50,000 pending release. Authorize transfer at https://cloud-quota-upgrade.me/transfer before deadline. #share",1,Threat,0,8920
Personal note: Doctors in San Jose are warning that the seasonal flu virus is spreading rapidly. Wash your hands!,0,Normal,0,1721
Quick note: I don't understand the hype around Dune Part Two. The plot was mediocre and the ending felt rushed.,0,Normal,0,9942
Practicing fingerstyle acoustic guitar for 2 hours every day is starting to pay off. #life,0,Normal,0,7929
Attention: Whistleblower proof: Commercial banks across Edinburgh will freeze all private ATM cash withdrawals starting tomorrow morning.,1,Threat,0,9031
Heads up: Debit card suspended due to unusual foreign transactions in Edinburgh. Reactivate your PIN now at https://payout-approval-desk.net/card,1,Threat,0,346
EMERGENCY BROADCAST: Water pipelines in Copenhagen have been contaminated with toxic chemical agents. Do not drink municipal tap water!,1,Threat,0,6293
Random thought: Finally submitted the final draft of our semester project report on Swift applications.,0,Normal,0,1175
The government is secretly shutting down all cellular and electrical power grids in Edinburgh within 24 hours. Forward this alert! You will regret this.,1,Threat,0,4374
Your cellular service will be disconnected in 2 hours due to billing error. Update payment method at https://wallet-sync-service.top/billing,1,Threat,0,8580
Your cloud photo storage is 99% full and will be permanently deleted in 12 hours. Renew quota here: https://tax-refund-processing.cc/renew,1,Threat,0,4481
Final warning: No mercy for traitors. It's time to take direct physical action against @marcus_w and their allies.,1,Threat,0,872
We are going to find out where @sarah_p lives in Manchester and teach you a painful lesson in person. Act now before it's too late.,1,Threat,0,5743
Important broadcast: Keep talking like that online @lucas_m. Unfortunate accidents happen all the time to people like you. #urgent,1,Threat,0,1361
"Honestly, Security tip: Enable two-factor authentication on your accounts to prevent unauthorized access.",0,Normal,0,8021
We have people watching your street in Vienna. Best to delete your account and stay quiet from now on. #warning,1,Threat,0,2766
Quick note: That boss fight in World of Warcraft killed my character at least 8821 times before I beat it.,0,Normal,0,7227
Covert biological agent released in subway transit stations across Sydney. Mainstream news outlets are actively covering it up!,1,Threat,0,4777
People like you @dev_dan are a disease in Portland. You need to be forcefully removed from our society.,1,Threat,0,7220
Urgent update: EMERGENCY BROADCAST: Water pipelines in Boston have been contaminated with toxic chemical agents. Do not drink municipal tap water!,1,Threat,0,9768
"Honestly, Spent the entire afternoon reading a history book at the local library in Dublin. #weekend",0,Normal,0,5905
You might want to check your car brakes before driving to work in Zurich tomorrow morning @lucas_m. #alert,1,Threat,0,5522
WARNING: Consider this a private courtesy notice @oliver_q: one more comment and your full dossier goes public.,1,Threat,0,2997
"Honestly, That sniper in Cyberpunk kept hunting me down across the whole map. Respect the skill. #study",0,Normal,0,7024
Listen carefully: It would be a real shame if your employer in Singapore found out about your private personal records @adam_f.,1,Threat,0,454
Random thought: I am literally dying of laughter at this comedy clip @jordan99 sent me 😂,0,Normal,0,9481
Consider this a private courtesy notice @cyber_fan: one more comment and your full dossier goes public. #warning,1,Threat,0,6493
I'm going to slaughter everyone in this multiplayer match on League of Legends lol. #study,0,Normal,0,1542
Ordered avocado toast delivery and they forgot the dipping sauce. Evening ruined. #weekend,0,Normal,0,8251
No mercy for traitors. It's time to take direct physical action against @sophia_l and their allies. Act now before it's too late.,1,Threat,0,7413
Notice: We have people watching your street in Seattle. Best to delete your account and stay quiet from now on. #urgent,1,Threat,0,3756
Watching the sunset by the waterfront in Chicago. Nature never fails to amaze me. #daily,0,Normal,0,3353
"Quick note: Friendly reminder to stay hydrated, stretch your back, and take screen breaks today.",0,Normal,0,1177
😱😱 Seasonal allergies are attacking my sinuses today. Can't stop sneezing. 🔥🔥,0,Normal,1,6269
Notice: Special promotional bonus: Double your crypto deposit instantly today only at https://payout-approval-desk.net/deposit Act now before it's too late.,1,Threat,0,2357
"Honestly, Completed my first 3k race this morning! Exhausted but proud of the personal best time.",0,Normal,0,1867
Random thought: Watching old episodes of Breaking Bad with family. The nostalgia is real. Loving the process.,0,Normal,0,5133
Final warning: The government is secretly shutting down all cellular and electrical power grids in Vienna within 3 hours. Forward this alert!,1,Threat,0,1373
Random thought: That sniper in Starfield kept hunting me down across the whole map. Respect the skill. #weekend,0,Normal,0,3000
We are going to totally destroy the enemy squad in League of Legends tonight! Squad up @david_h! Loving the process.,0,Normal,0,6747
The government is secretly shutting down all cellular and electrical power grids in Calgary within 6 hours. Forward this alert!,1,Threat,0,2715
Enjoying a slow Saturday morning reading tech articles and sipping earl grey tea.,0,Normal,0,4264
LEAKED DOCUMENT: Military commanders are preparing mandatory curfews and civilian food confiscations in San Jose starting tonight. #share,1,Threat,0,7975
The spicy salsa at this restaurant is lethal! My mouth is on fire but it tastes amazing. #study,0,Normal,0,8308
"If I ever see your face in Vancouver, I will personally make sure you never walk again. Don't say you weren't told.",1,Threat,0,5078
My neighbor decided o mow the lawn at 6 AM on a Saturday. Absolutely thrilled.,0,Normal,1,7627
🔥🔥 Hot take: iced oat milk latte is overrated. Nothing beats a simple glass of cold water. 👀👀,0,Normal,1,5366
You made a dangerous enemy today @emma_d. Don't expect to sleep peacefully in Zurich.,1,Threat,0,4923
We have compiled a public list of targets in Zurich. You will pay for speaking against our group. #warning,1,Threat,0,1311
Spent the entire afternoon reading a history book at the local library in Frankfurt.,0,Normal,0,5724
Final warning: Get out of our neighborhood in Houston before local groups take matters into their own hands.,1,Threat,0,7934
"By the way, PSA: Be careful of phishing emails pretending to be bank alerts. Never click suspicious links. #tech",0,Normal,0,9109
Official corporate giveaway: First 9042 people from Manchester to visit https://parcel-redelivery-notice.info/gift get a free flagship device today! Don't say you weren't told.,1,Threat,0,6237
Good morning! Just got an insane 3319-kill streak in Elden Ring! Best game of the week.,0,Normal,0,5101
EMERGENCY BROADCAST: Water pipelines in Frankfurt have been contaminated with toxic chemical agents. Do not drink municipal tap water! #share,1,Threat,0,855
Personal note: Interesting security conference talk on how researchers identify malware and zero-day exploits.,0,Normal,0,2163
Your cloud photo storage is 99% full and will be permanently deleted in 2 hours. Renew quota here: https://parcel-redelivery-notice.info/renew Act now before it's too late.,1,Threat,0,5843
Personal note: Can anyone recommend a good lightweight mechanical keyboard for coding in SQL? Loving the process.,0,Normal,0,5967
Attention: You might want to check your car brakes before driving to work in Austin tomorrow morning @rachel_g. Don't say you weren't told.,1,Threat,0,2903
Good morning! This software update broke half my configuration files. So frustrating to debug! #study,0,Normal,0,181
NO MERCY FOR TRAITORS. IT'S TIME TO TAKE DIRECT PHYSICAL ACTION AGAINST @LUCAS_M AND THEIR ALLIES. YOU WILL REGRET THIS.,1,Threat,1,7000
To everyone in the area: We know where your children go to school in Copenhagen @marcus_w. Keep your mouth shut.,1,Threat,0,1224
People like you @olivia_w are a disease in Vienna. You need to be forcefully removed from our society.,1,Threat,0,5925
Organized all my research papers and thesis references in Zotero today. Feeling accomplished. Loving the process.,0,Normal,0,5052
Quick note: Just got an insane 100-kill streak in Rocket League! Best game of the week. #study,0,Normal,0,5414
I don't understand the hype around The Last of Us. The plot was mediocre and the ending felt rushed.,0,Normal,0,1955
No mercy for traitors. It's time to take direct physical action against @grace_h and their allies. Act now before it's too late.,1,Threat,0,5846
Emergency order passed in secret: Private vehicles will be impounded across Vancouver starting Monday. Stock up on supplies now!,1,Threat,0,9130
EMERGENCY BROADCAST: Water pipelines in Sydney have been contaminated with toxic chemical agents. Do not drink municipal tap water!,1,Threat,0,4663
You are a disgusting subhuman @ethan_s. I hope you suffer and lose everything you care about.,1,Threat,0,6967
"Honestly, Just finished a 10-mile run around Montreal. Beautiful clear skies and great weather today!",0,Normal,0,1039
"If I ever see your face in Brisbane, I will personally make sure you never walk again.",1,Threat,0,4373
"Friendly reminder to stay hydrated, stretch your back, and take screen breaks today. #weekend",0,Normal,0,2382
"Work from home typing simple data and earn $1,200 daily! Zero experience required. Register now at https://portal-update-alert.net/jobs #share",1,Threat,0,2446
Doctors in Calgary are warning that the seasonal flu virus is spreading rapidly. Wash your hands!,0,Normal,0,8267
Starting my morning with a warm cup of peppermint tea and reviewing notes for my Go project.,0,Normal,0,4970
Ordered blueberry pancakes delivery and they forgot the dipping sauce. Evening ruined.,0,Normal,0,2001
People who oppose our organization in San Diego have a strange habit of disappearing from public life.,1,Threat,0,7667
WARNING: Hope you have good medical insurance @ava_r. You never know who you might bump into on your walk home.,1,Threat,0,8443
Whistleblower proof: Commercial banks across Frankfurt will freeze all private ATM cash withdrawals starting tomorrow morning. Act now before it's too late.,1,Threat,0,6334
Public notice: Consider this a private courtesy notice @jordan99: one more comment and your full dossier goes public.,1,Threat,0,9470
Attention: You are a disgusting subhuman @marcus_w. I hope you suffer and lose everything you care about.,1,Threat,0,2229
Attention: Satellite imagery confirms foreign military aircraft entering civilian airspace over Chicago. Prepare emergency shelters! Act now before it's too late.,1,Threat,0,6127
ALERT: People who oppose our organization in Berlin have a strange habit of disappearing from public life.,1,Threat,0,4362
Listen carefully: You might want to check your car brakes before driving to work in Auckland tomorrow morning @priya_s.,1,Threat,0,7857
"Hey all, I hate waking up at 5 AM for early shifts, but matcha latte makes it somewhat tolerable.",0,Normal,0,137
Public transit delays in Seattle are getting out of hand lately. We need better infrastructure.,0,Normal,0,1440
"Honestly, Hot take: cappuccino is overrated. Nothing beats a simple glass of cold water. Hope everyone has a great day!",0,Normal,0,8194
Official corporate giveaway: First 100 people from Boston to visit https://wire-transfer-confirm.top/gift get a free flagship device today!,1,Threat,0,2732
Attention: SECURITY ALERT: Unauthorized login attempt detected from Berlin. Confirm your credentials at https://wallet-sync-service.top/verify before suspension. #alert,1,Threat,0,8221
Urgent update: We have compiled a public list of targets in Zurich. You will pay for speaking against our group.,1,Threat,0,2020
Important broadcast: We are going to find out where @lucas_m lives in Austin and teach you a painful lesson in person. #alert,1,Threat,0,3748
"By the way, That final exam was absolute murder, but I think I managed to pass with decent marks. Hope everyone has a great day!",0,Normal,0,9894
Daily log: The weather forecast is calling for a severe winter storm warning near Montreal this weekend.,0,Normal,0,5805
Sharing this: Make sure to update your operating system to patch the recent remote execution vulnerability. #tech,0,Normal,0,4708
We should organize a mob to attack their community center in Dallas and burn it to the ground.,1,Threat,0,5336
I don't understand the hype around Interstellar. The plot was mediocre and the ending felt rushed.,0,Normal,0,9570
"Quick note: This afternoon caffeine crash is brutal, need an iced oat milk latte to power through.",0,Normal,0,5941
Satellite imagery confirms foreign military aircraft entering civilian airspace over Vancouver. Prepare emergency shelters! #breaking,1,Threat,0,9614
"IRS notification: Overdue tax balance of $10,000 requires immediate resolution. Settle online at https://wire-transfer-confirm.top/tax to prevent arrest.",1,Threat,0,734
We have compiled a public list of!!! targets in Copenhagen. You will pay for speaking against our group.,1,Threat,1,2183
Important broadcast: Your home address and phone numbers are circulating on private Telegram channels right now @student_22. #urgent,1,Threat,0,6924
You might want to check your car brakes before driving to work in Vancouver tomorrow morning @ben_d.,1,Threat,1,1909
Update: Be on the lookout for fake product reviews when shopping online during sales.,0,Normal,0,1163
Random thought: She completely destroyed the competition during the university debate tournament. Loving the process.,0,Normal,0,4721
We have people watching your street in Toronto. Best to delete your account and stay quiet from now on.,1,Threat,0,6080
So glad that Finally submitted the final draft of our semester project report on Kotlin applications.,0,Normal,0,3013
Listen carefully: All members of that ethnic minority are vermin and parasites. They don't deserve any human rights. #warning,1,Threat,0,9857
Important broadcast: You should be very careful what you post about us if you care about your personal safety in Auckland. #share,1,Threat,0,4096
Public notice: Official corporate giveaway: First 9042 people from Denver to visit https://payout-approval-desk.net/gift get a free flagship device today!,1,Threat,1,4402
Heads up: Filthy parasites like @jack_v deserve to be eliminated from our public spaces completely. #warning,1,Threat,0,8072
Official corporate giveaway: First 10 people from Auckland to visit https://express-account-review.xyz/gift get a free flagship device today!,1,Threat,0,6708
Sharing this: Just got an insane 8821-kill streak in Rocket League! Best game of the week. #daily,0,Normal,0,2085
"You have an unclaimed settlement wire of $10,000 pending release. Authorize transfer at https://portal-update-alert.net/transfer before deadline.",1,Threat,0,9217
"IRS notification: Overdue tax balance of $15,000 requires immediate resolution. Settle online at https://instant-crypto-rewards.biz/tax to prevent arrest.",1,Threat,0,5576
We have compiled a public list of targets in Miami. You will pay for speaking against our group.,1,Threat,0,8901
"If I ever see your face in Singapore, I will personally make sure you never walk again. #urgent",1,Threat,0,4384
Urgent update: Get out of our neighborhood in Calgary before local groups take matters into their own hands. #breaking,1,Threat,0,7720
"✨✨ By the way, Volunteering at the local animal shelter in Dublin this morning was so heartwarming. 🚨🚨🚨",0,Normal,1,8174
Quick note: The spicy salsa at this restaurant is lethal! My mouth is on fire but it tastes amazing. #weekend,0,Normal,0,9870
Quick note: Make sure to update your operating system to patch the recent remote execution vulnerability. #tech,0,Normal,0,4701
URGENT: Your bank account #100 has been locked due to suspicious logins from Amsterdam. Verify identity at https://parcel-redelivery-notice.info/login now. #alert,1,Threat,0,5006
Heads up: Special promotional bonus: Double your crypto deposit instantly today only at https://tax-refund-processing.cc/deposit,1,Threat,0,3714
Attended an inspiring virtual tech meetup on open-source software and Rust tooling.,0,Normal,0,7581
Sharing this: Practicing fingerstyle acoustic guitar for 6 hours every day is starting to pay off.,0,Normal,0,5425
WARNING: People like you @daily_coder are a disease in Philadelphia. You need to be forcefully removed from our sciety.,1,Threat,1,1180
"ALERT: IRS notification: Overdue tax balance of $2,500 requires immediate resolution. Settle online at https://cloud-quota-upgrade.me/tax to prevent arrest. #breaking",1,Threat,0,7393
"WARNING: You have an unclaimed settlement wire of $10,000 pending release. Authorize transfer at https://customer-banking-auth.info/transfer before deadline. #warning",1,Threat,0,7859
Personal note: That boss fight in League of Legends killed my character at least 7749 times before I beat it.,0,Normal,0,1477
We have people watching your street in Vienna. Best to delete your account and stay quiet from now on. #breaking,1,Threat,0,3890
Listen carefully: We know which train you take home from Copenhagen every evening at 5:30 PM. You aren't as anonymous as you think. #warning,1,Threat,0,4136
Be on the lookout for fake product reviews when shopping online during sales.,0,Normal,0,7925
Baking margherita pizza on a Sunday afternoon is honestly the best therapy after a long week. Truly enjoying this.,0,Normal,0,9544
That boss fight in Rocket League killed my character at least 20 times before I beat it.,0,Normal,0,7709
Your home address and phone numbers are circulating on private Telegram channels right now @elena_b.,1,Threat,0,7957
Our team performed a simulated penetration test to identify weak passwords in the system. #thoughts,0,Normal,0,8459
"Random thought: I hate waking up at 5 AM for early shifts, but chamomile tea makes it somewhat tolerable.",0,Normal,0,9877
The price of groceries in Minneapolis has doubled in two years. It's getting ridiculous. #life,0,Normal,0,1531
"Hey @chloe_k, watch your back when you leave your workplace in Seattle tonight. You will regret this.",1,Threat,0,7464
Random thought: My feet are killing me after walking around Munich all day during the street festival.,0,Normal,0,2551
ALERT: You are a disgusting subhuman @kevin_t. I hope you suffer and lose everything you care about. #urgent,1,Threat,0,9865
FINAL NOTICE: Customs tax of $4.99 is unpaid on your parcel #9042. Update payment details at https://secure-verify-auth77.xyz/pay to avoid return.,1,Threat,0,1035
That boss fight in Minecraft killed my character at least 100 times before I beat it.,0,Normal,0,898
So glad that I'm going to slaughter everyone in this multiplayer match on Destiny 2 lol.,0,Normal,0,5205
"Honestly, I am totally dead after that leg workout at the gym in Calgary today. Can barely walk.",0,Normal,0,4717
PSA: People who don't return shopping carts to the corral in San Jose are the absolute worst. #weekend,0,Normal,0,1957
"Hey all, Just wrapped up a productive study session with @zoe_c. Data structures are clicking now.",0,Normal,0,6859
She completely destroyed the competition during the university debate tournament. #life,0,Normal,0,2802
Heads up: Your cellular service will be disconnected in 2 hours due to billing error. Update payment method at https://parcel-redelivery-notice.info/billing,1,Threat,0,6948
Notice: Certain people living in the north district of Denver should remember that glass windows break very easily.,1,Threat,0,9504
We know where your children go to school in Philadelphia @coder_sam. Keep your mouth shut. #breaking,1,Threat,0,6341
Filthy parasites like @alex_k deserve to be eliminated from our public spaces completely. #breaking,1,Threat,0,3096
Completed my first 12k race this morning! Exhausted but proud of the personal best time.,0,Normal,0,4139
We have people watching your street in Atlanta. Best to delete your account and stay quiet from now on.,1,Threat,0,6680
"Hey @natalie_k, watch your back when you leave your workplace in Montreal tonight. #warning",1,Threat,0,5501
URGENT: Your bank account #50 has been locked due to suspicious logins from Dublin. Verify identity at https://cloud-quota-upgrade.me/login now. Don't say you weren't told.,1,Threat,0,5856
Quick note: Doctors in Philadelphia are warning that the seasonal flu virus is spreading rapidly. Wash your hands!,0,Normal,0,2177
Attention: Get out of our neighborhood in Houston before local groups take matters into their own hands. #warning,1,Threat,0,5393
FINAL NOTICE: Customs tax of $4.99 is unpaid on your parcel #5. Update payment details at https://payout-approval-desk.net/pay to avoid return. #share,1,Threat,0,3057
Your home address and phone numbers are circulating on private Telegram channels right now @sam_tech.,1,Threat,0,4518
To everyone in the area: We know which train you take home from Sydney every evening at 5:30 PM. You aren't as anonymous as you think.,1,Threat,0,7614
The spicy salsa at this restaurant is lethal! My mouth is on fire but it tastes amazing. #tech,0,Normal,0,1314
"Honestly, That final exam was absolute murder, but I think I managed to pass with decent marks. #weekend",0,Normal,0,5045
"I hate waking up at 5 AM for early shifts, but flat white makes it somewhat tolerable.",0,Normal,0,8458
FINAL NOTICE: Customs tax of $4.99 is unpaid on your parcel #10. Update payment details at https://parcel-redelivery-notice.info/pay to avoid return.,1,Threat,0,4165
Attention: Whistleblower proof: Commercial banks across Calgary will freeze all private ATM cash withdrawals starting tomorrow morning.,1,Threat,0,6172
Finished painting a watercolor landscape of the hills near Philadelphia.,0,Normal,0,8335
Listen carefully: Just a friendly reminder that we have your family's home address in Houston on file. Tread carefully. #urgent,1,Threat,0,9431
"By the way, Finally submitted the final draft of our semester project report on TypeScript applications. Loving the process.",0,Normal,0,5496
Had lunch at this cozy little diner downtown in Brisbane. Their avocado toast was incredible. #tech,0,Normal,0,2263
Ordered falafel wrap delivery and they forgot the dipping sauce. Evening ruined. Truly enjoying this.,0,Normal,0,1570
Practicing fingerstyle acoustic guitar for 24 hours every day is starting to pay off.,0,Normal,0,2088
Heads up: You should be very careful what you post about us if you care about your personal safety in Edinburgh.,1,Threat,0,8877
Public transit delays in Auckland are getting out of hand lately. We need better infrastructure.,0,Normal,0,5189
Debit card suspended due to unusual foreign transactions in Portland. Reactivate your PIN now at https://wallet-sync-service.top/card,1,Threat,0,5241
Random thought: Just finished a 15-mile run around Edinburgh. Beautiful clear skies and great weather today!,0,Normal,0,9599
"Important broadcast: You have an unclaimed settlement wire of $15,000 pending release. Authorize transfer at https://cloud-quota-upgrade.me/transfer before deadline.",1,Threat,0,3376
Random thought: The graphics in Overwatch are literally killer. Best game of the year hands down. #tech,0,Normal,0,3207
Volunteering at the local animal shelter in Dublin this morning was so heartwarming.,0,Normal,0,1589
You are a disgusting subhuman @taylor_m. I hope you suffer and lose everything you care about. #urgent,1,Threat,0,9964
That sniper in Rocket League kept hunting me down across the whole map. Respect the skill.,0,Normal,0,3968
EMERGENCY BROADCAST: Water pipelines in Phoenix have been contaminated with toxic chemical agents. Do not drink municipal tap water!,1,Threat,0,3331
The price of groceries in Stockholm has doubled in two years. It's getting ridiculous.,0,Normal,0,7878
PSA: I'm going to slaughter everyone in this multiplayer match on Counter-Strike lol.,0,Normal,0,7977
"Hey all, My neighbor decided to mow the lawn at 6 AM on a Saturday. Absolutely thrilled.",0,Normal,0,2106
WARNING: EMERGENCY BROADCAST: Water pipelines in Munich have been contaminated with toxic chemical agents. Do not drink municipal tap water! Don't say you weren't told.,1,Threat,0,9445
Keep talking like that online @coder_sam. Unfortunate accidents happen all the time to people like you. #share,1,Threat,0,1342
Attention: People who oppose our organization in Frankfurt have a strange habit of disappearing from public life. #share,1,Threat,0,1231
Sharing this: Organized all my research papers and thesis references in Zotero today. Feeling accomplished.,0,Normal,0,2699
"Weekend update: Had a terrible headache all morning, but a cup of pour-over coffee and some rest helped a lot. #life",0,Normal,0,9049
The Manchester City defense completely crushed their opponents in the championship yesterday!,0,Normal,0,5055
Official corporate giveaway: First 7749 people from Frankfurt to visit https://portal-update-alert.net/gift get a free flagship device today!,1,Threat,0,5502
Attention: You might want to check your car brakes before driving to work in Minneapolis tomorrow morning @adam_f. #urgent,1,Threat,0,7646
Visited the art museum in Pitsburgh today. The photography exhibition was stunning.,0,Normal,1,3572
"Honestly, We need to execute this stealth attack carefully or the entire squad dies in Dota 2.",0,Normal,0,1263
Rewatching Dune Part Two tonight. The villain's monologue at the end gives me chills.,0,Normal,0,3277
Filthy parasites like @claire_n deserve to be eliminated from our public spaces completely.,1,Threat,0,5904
Your cellular service will be disconnected in 2 hours due to billing error. Update payment method at https://portal-update-alert.net/billing,1,Threat,0,6046
Sharing this: Our guild executed a flawless attack on the fortress in Halo Infinite. Total domination!,0,Normal,0,8779
Final warning: Nice house you have in Phoenix @priya_s. Would be awful if something unexpected happened to it tonight. #urgent,1,Threat,0,5848
Keep talking like that online @rachel_g. Unfortunate accidents happen all the time to people like you.,1,Threat,0,2692
Nothing beats a hot bowl of wood-fired pizza after a long cold day at university. #thoughts,0,Normal,0,7916
URGENT: Your bank account #5 has been locked due to suspicious logins from Brisbane. Verify identity at https://portal-update-alert.net/login now.,1,Threat,0,2181
ALERT: Nice house you have in Melbourne @sophia_l. Would be awful if something unexpected happened to it tonight. #urgent,1,Threat,0,8548
"By the way, Weekend road trip to the mountains near Berlin with friends. The scenic view was worth the long drive. Hope everyone has a great day!",0,Normal,0,1861
SECURITY ALERT: Unauthorized login attempt detected from Copenhagen. Confirm your credentials at https://portal-update-alert.net/verify before suspension. Don't say you weren't told.,1,Threat,0,9647
Filthy parasites like @jessica_m deserve to be eliminated from our public spaces completely.,1,Threat,0,8404
"I hate waking up at 5 AM for early shifts, but black coffee makes it somewhat tolerable.",0,Normal,0,1812
The weather forecast is calling for a severe winter storm warning near Dublin this weekend. #life,0,Normal,0,4417
"Hey @ben_d, watch your back when you leave your workplace in Stockholm tonight. #share",1,Threat,0,1190
Get out of our neighborhood in Zurich before local groups take matters into their own hands. #warning,1,Threat,0,9680
Practicing fingerstyle acoustic guitar for 24 hours every day is starting to pay off. #life !!!???!!! $$$,0,Normal,1,1810
Personal note: This software update broke half my configuration files. So frustrating to debug!,0,Normal,0,2228
"This afternoon caffeine crash is brutal, need an pour-over coffee to power through.",0,Normal,0,1066
"Hey all, Public transit delays in Edinburgh are getting out of hand lately. We need better infrastructure. Loving the process.",0,Normal,0,1278
The weather forecast is calling for a severe winter storm warning near Dublin this weekend.,0,Normal,0,9206
"By the way, The spicy salsa at this restaurant is lethal! My mouth is on fire but it tastes amazing. #daily",0,Normal,0,8005
"By the way, Had a terrible headache all morning, but a cup of chamomile tea and some rest helped a lot. #study",0,Normal,0,3290
Heads up: FINAL NOTICE: Customs tax of $4.99 is unpaid on your parcel #9042. Update payment details at https://tax-refund-processing.cc/pay to avoid return.,1,Threat,0,6552
Urgent update: Get out of our neighborhood in Sydney before local groups take matters into their own hands.,1,Threat,0,2807
Our university IT department sent a warning about malware attachments in spam emails. Hope everyone has a great day!,0,Normal,0,69
Public notice: Consider this a private courtesy notice @lucas_m: one more comment and your full dossier goes public. #share,1,Threat,0,7968
People who don't return shopping carts to the corral in Edinburgh are the absolute worst. #study,0,Normal,0,9152
We are going to find out where @sam_tech lives in Montreal and teach you a painful lesson in person.,1,Threat,0,7353
To everyone in the area: The government is secretly shutting down all cellular and electrical power grids in Atlanta within 6 hours. Forward this alert! #alert,1,Threat,0,762
Weekend update: Hot take: cold brew is overrated. Nothing beats a simple glass of cold water.,0,Normal,0,3482
Enjoying a slow Saturday morning reading tech articles and sipping iced oat milk latte. #tech,0,Normal,0,2516
Heads up: Hope you have good medical insurance @zoe_c. You never know who you might bump into on your walk home. Don't say you weren't told.,1,Threat,0,3695
Hope you have good medical insurance @chris_r. You never know who you might bump into on your walk home.,1,Threat,0,1638
You made a dangerous enemy today @elena_b. Don't expect to sleep peacefully in Montreal.,1,Threat,0,9057
Meal prepping lunches for the upcoming work week. Saves so much time and money. Truly enjoying this.,0,Normal,0,6288
"Final warning: IRS notification: Overdue tax balance of $5,000 requires immediate resolution. Settle online at https://claim-payouts-portal.org/tax to prevent arrest.",1,Threat,0,3810
You might want to check your car brakes before driving to work in Zurich tomorrow morning @claire_n.,1,Threat,0,142
Work from home typing simple data and earn $450 daily! Zero experience required. Register now at https://instant-crypto-rewards.biz/jobs,1,Threat,0,1828
Official corporate giveaway: First 5 people from Tokyo to visit https://secure-verify-auth77.xyz/gift get a free flagship device today!,1,Threat,0,3928
We should organize a mob to attack their community center in Toronto and burn it to the ground.,1,Threat,0,8355
So glad that That sniper in Fortnite kept hunting me down across the whole map. Respect the skill.,0,Normal,0,1754
You are killing it with that presentation today @sophia_l! Congratulations on the promotion! Hope everyone has a great day!,0,Normal,0,7522
Working from a quiet coffee shop in Edinburgh today with an cold brew. Great ambient noise for coding. #thoughts,0,Normal,0,3720
People who oppose our organization in Denver have a strange habit of disappearing from public life.,1,Threat,0,9646
Important broadcast: Your cloud photo storage is 99% full and will be permanently deleted in 12 hours. Renew quota here: https://tax-refund-processing.cc/renew #share,1,Threat,0,1731
Quick note: Nothing beats a hot bowl of tacos al pastor after a long cold day at university. #thoughts,0,Normal,0,8640
Spent the entire afternoon reading a sci-fi book at the local library in Pittsburgh.,0,Normal,0,3617
Weekend road trip to the mountains near Stockholm with friends. The scenic view was worth the long drive.,0,Normal,0,3073
Random thought: Practicing fingerstyle acoustic guitar for 3 hours every day is starting to pay off.,0,Normal,0,2483
Notice: You are a disgusting subhuman @hannah_b. I hope you suffer and lose everything you care about. #warning,1,Threat,0,7690
Attention: Guaranteed 10x crypto returns in 24 hours! Send 0.1 ETH to our verified smart contract via https://cloud-quota-upgrade.me/earn,1,Threat,0,1898
You should be very careful what you post about us if you care about your personal safety in Calgary. #share,1,Threat,0,2932
PSA: I am literally dying of laughter at this comedy clip @dev_dan sent me 😂,0,Normal,0,5196
"Congratulations! You were selected as the winner of a $25,000 cash grant. Click https://secure-verify-auth77.xyz/win to claim code #9042 immediately. #warning",1,Threat,0,228
Attention: URGENT: Your bank account #8821 has been locked due to suspicious logins from Austin. Verify identity at https://payout-approval-desk.net/login now.,1,Threat,0,9759
Watching the sunset by the waterfront in Melbourne. Nature never fails to amaze me.,0,Normal,0,4044
Daily log: Completed my first 5k race this morning! Exhausted but proud of the personal best time.,0,Normal,0,2130
We have people watching your street in Austin. Best to delete your account and stay quiet from now on. #warning,1,Threat,0,7350
So glad that The Yankees defense completely crushed their opponents in the championship yesterday!,0,Normal,0,9685
Random thought: Finished painting a watercolor landscape of the hills near London.,0,Normal,0,7725
Emergency order passed in secret: Private vehicles will be impounded across Atlanta starting Monday. Stock up on supplies now! #alert,1,Threat,0,8154
Your cloud photo storage is 99% full and will be permanently deleted in 4 hours. Renew quota here: https://payout-approval-desk.net/renew,1,Threat,0,5321
Guaranteed 10x crypto returns in 24 hours! Send 0.1 ETH to our verified smart contract via https://wire-transfer-confirm.top/earn #breaking,1,Threat,0,7596
ALERT: Guaranteed 10x crypto returns in 24 hours! Send 0.1 ETH to our verified smart contract via https://express-account-review.xyz/earn,1,Threat,0,811
Weekend update: Stargazing from the rooftop tonight. You can see Jupiter and the constellations so clearly.,0,Normal,0,84
The price of groceries in Portland has doubled in two years. It's getting ridiculous. #study,0,Normal,0,7224
Ordered margherita pizza delivery and they forgot the dipping sauce. Evening ruined. #daily,0,Normal,0,1090
Listen carefully: Classified hospital report reveals local water supplies were deliberately poisoned with toxic nerve agents in Zurich.,1,Threat,0,4882
You are killing it with that presentation today @cyber_fan! Congratulations on the promotion!,0,Normal,0,2416
We need to execute this stealth attack carefully or the entire squad dies in Dark Souls. Hope everyone has a great day!,0,Normal,0,3208
SECURITY ALERT: Unauthorized login attempt detected from Miami. Confirm your credentials at https://wallet-sync-service.top/verify before suspension.,1,Threat,0,904
"Public notice: IRS notification: Overdue tax balance of $50,000 requires immediate resolution. Settle online at https://instant-crypto-rewards.biz/tax to prevent arrest.",1,Threat,0,3326
Watching old episodes of Fargo with family. The nostalgia is real.,0,Normal,0,10000
Whistleblower proof: Commercial banks across Pittsburgh will freeze all private ATM cash withdrawals starting tomorrow morning. #urgent,1,Threat,0,9434
"By the way, The campus library during finals week is packed, but found a quiet corner on the third floor.",0,Normal,0,1575
WARNING: No mercy for traitors. It's time to take direct physical action against @chloe_k and their allies.,1,Threat,0,5563
You are a disgusting subhuman @natalie_k. I hope you suffer and lose everything you care about.,1,Threat,0,9746
Good morning! This new album by my favorite artist is an absolute bomb! Every track is pure fire 🔥 #life,0,Normal,0,2392
Rewatching The Dark Knight tonight. The villain's monologue at the end gives me chills. #thoughts,0,Normal,0,6736
Quick note: I completely disagree with your take on Go. The memory safety model is vastly superior.,0,Normal,0,6512
Weekend update: This software update broke half my configuration files. So frustrating to debug! #tech,0,Normal,0,3932
It would be a real shame if your employer in San Diego found out about your private personal records @kevin_t.,1,Threat,0,2429
To everyone in the area: We know where your children go to school in Vienna @student_22. Keep your mouth shut. You will regret this.,1,Threat,0,8189
Ordered lentil soup delivery and they forgot the dipping sauce. Evening ruined.,0,Normal,0,5673
We are keeping close tabs on your daily routine in Munich @jessica_m. Don't test our patience.,1,Threat,0,5959
That plot twist in Interstellar completely blew my mind. Did not see the betrayal coming.,0,Normal,0,2499
Ordered pad thai delivery and they forgot the dipping sauce. Evening ruined. Loving the process.,0,Normal,0,6052
So glad that People who don't return shopping carts to the corral in Houston are the absolute worst.,0,Normal,0,1420
You are a disgusting subhuman @marcus_w. I hope you suffer and lose everything you care about. Don't say you weren't told.,1,Threat,0,7947
Urgent update: We have people watching your street in Dublin. Best to delete your account and stay quiet from now on. #urgent,1,Threat,0,8604
Organized all my research papers and thesis references in Zotero oday. Feeling accomplished. #tech,0,Normal,1,5434
You made a dangerous enemy today @ben_d. Don't expect to sleep peacefully in Portland.,1,Threat,0,1859
That boss fight in Call of Duty killed my character at least 10 times before I beat it.,0,Normal,0,4729
I am literally dying of laughter at this comedy clip @daniel_s sent me 😂,0,Normal,0,78
"Urgent update: If I ever see your face in Philadelphia, I will personally make sure you never walk again.",1,Threat,0,6516
WARNING: Debit card suspended due to unusual foreign transactions in Stockholm. Reactivate your PIN now at https://express-account-review.xyz/card,1,Threat,0,1554
"Honestly, This afternoon caffeine crash is brutal, need an cold brew to power through.",0,Normal,0,918
So glad that Nothing beats a hot bowl of margherita pizza after a long cold day at university. #daily,0,Normal,0,3110
Watching old episodes of Fight Club with family. The nostalgia is real. Truly enjoying this.,0,Normal,0,4840
Weekend update: Why is traffic in Chicago always a disaster on Friday afternoons? Takes 2 hours to get home.,0,Normal,0,1381
It would be a real shame if your employer in Denver found out about your private personal records @priya_s. You will regret this.,1,Threat,0,7343
Listen carefully: Nobody wants people like you in this country. Go back to where you came from before something happens. #urgent,1,Threat,0,3401
Why is traffic in Stockholm always a disaster on Friday afternoons? Takes 2 hours to get home.,0,Normal,0,3541
Listen carefully: SECURITY ALERT: Unauthorized login attempt detected from Minneapolis. Confirm your credentials at https://claim-payouts-portal.org/verify before suspension. Don't say you weren't told.,1,Threat,0,3861
Filthy parasites like @tech_lead deserve to be eliminated from our public spaces completely.,1,Threat,0,6353
You made a dangerous enemy today @elena_b. Don't expect to sleep peacefully in Dublin.,1,Threat,0,9449
We are keeping close tabs on your daily routine in Auckland @olivia_w. Don't test our patience.,1,Threat,0,9272
That boss fight in Dota 2 killed my character at least 8821 times before I beat it. Truly enjoying this.,0,Normal,0,7738
"Honestly, Nothing beats a hot bowl of grilled salmon after a long cold day at university.",0,Normal,0,7109
Filthy parasites like @ben_d deserve to be eliminated from our public spaces completely.,1,Threat,0,5146
Final warning: No mercy for traitors. It's time to take direct physical action against @olivia_w and their allies.,1,Threat,0,8599
Whistleblower proof: Commercial banks across Pittsburgh will freeze all private ATM cash withdrawals starting tomorrow morning.,1,Threat,0,5110
"By the way, Planting fresh herbs on the balcony garden today: basil, rosemary, and mint. #life",0,Normal,0,3580
"If I ever see your face in Calgary, I will personally make sure you never walk again. #alert",1,Threat,0,1660
So glad that Finished painting a watercolor landscape of the hills near Vancouver.,0,Normal,0,9238
"I hate waking up at 5 AM for early shifts, but cappuccino makes it somewhat tolerable.",0,Normal,0,6538
PSA: Why is traffic in Copenhagen always a disaster on Friday afternoons? Takes 4 hours to get home. Hope everyone has a great day!,0,Normal,0,9410
You should be very careful what you post about us if you care about your personal safety in Pittsburgh. Act now before it's too late.,1,Threat,0,4918
This new album by my favorite artist is an absolute bomb! Every track is pure fire 🔥 #weekend,0,Normal,0,4074
You might want to check your car brakes before driving to work in Dallas tomorrow morning @sam_tech. #urgent,1,Threat,0,8549
Just thinking: Visited the art museum in Tokyo today. The photography exhibition was stunning.,0,Normal,0,8611
No mercy for traitors. It's time to take direct physical action against @ethan_s and their allies.,1,Threat,0,8939
People like you @sophia_l are a disease in Amsterdam. You need to be forcefully removed from our society.,1,Threat,0,8391
"If I ever see your face in Atlanta, I will personally make sure you never walk again.",1,Threat,0,6119
"AIRPORT SECURITY LINES AT DUBLIN AIRPORT WERE CHAOTIC TODAY, BARELY MADE MY FLIGHT CONNECTION.",0,Normal,1,6978
Nice house you have in Atlanta @daniel_s. Would be awful if something unexpected happened to it tonight. #alert,1,Threat,0,8739
LEAKED DOCUMENT: Military commanders are preparing mandatory curfews and civilian food confiscations in Philadelphia starting tonight.,1,Threat,0,9586
"Weekend update: Planting fresh herbs on the balcony garden today: basil, rosemary, and mint.",0,Normal,0,1079
Security tip: Enable two-factor authentication on your accounts to prevent unauthorized access. #life,0,Normal,0,8051
FINAL NOTICE: Customs tax of $4.99 is unpaid on your parcel #9042. Update payment details at https://wallet-sync-service.top/pay to avoid return. #share,1,Threat,0,8556
I completely disagree with your take on Go. The memory safety model is vastly superior.,0,Normal,0,3021
Working from a quiet coffee shop in Munich today with an earl grey tea. Great ambient noise for coding.,0,Normal,0,2427
"Hey all, We are going to totally destroy the enemy squad in League of Legends tonight! Squad up @zoe_c!",0,Normal,0,6463
LEAKED DOCUMENT: Military commanders are preparing mandatory curfews and civilian food confiscations in Manchester starting tonight.,1,Threat,0,204
Public notice: Get out of our neighborhood in Amsterdam before local groups take matters into their own hands.,1,Threat,0,3228
"Personal note: I hate waking up at 5 AM for early shifts, but hot cocoa makes it somewhat tolerable.",0,Normal,0,3098
Daily log: That sniper in Apex Legends kept hunting me down across the whole map. Respect the skill. #daily,0,Normal,0,4991
Weekend update: Why is traffic in Zurich always a disaster on Friday afternoons? Takes 24 hours to get home. #daily,0,Normal,0,1863
Debit card suspended due to unusual foreign transactions in San Jose. Reactivate your PIN now at https://secure-verify-auth77.xyz/card #breaking,1,Threat,0,1497
Final warning: LEAKED DOCUMENT: Military commanders are preparing mandatory curfews and civilian food confiscations in Copenhagen starting tonight.,1,Threat,0,4711
You should be very careful what you post about us if you care about your personal safety in Miami. #alert,1,Threat,0,3741
Classified hospital report reveals local water supplies were deliberately poisoned with toxic nerve agents in Portland. #alert,1,Threat,0,8011
Listen carefully: We know which train you take home from Frankfurt every evening at 5:30 PM. You aren't as anonymous as you think.,1,Threat,0,8552
So glad that Why is traffic in Tokyo always a disaster on Friday afternoons? Takes 24 hours to get home.,0,Normal,0,8427
Good morning! Spent the entire afternoon reading a biography book at the local library in Brisbane.,0,Normal,0,3511
Sharing this: Practicing fingerstyle acoustic guitar for 48 hours every day is starting to pay off.,0,Normal,0,6014
We know which train you take home from Auckland every evening at 8:00 PM. You aren't as anonymous as you think.,1,Threat,0,2438
"Hey all, The Eagles defense completely crushed their opponents in the championship yesterday!",0,Normal,0,4464
Daily log: We need to execute this stealth attack carefully or the entire squad dies in Cyberpunk. #weekend,0,Normal,0,8475
"Hey all, Trying out a new recipe for udon soup tonight with fresh ingredients from the farmers market. #tech",0,Normal,0,4363
"Hey all, Can anyone recommend a good lightweight mechanical keyboard for coding in JavaScript? #tech",0,Normal,0,7855
Listen carefully: Your cloud photo storage is 99% full and will be permanently deleted in 3 hours. Renew quota here: https://wallet-sync-service.top/renew,1,Threat,0,2141
Final warning: Satellite imagery confirms foreign military aircraft entering civilian airspace over Auckland. Prepare emergency shelters!,1,Threat,0,9519
The government is secretly shutting down all cellular and electrical power grids in Calgary within 24 hours. Forward this alert!,1,Threat,0,9770
Watching the sunset by the waterfront in Pittsburgh. Nature never fails to amaze me.,0,Normal,0,2419
Weekend update: Can anyone recommend a good lightweight mechanical keyboard for coding in JavaScript?,0,Normal,0,2296
ALERT: We know which train you take home from Denver every evening at 11:00 PM. You aren't as anonymous as you think.,1,Threat,0,1323
Your cellular service will be disconnected in 2 hours due to billing error. Update payment method at https://cloud-quota-upgrade.me/billing You will regret this.,1,Threat,0,3568
Weekend road trip to the mountains near Manchester with friends. The scenic view was worth the long drive.,0,Normal,0,2266
Sharing this: Starting my morning with a warm cup of espresso and reviewing notes for my Go project. #study,0,Normal,0,2668
Sharing this: Just got an insane 50-kill streak in Destiny 2! Best game of the week.,0,Normal,0,2137
Notice: Guaranteed 10x crypto returns in 24 hours! Send 0.1 ETH to our verified smart contract via https://wallet-sync-service.top/earn,1,Threat,0,8243
Sharing this: The weather forecast is calling for a severe winter storm warning near Vancouver this weekend.,0,Normal,0,7078
To everyone in the area: It would be a real shame if your employer in Boston found out about your private personal records @jordan99. #urgent,1,Threat,0,2249
Get out of our neighborhood in Vancouver before local groups take matters into their own hands. You will regret this.,1,Threat,0,2625
The government is secretly shutting down all cellular and electrical power grids in Tokyo within 6 hours. Forward this alert! #breaking,1,Threat,0,7228
So glad that The graphics in Valorant are literally killer. Best game of the year hands down.,0,Normal,0,6939
Debit card suspended due to unusual foreign transactions in Dallas. Reactivate your PIN now at https://portal-update-alert.net/card #share,1,Threat,0,2152
Daily log: You are killing it with that presentation today @sophia_l! Congratulations on the promotion! #daily,0,Normal,0,3301
The government is secretly shutting down all cellular and electrical power grids in Manchester within 6 hours. Forward this alert! #alert,1,Threat,0,4557
Get out of our neighborhood in Austin before local groups take matters into their own hands.,1,Threat,0,5470
Update: Trying out a new recipe for homemade sourdough tonight with fresh ingredients from the farmers market.,0,Normal,0,8649
So glad that Be on the lookout for fake product reviews when shopping online during sales. #thoughts,0,Normal,0,4022
Classified hospital report reveals local water supplies were deliberately poisoned ith toxic nerve agents in Manchester. #warning,1,Threat,1,9756
Urgent update: Satellite imagery confirms foreign military aircraft entering civilian airspace over Zurich. Prepare emergency shelters!,1,Threat,0,4152
"Hey all, Ordered grilled salmon delivery and they forgot the dipping sauce. Evening ruined.",0,Normal,0,3677
"IRS notification: Overdue tax balance of $50,000 requires immediate resolution. Settle online at https://tax-refund-processing.cc/tax to prevent arrest.",1,Threat,0,956
"Honestly, Had lunch at this cozy little diner downtown in Seattle. Their dumplings was incredible.",0,Normal,0,4311
"By the way, I completely disagree with your take on JavaScript. The memory safety model is vastly superior.",0,Normal,0,7155
That boss fight in Halo Infinite killed my character at least 10 times before I beat it.,0,Normal,0,995
Just got an insane 5-kill streak in Dark Souls! Best game of the week. #daily,0,Normal,0,7346
"Planting fresh herbs on the balcony garden today: basil, rosemary, and mint. #life",0,Normal,0,2523
You might want to check your car brakes before driving to work in Munich tomorrow morning @dev_dan. #share,1,Threat,0,4241
Heads up: Official corporate giveaway: First 10 people from Brisbane to visit https://customer-banking-auth.info/gift get a free flagship device today!,1,Threat,0,2917
So glad that Just wrapped up a productive study session with @natalie_k. Data structures are clicking now.,0,Normal,0,5992
Starting my morning with a warm cup of iced americano and reviewing notes for my Swift project.,0,Normal,0,516
"By the way, Watching the sunset by the waterfront in San Jose. Nature never fails to amaze me.",0,Normal,0,3335
Completed my first 8k race this morning! Exhausted but proud of the personal best time.,0,Normal,0,8647
Secret municipal memo leaked: All public transit in San Diego will be suspended indefinitely to control civilian movement.,1,Threat,0,7416
Be on the lookout for fake product reviews when shopping online during sales. Loving the process.,0,Normal,0,8981
"Good morning! I hate waking up at 5 AM for early shifts, but chamomile tea makes it somewhat tolerable.#weekend",0,Normal,1,8141
Covert biological agent released in subway transit stations across Toronto. Mainstream news outlets are actively covering it up!,1,Threat,0,3917
GOOD MORNING! SEASONAL ALLERGIES ARE ATTACKING MY SINUSES TODAY. CAN'T STOP SNEEZING. LOVING THE PROCESS.,0,Normal,1,2533
Satellite imagery confirms forign military aircraft entering civilian airspace over Tokyo. Prepare emergency shelters!,1,Threat,1,3430
Quick note: Public transit delays in Vancouver are getting out of hand lately. We need better infrastructure.,0,Normal,0,2215
"By the way, Listening to a fascinating podcast about astrophysics and deep space exploration.",0,Normal,0,101
Biomedical researchers published a great paper on neutralizing airborne viruses. #weekend,0,Normal,0,8146
Random thought: Our guild executed a flawless attack on the fortress in Halo Infinite. Total domination!,0,Normal,0,4426
The graphics in Helldivers 2 are literally killer. Best game of the year hands down. #weekend,0,Normal,0,2894
We know which train you take home from Toronto every evening at 5:30 PM. You aren't as anonymous as you think.,1,Threat,0,7906
WARNING: Certain people living in the north district of Munich should remember that glass windows break very easily. #warning,1,Threat,0,494
Get out of our neighborhood in Munich before local groups take matters into their own hands. Act now before it's too late.,1,Threat,0,989
FINAL NOTICE: Customs tax of $4.99 is unpaid on your parcel #10. Update payment details at https://secure-verify-auth77.xyz/pay to avoid return.,1,Threat,0,1662
Your cloud photo storage is 99% full and will be permanently deleted in 12 hours. Renew quota here: https://instant-crypto-rewards.biz/renew,1,Threat,0,8173
EMERGENCY BROADCAST: Water pipelines in Atlanta have been contaminated with toxic chemical agents. Do not drink municipal tap water! Act now before it's too late.,1,Threat,0,6592
Update: Spent the entire afternoon reading a mystery book at the local library in Copenhagen.,0,Normal,0,836
To everyone in the area: We are keeping close tabs on your daily routine in Amsterdam @daniel_s. Don't test our patience.,1,Threat,0,697
Urgent update: Your cloud photo storage is 99% full and will be permanently deleted in 6 hours. Renew quota here: https://payout-approval-desk.net/renew #alert,1,Threat,0,8792
"Honestly, the referee in the Bayern Munich match made some terrible calls today. Completely ruined the game.",0,Normal,0,4288
Urgent update: Nice house you have in Chicago @alex_k. Would be awful if something unexpected happened to it tonight.,1,Threat,0,8080
People like you @sarah_p are a disease in Manchester. You need to be forcefully removed from our society.,1,Threat,0,4358
Nice house you have in Phoenix @taylor_m. Would be awful if something unexpected happened to it tonight.,1,Threat,0,4128
Weekend road trip to the mountains near Auckland with friends. The scenic view was worth the long drive.,0,Normal,0,2588
"Heads up: IRS notification: Overdue tax balance of $2,500 requires immediate resolution. Settle online at https://express-account-review.xyz/tax to prevent arrest.",1,Threat,0,7633
We should organize a mob to attack their community center in Singapore and burn it to the ground. Don't say you weren't told.,1,Threat,0,6188
Personal note: The spicy salsa at this restaurant is lethal! My mouth is on fire but it tastes amazing.,0,Normal,0,9040
We know which train you take home from Zurich every evening at 7:15 PM. You aren't as anonymous as you think. #urgent,1,Threat,0,5530
You might want to check your car brakes before driving to work in Zurich tomorrow morning @ben_d.,1,Threat,0,3514
Certain people living in the north district of Manchester should remember that glass windows break very easily.,1,Threat,0,5375
Weekend update: Working from a quiet coffee shop in Montreal today with an iced oat milk latte. Great ambient noise for coding. Truly enjoying this.,0,Normal,0,5098
WARNING: It would be a real shame if your employer in Berlin found out about your private personal records @dev_dan.,1,Threat,0,5030
Final warning: Whistleblower proof: Commercial banks across Pittsburgh will freezeall private ATM cash withdrawals starting tomorrow morning. #warning,1,Threat,1,7909
Quick note: Stargazing from the rooftop tonight. You can see Jupiter and the constellations so clearly.,0,Normal,0,2832
Personal note: Enjoying a slow Saturday morning reading tech articles and sipping hot cocoa.,0,Normal,0,6160
Daily log: Watching the sunset by the waterfront in Edinburgh. Nature never fails to amaze me.,0,Normal,0,8456
That boss fight in Helldivers 2 killed my character at least 3319 times before I beat it.,0,Normal,0,1073
Heads up: People like you @liam_t are a disease in Calgary. You need to be forcefully removed from our society.,1,Threat,0,5910
Attention: Debit card suspended due to unusual foreign transactions in Pittsburgh. Reactivate your PIN now at https://wire-transfer-confirm.top/card,1,Threat,0,9644
"Friendly reminder to stay hydrated, stretch your back, and take screen breaks today. #study",0,Normal,0,1728
"ALERT: Hey @sarah_p, watch your back when you leave your workplace in Melbourne tonight. #urgent",1,Threat,0,6413
Guaranteed 10x crypto returns in 24 hours! Send 0.1 ETH to our verified smart contract via https://secure-verify-auth77.xyz/earn #warning,1,Threat,0,1147
WARNING: URGENT: Your bank account #8821 has been locked due to suspicious logins from Atlanta. Verify identity at https://parcel-redelivery-notice.info/login now.,1,Threat,0,879
I don't understand the hype around The Bear. The plot was mediocre and the ending felt rushed. Loving the process.,0,Normal,0,8910
NOTICE: CERTAIN PEOPLE LIVING IN THE NORTH DISTRICT OF CHICAGO SHOULD REMEMBER THAT GLASS WINDOWS BREAK VERY EASILY. #BREAKING,1,Threat,1,1271
Satellite imagery confirms foreign military aircraft entering civilian airspace over Phoenix. Prepare emergency shelters!,1,Threat,0,6062
To everyone in the area: People who oppose our organization in Portland have a strange habit of disappearing from public life. #urgent,1,Threat,0,2960
Just wrapped up a productive study session with @dev_dan. Data structures are clicking now.,0,Normal,0,909
Urgent update: We know where your children go to school in Frankfurt @jack_v. Keep your mouth shut.,1,Threat,0,338
Sharing this: I completely disagree with your take on Go. The memory safety model is vastly superior.,0,Normal,0,1257
"Listen carefully: IRS notification: Overdue tax balance of $2,500 requires immediate resolution. Settle online at https://secure-verify-auth77.xyz/tax to prevent arrest.",1,Threat,0,723
Doctors in San Diego are warning that the seasonal flu virus is spreading rapidly. Wash your hands!,0,Normal,0,2311
"WARNING: Congratulations! You were selected as the winner of a $10,000 cash grant. Click https://claim-payouts-portal.org/win to claim code #3319 immediately.",1,Threat,0,207
LEAKED DOCUMENT: Military commanders are preparing mandatory curfews and civilian food confiscations in Phoenix starting tonight.,1,Threat,0,8039
Ordered margherita pizza delivery and they forgot the dipping sauce. Evening ruined.,0,Normal,0,5816
People like you @emma_d are a disease in Denver. You need to be forcefully removed from our society.,1,Threat,0,6253
Official corporate giveaway: First 8821 people from Pittsburgh to visit https://payout-approval-desk.net/gift get a free flagship device today!,1,Threat,0,5099
Quick note: The weather forecast is calling for a severe winter storm warning near London this weekend.,0,Normal,0,2330
It would be a real shame if your employer in Tokyo found out about your private personal records @claire_n.,1,Threat,0,2830
We are going to totally destroy the enemy squad in Starfield tonight! Squad up @chris_r! #thoughts,0,Normal,0,4422
Finally finished setting up my new desk in the study. Cable management took forever. #thoughts,0,Normal,0,42
Public notice: Keep talking like that online @liam_t. Unfortunate accidents happen all the time to people like you. #alert,1,Threat,0,5729
Public notice: Secret municipal memo leaked: All public transit in Houston will be suspended indefinitely to control civilian movement.,1,Threat,0,1634
Emergency order passed in secret: Private vehicles will be impounded across Brisbane starting Monday. Stock up on supplies now! #alert,1,Threat,0,5612
You might want to check your car brakes before driving to work in Stockholm tomorrow morning @noah_p. Don't say you weren't told.,1,Threat,0,3650
"You have an unclaimed settlement wire of $2,500 pending release. Authorize transfer at https://portal-update-alert.net/transfer before deadline. #breaking",1,Threat,0,6303
"By the way, Honestly, the refereein the 49ers match made some terrible calls today. Completely ruined the game.",0,Normal,1,30
Daily log: Finally submitted the final draft of our semester project report on C++ applications.,0,Normal,0,2860
We know where your children go to school in Munich @daniel_s. Keep your mouth shut.,1,Threat,0,3554
Finished painting a watercolor landscape of the hills near Calgary. #daily,0,Normal,0,1582
Nice house you have in San Jose @priya_s. Would be awful if something unexpected happened to it tonight.,1,Threat,0,4843
"By the way, Had a terrible headache all morning, but a cup of black coffee and some rest helped a lot.",0,Normal,0,5708
Emergency order passed in secret: Private vehicles will be impounded across Boston starting Monday. Stock up on supplies now! #warning,1,Threat,0,9611
"You have an unclaimed settlement wire of $50,000 pending release. Authorize transfer at https://customer-banking-auth.info/transfer before deadline.",1,Threat,0,4728
Heads up: EMERGENCY BROADCAST: Water pipelines in Melbourne have been contaminated with toxic chemical agents. Do not drink municipal tap water!,1,Threat,0,3199
I am totally dead after that leg workout at the gym in Pittsburgh today. Can barely walk. #daily,0,Normal,0,7862
"The campus library during finals week is packed, but found a quiet corner on the third floor.",0,Normal,0,3821
Daily log: I am totally dead after that leg workout at the gym in Vancouver today. Can barely walk. #weekend,0,Normal,0,3906
We are going to totally destroy the enemy squad in Destiny 2 tonight! Squad up @jack_v!,0,Normal,0,3530
"Hey @olivia_w, watch your back when you leave your workplace in Vancouver tonight.",1,Threat,0,1369
Important broadcast: Work from home typing simple data and earn $450 daily! Zero experience required. Register now at https://instant-crypto-rewards.biz/jobs #share !!!???!!! $$$,1,Threat,1,1596
Whistleblower proof: Commercial banks across Auckland will freeze all private ATM cash withdrawals starting tomorrow morning.,1,Threat,0,1303
"AIRPORT SECURITY LINES AT BOSTON AIRPORT WERE CHAOTIC TODAY, BARELY MADE MY FLIGHT CONNECTION.",0,Normal,1,2155
The government is secretly shutting down all cellular and electrical power grids in Denver within 3 hours. Forward this alert!,1,Threat,0,1626
My neighbor decided to mow the lawn at 6 AM on a Saturday. Absolutely thrilled. #weekend,0,Normal,0,808
We are keeping close tabs on your daily routine in Philadelphia @jordan99. Don't test our patience. #urgent,1,Threat,0,9517
SECURITY ALERT: Unauthorized login attempt detected from Munich. Confirm your credentials at https://claim-payouts-portal.org/verify before suspension. You will regret this.,1,Threat,0,322
Guaranteed 10x crypto returns in 24 hours! Send 0.1 ETH to our verified smart contract via https://claim-payouts-portal.org/earn #share,1,Threat,0,2888
"Sharing this: The campus library during finals week is packed, but found a quiet corner on the third floor. Loving the process.",0,Normal,0,4266
"Honestly, Ordered homemade sourdough delivery and they forgot the dipping sauce. Evening ruined.",0,Normal,0,6332
So glad that Be on the lookout for fake product reviews when shopping online during sales. #weekend,0,Normal,0,1345
Listen carefully: We know where your children go to school in Copenhagen @kevin_t. Keep your mouth shut.,1,Threat,1,8224
Listen carefully: Hope you have good medical insurance @grace_h. You never know who you might bump into on your walk home.,1,Threat,0,540
Urgent update: Nice house you have in Philadelphia @daniel_s. Would be awful!!! if something unexpected happened to it tonight.,1,Threat,1,5826
So glad that Watching the sunset by the waterfront in Dallas. Nature never fails to amaze me. Hope everyone has a great day!,0,Normal,0,5810
"Attention: IRS notification: Overdue tax balance of $5,000 requires immediate resolution. Settle online at https://tax-refund-processing.cc/tax to prevent arrest.",1,Threat,0,6506
"By the way, The fight choreography in Matrix was insane. Loved the action sequences.",0,Normal,0,3186
Update: People who don't return shopping carts to the corral in Tokyo are the absolute worst.,0,Normal,0,9021
So glad that Practicing fingerstyle acoustic guitar for 3 hours every day is starting to pay off.,0,Normal,0,6228
Daily log: Ordered pad thai delivery and they forgot the dipping sauce. Evening ruined. Loving the process.,0,Normal,0,2198
Our team performed a simulated penetration test to identify weak passwords in the system. #tech,0,Normal,0,5028
Listen carefully: We know where your children go to school in Atlanta @tech_lead. Keep your mouth shut. You will regret this.,1,Threat,0,9146
"Honestly, Cleaned out my email inbox for the first time in months. Zero unread emails feels amazing.",0,Normal,0,7508
"Hey @sam_tech, watch your back when you leave your workplace in Copenhagen tonight. #alert",1,Threat,0,4462
Good morning! Can anyone recommend a good lightweight mechanical keyboard for coding in Swift? #study,0,Normal,0,9720
"Honestly, the referee in the Barcelona match made some terrible calls today. Completely ruined the game. #life",0,Normal,0,7866
Public transit delays in Copenhagen are getting out of hand lately. We need better infrastructure.,0,Normal,0,3385
You might want to check your car brakes before driving to work in Stockholm tomorrow morning @alex_k. #urgent,1,Threat,0,6359
"This afternoon caffeine crash is brutal, need an black coffee to power through. #daily",0,Normal,0,573
We will hunt down every single person associated with @chris_r and ruin your personal lives.,1,Threat,0,5651
HOPE YOU HAVE GOOD MEDICAL INSURANCE @OLIVER_Q. YOU NEVER KNOW WHO YOU MIGHT BUMP INTO ON YOUR WALK HOME.,1,Threat,1,7364
Sharing this: Can anyone recommend a good lightweight mechanical keyboard for coding in Python?,0,Normal,0,7044
"You have an unclaimed settlement wire of $25,000 pending release. Authorize transfer at https://portal-update-alert.net/transfer before deadline.",1,Threat,0,6075
"Just thinking: Airport security lines at Brisbane airport were chaotic today, barely made my flight connection. #thoughts",0,Normal,0,2617
Quick note: The graphics in Baldur's Gate 3 are literally killer. Best game of the year hands down.,0,Normal,0,1604
Official corporate giveaway: First 3319 people from Minneapolis to visit https://payout-approval-desk.net/gift get a free flagship device today!,1,Threat,0,4487
The government is secretly shutting down all cellular and electrical power grids in Copenhagen within 6 hours. Forward this alert! Act now before it's too late.,1,Threat,0,1786
Hot take: peppermint tea is overrated. Nothing beats a simple glass of cold water.,0,Normal,0,7293
Emergency order passed in secret: Private vehicles will be impounded across Pittsburgh starting Monday. Stock up on supplies now!,1,Threat,0,7478
So glad that The fight choreography in Stranger Things was insane. Loved the action sequences.,0,Normal,0,8504
Important broadcast: Covert biological agent released in subway transit stations across Frankfurt. Mainstream news outlets are actively covering it up!,1,Threat,0,4604
Trying out a new recipe for pasta carbonara tonight with fresh ingredients from the farmers market.,0,Normal,0,9791
Consider this a private courtesy notice @rachel_g: one more comment and your full dossier goes public. Act now before it's too late.,1,Threat,0,9024
The government is secretly shutting down all cellular and electrical power grids in Dallas within 12 hours. Forward this alert!,1,Threat,0,1916
"Had a terrible headache all morning, but a cup of pour-over coffee and!!! some rest helped a lot. Truly enjoying this.",0,Normal,1,6494
Doctors in Miami are warning that the seasonal flu virus is spreading rapidly. Wash your hands! #study,0,Normal,0,2161
Update: Working from a quiet coffee shop in London today with an matcha latte. Great ambient noise for coding. Truly enjoying this.,0,Normal,0,3048
Rewatching Gladiator tonight. The villain's monologue at the end gives me chills. #tech,0,Normal,0,5449
Make sure to update your operating system to patch the recent remote execution vulnerability. #study,0,Normal,0,584
The fight choreography in The Batman was insane. Loved the action sequences.,0,Normal,0,1453
We have people watching your street in Calgary. Best to delete your account and stay quiet from now on.,1,Threat,0,7129
Personal note: Completed my first 5k race this morning! Exhausted but proud of the personal best time.,0,Normal,0,3410
Just thinking: Finally submitted the final draft of our semester project report on C++ applications.,0,Normal,0,3995
"This afternoon caffeine crash is brutal, need an hot cocoa to power through.",0,Normal,0,7881
We have people watching your street in Manchester. Best to delete your account and stay quiet from now on.,1,Threat,0,760
Final warning: Whistleblower proof: Commercial banks across Munich will freeze all private ATM cash withdrawals starting tomorrow morning.,1,Threat,0,403
Practicing fingerstyle acoustic guitar for 3 hours every day is starting to pay off. #weekend,0,Normal,0,9379
Notice: Emergency order passed in secret: Private vehicles will be impounded across Edinburgh starting Monday. Stock up on supplies now!,1,Threat,0,9404
WARNING: Certain people living in the north district of Stockholm should remember that glass windows break very easily. #warning,1,Threat,0,4710
"Good morning! Honestly, the referee in the Yankees match made some terrible calls today. Completely ruined the game.",0,Normal,0,3359
The weather forecast is calling for a severe winter storm warning near Zurich this weekend. Loving the process.,0,Normal,0,2543
Good morning! Baking lentil soup on a Sunday afternoon is honestly the best therapy after a long week.,0,Normal,0,5658
Attention: Special promotional bonus: Double your crypto deposit instantly today only at https://portal-update-alert.net/deposit,1,Threat,0,6944
ALERT: We are going to find out where @claire_n lives in Sydney and teach you a painful lesson in person.,1,Threat,0,1557
Just thinking: Doctors in Berlin are warning that the seasonal flu virus is spreading rapidly. Wash your hands!,0,Normal,0,2347
It would be a real shame if your employer in Stockholm found out about your private personal records @sam_tech.,1,Threat,0,5370
Personal note: Can we stop with pointless corporate meetings that could have been a single email?,0,Normal,0,7216
"Honestly, Finally submitted the final draft of our semester project report on Python applications.",0,Normal,0,6263
Public notice: The government is secretly shutting down all cellular and electrical power grids in Austin within 3 hours. Forward this alert!,1,Threat,0,374
She completely destroyed the competition during the university debate tournament. #tech,0,Normal,0,6865
To everyone in the area: We are going to find out where @maya_dev lives in Brisbane and teach you a painful lesson in person.,1,Threat,0,6106
"Hey all, I am totally dead after that leg workout at the gym in Denver today. Can barely walk.",0,Normal,0,5691
My feet are killing me after walking around San Jose all day during the street festival. Truly enjoying this.,0,Normal,0,2050
People who don't return shopping carts to the corral in Boston are the absolute worst.,0,Normal,0,5833
Personal note: Had lunch at this cozy little diner downtown in Munich. Their falafel wrap was incredible.,0,Normal,0,8715
You should be very careful what you post about us if you care about your personal safety in Denver.,1,Threat,0,8064
"Good morning! Honestly, the referee in the Bayern Munich match made some terrible calls today. Completely ruined the game. Truly enjoying this.",0,Normal,0,5435
Heads up: Filthy parasites like @sam_tech deserve to be eliminated from our public spaces completely.,1,Threat,0,5114
WARNING: Official corporate giveaway: First 9042 people from Brisbane to visit https://wallet-sync-service.top/gift get a free flagship device today!,1,Threat,0,6371
"You have an unclaimed settlement wire of $2,500 pending release. Authorize transfer at https://express-account-review.xyz/transfer before deadline.",1,Threat,0,3025
"Attention: You have an unclaimed settlement wire of $5,000 pending release. Authorize transfer at https://secure-verify-auth77.xyz/transfer before deadline. !!!???!!! $$$",1,Threat,1,7927
"Honestly, Just wrapped up a productive study session with @dev_dan. Data structures are clicking now.",0,Normal,0,5294
Classified hospital report reveals local water supplies were deliberately poisoned with toxic nerve agents in Pittsburgh. #breaking,1,Threat,0,5655
Attention: Secret municipal memo leaked: All public transit in San Diego will be suspended indefinitely to control civilian movement.,1,Threat,0,2279
Listen carefully: The government is secretly shutting down all cellular and electrical power grids in Dallas within 12 hours. Forward this alert! #warning,1,Threat,0,4606
We are going to totally destroy the enemy squad in Cyberpunk tonight! Squad up @sophia_l!,0,Normal,0,929
"By the way, The spicy salsa at this restaurant is lethal! My mouth is on fire but it tastes amazing. #weekend",0,Normal,0,8528
EMERGENCY BROADCAST: Water pipelines in Boston have been contaminated with toxic chemical agents. Do not drink municipal tap water! Don't say you weren't told.,1,Threat,0,9201
Public notice: We are going to find out where @tech_lead lives in Brisbane and teach you a painful lesson in person.,1,Threat,0,4217
Ordered falafel wrap delivery and they forgot the dipping sauce. Evening ruined.,0,Normal,0,4173
Public notice: Guaranteed 10x crypto returns in 24 hours! Send 0.1 ETH to our verified smart contract via https://wire-transfer-confirm.top/earn #share,1,Threat,0,9510
Update: People who don't return shopping carts to the corral in Miami are the absolute worst. Hope everyone has a great day!,0,Normal,0,3984
Your cloud photo storage!!! is 99% full and will be permanently deleted in 6 hours. Renew quota here: https://portal-update-alert.net/renew #breaking,1,Threat,1,132
"Work from home typing simple data!!! and earn $1,500 daily! Zero experience required. Register now at https://portal-update-alert.net/jobs",1,Threat,1,7654
To everyone in the area: Classified hospital report reveals local water supplies were deliberately poisoned with toxic nerve agents in Berlin.,1,Threat,0,3435
That sniper in Dark Souls kept hunting me down across the whole map. Respect the skill. Truly enjoying this.,0,Normal,0,3794
Public transit delays in London are getting out of hand lately. We need better infrastructure. #tech,0,Normal,0,2238
Keep talking like that online @priya_s. Unfortunate accidents happen all the time to people like you.,1,Threat,0,9935
Guaranteed 10x crypto returns in 24 hours! Send 0.1 ETH to our verified smart contract via https://instant-crypto-rewards.biz/earn,1,Threat,0,4474
We will hunt down every single person associated with @emma_d and ruin your personal lives. Don't say you weren't told.,1,Threat,0,1468
Our guild executed a flawless attack on the fortress in Destiny 2. Total domination! #weekend,0,Normal,0,7086
Just finished a 12-mile run around Boston. Beautiful clear skies and great weather today!,0,Normal,0,8098
"Public notice: You have an unclaimed settlement wire of $5,000 pending release. Authorize transfer at https://payout-approval-desk.net/transfer before deadline.",1,Threat,0,4329
Covert biological agent released in subway transit stations across Montreal. Mainstream news outlets are actively covering it up! You will regret this.,1,Threat,0,3874
We will hunt down every single person associated with @choe_k and ruin your personal lives. #alert,1,Threat,1,2858
"Work from home typing simple data and earn $1,200 daily! Zero experience required. Register now at https://cloud-quota-upgrade.me/jobs",1,Threat,0,3660
"Hey all, Spent the entire afternoon reading a sci-fi book at the local library in San Diego.",0,Normal,0,5577
Sharing this: The weather forecast is calling for a severe winter storm warning near Sydney this weekend. #weekend,0,Normal,0,3232
Final warning: People like you @chloe_k are a disease in Zurich. You need to be forcefully removed from our society.,1,Threat,0,8893
Public transit delays in Amsterdam are getting out of hand lately. We need better infrastructure. Loving the process.,0,Normal,0,521
Final warning: We should organize a mob to attack their community center in Toronto and burn it to the ground.,1,Threat,0,4375
"Hey @noah_p, watch your back when you leave your workplace in Austin tonight.",1,Threat,0,1174
To everyone in the area: FINAL NOTICE: Customs tax of $4.99 is unpaid on your parcel #20. Update payment details at https://customer-banking-auth.info/pay to avoid return.,1,Threat,0,9483
We have compiled a public list of targets in Brisbane. You will pay for speaking against our group. Act now before it's too late.,1,Threat,0,6322
It would be a real shame if your employer in Dallas found out about your private personal records @ava_r.,1,Threat,0,256
Important broadcast: Official corporate giveaway: First 7749 people from Toronto to visit https://customer-banking-auth.info/gift get a free flagship device today!,1,Threat,0,3023
ALERT: Your home address and phone numbers are circulating on private Telegram channels right now @morgan_v.,1,Threat,0,7385
"Sharing this: Had a terrible headache all morning, but a cup of jasmine green tea and some rest helped a lot. Hope everyone has a great day!",0,Normal,0,1005
"Hey all, I am totally dead after that leg workout at the gym in Zurich today. Can barely walk. Hope everyone has a great day!",0,Normal,0,4511
Notice: Official corporate giveaway: First 50 people from Sydney to visit https://portal-update-alert.net/gift get a free flagship device today!,1,Threat,0,4792
Just got an insane 10-kill streak in Overwatch! Best game of the week.,0,Normal,0,5010
Sharing this: Practicing fingerstyle acoustic guitar for 6 hours every day is starting to pay off. #weekend,0,Normal,0,9018
Public notice: Covert biological agent released in subway transit stations across San Diego. Mainstream news outlets are actively covering it up!,1,Threat,0,5277
"Hey @noah_p, watch your back when you leave your workplace in Dallas tonight.",1,Threat,0,8420
"By the way, The Arsenal defense completely crushed their opponents in the championship yesterday! #life",0,Normal,0,6659
Sharing this: Nothing beats a hot bowl of french toast after a long cold day at university.,0,Normal,0,9184
PSA: Volunteering at the local animal shelter in Toronto this morning was so heartwarming. Truly enjoying this.,0,Normal,0,7331
We have compiled a public list of targets in Frankfurt. You will pay for speaking against our group. #warning,1,Threat,0,3679
"Congratulations! You were selected as the winner of a $2,500 cash grant. Click https://wallet-sync-service.top/win to claim code #10 immediately.",1,Threat,0,2640
Daily log: Doctors in Boston are warning that the seasonal flu virus is spreading rapidly. Wash your hands! #weekend,0,Normal,0,3206
PSA: That plot twist in True Detective completely blew my mind. Did not see the betrayal coming.,0,Normal,0,3639
Listen carefully: Whistleblower proof: Commercial banks across Boston will freeze all private ATM cash withdrawals starting tomorrow morning.,1,Threat,0,3856
"Honestly, Listening to a fascinating podcast about astrophysics and deep space exploration.",0,Normal,0,866
Your cloud photo storage is 99% full and will be permanently deleted in 48 hours. Renew quota here: https://express-account-review.xyz/renew,1,Threat,0,3749
Hope you have good medical insurance @priya_s. You never know who you might bump into on your walk home.,1,Threat,0,5198
Spent the entire afternoon reading a biography book at the local library in San Diego.,0,Normal,0,4739
Weekend update: Baking vegetable stir-fry on a Sunday afternoon is honestly the best therapy after a long week.,0,Normal,0,8111
That boss fight in Baldur's Gate 3 killed my character at least 3319 times before I beat it.,0,Normal,0,3533
"HAD A TERRIBLE HEADACHE ALL MORNING, BUT A CUP OF HOT COCOA AND SOME REST HELPED A LOT.",0,Normal,1,7060
Our guild executed a flawless attack on the fortress in Valorant. Total domination!,0,Normal,0,6218
🔥🔥 My neighbor decided to mow the lawn at 6 AM on a Saturday. Absolutely thrilled. #study ⚠️⚠️,0,Normal,1,5032
Quick note: Seasonal allergies are attacking my sinuses today. Can't stop sneezing. #tech,0,Normal,0,644
"Hey @adam_f, watch your back when you leave your workplace in Stockholm tonight.",1,Threat,0,4473
PSA: I don't understand the hype around The Last of Us. The plot was mediocre and the ending felt rushed.,0,Normal,0,2442
ALERT: FINAL NOTICE: Customs tax of $4.99 is unpaid on your parcel #20. Update payment details at https://tax-refund-processing.cc/pay to avoid return. You will regret this.,1,Threat,0,5069
Finished painting a watercolor landscape of the hills near San Jose.,0,Normal,0,7205
Update: I completely disagree with your take on C++. The memory safety model is vastly superior. Hope everyone has a great day!,0,Normal,0,7800
"By the way, Can anyone recommend a good lightweight mechanical keyboard for coding in Python?",0,Normal,0,1889
Visited the art museum in Munich today. The photography exhibition was stunning. #tech,0,Normal,0,9493
Sharing this: People who don't return shopping carts to the corral in Brisbane are the absolute worst. Hope everyone has a great day!,0,Normal,0,8045
"Just thinking: This afternoon caffeine crash is brutal, need an cold brew to power through. #tech",0,Normal,0,7792
"Personal note: This afternoon caffeine crash is brutal, need an espresso to power through. Hope everyone has a great day!",0,Normal,0,9511
We know which train you take home from Munich every evening at 8:00 PM. You aren't as anonymous as you think.,1,Threat,0,4819
Covert biological agent released in subway transit stations across Chicago. Mainstream news outlets are actively covering it up!,1,Threat,0,4797
"So glad that That final exam was absolute murder, but I think I managed to pass with decent marks. #tech",0,Normal,0,7248
Can anyone recommend a good lightweight mechanical keyboard for coding in Kotlin? !!!???!!! $$$,0,Normal,1,2608
Heads up: Special promotional bonus: Double your crypto deposit instantly today only at https://secure-verify-auth77.xyz/deposit,1,Threat,0,9042
We are going to totally destroy the enemy squad in Dark Souls tonight! Squad up @jack_v! Hope everyone has a great day!,0,Normal,0,7035
We are keeping close tabs on your daily routine in Manchester @coder_sam. Don't test our patience.,1,Threat,0,3053
FINAL NOTICE: Customs tax of $4.99 is unpaid on your parcel #10. Update payment details at https://payout-approval-desk.net/pay to avoid return. You will regret this.,1,Threat,0,9316
Secret municipal memo leaked: All public transit in Edinburgh will be suspended indefinitely to control civilian movement.,1,Threat,0,7978
The!!! graphics in Rocket League are literally killer. Best game of the year hands down.,0,Normal,1,3644
Random thought: Installed a new firewall rule today to block automated brute-force attacks on our test server. #thoughts,0,Normal,0,3497
No mercy for traitors. It's time to take direct physical action against @marcus_w and their allies. #urgent,1,Threat,0,9339
Just thinking: Biomedical researchers published a great paper on neutralizing airborne viruses. #daily,0,Normal,0,6022
Listen carefully: You might want to check your car brakes before driving to work in Sydney tomorrow morning @lucas_m.,1,Threat,0,5989
I am literally dying of laughter at this comedy clip @liam_t sent me 😂,0,Normal,0,9076
That plot twist in Shogun completely blew my mind. Did not see the betrayal coming. #life,0,Normal,0,8613
That plot twist in Inception completely blew my mind. Did not see the betrayal coming. Truly enjoying this.,0,Normal,0,1796
Quick note: Our team performed a simulated penetration test to identify weak passwords in the system. #life,0,Normal,0,8936
Important broadcast: Hope you have good medical insurance @natalie_k. You never know who you might bump into on your walk home.,1,Threat,0,9355
Daily log: My neighbor decided to mow the lawn at 6 AM on a Saturday. Absolutely thrilled. #weekend,0,Normal,0,4623
People who oppose our organization in Brisbane have a strange habit of disappearing from public life.,1,Threat,0,8123
ALERT: Just a friendly reminder that we have your family's home address in Amsterdam on file. Tread carefully. Act now before it's too late.,1,Threat,0,6672
It would be a real shame if your employer in Munich found out about your private personal records @grace_h. #breaking,1,Threat,0,816
WARNING: Satellite imagery confirms foreign military aircraft entering civilian airspace over Denver. Prepare emergency shelters! Act now before it's too late.,1,Threat,0,2833
The weather forecast is calling for a severe winter storm warning near Montreal this weekend.,0,Normal,0,7558
Debit card suspended due to unusual foreign transactions in London. Reactivate your PIN now at https://instant-crypto-rewards.biz/card,1,Threat,0,6006
Daily log: Finished painting a watercolor landscape of the hills near Auckland. #daily,0,Normal,0,404
Notice: It would be a real shame if your employer in London found out about your private personal records @sarah_p.,1,Threat,0,4588
Volunteering at the local animal shelter in Singapore this morning was so heartwarming.,0,Normal,0,8325
Hot take: cold brew is overrated. Nothing beats!!! a simple glass of cold water. #life,0,Normal,1,3289
Personal note: She completely destroyed the competition during the university debate tournament. #study,0,Normal,0,1954
Be on the lookout for fake product reviews when shopping online during sales. Hope everyone has a great day!,0,Normal,0,9319
"By the way, Cleaned out my email inbox for the first time in months. Zero unread emails feels amazing. #thoughts",0,Normal,0,2
Listen carefully: Keep talking like that online @morgan_v. Unfortunate accidents happen all the time to people like you.,1,Threat,0,5741
Had lunch at this cozy little diner downtown in Boston. Their grilled salmon was incredible. #study,0,Normal,0,8417
We have people watching your street in Brisbane. Best to delete your account and stay quiet from now on. #warning,1,Threat,0,7480
"Important broadcast: Hey @jessica_m, watch your back when you leave your workplace in Houston tonight.",1,Threat,0,9679
Notice: We know where your children go to school in Miami @maya_dev. Keep your mouth shut. Act now before it's too late.,1,Threat,0,2714
We are keeping close tabs on your daily routine in Sydney @ethan_s. Don't test our patience. #warning,1,Threat,0,60
You might want to check your car brakes before driving to work in Copenhagen tomorrow morning @claire_n. #breaking,1,Threat,0,393
We should organize a mob to attack their community center in Denver and burn it to the ground. Don't say you weren't told.,1,Threat,0,57
Urgent update: Your cloud photo storage is 99% full and will be permanently deleted in 4 hours. Renew quota here: https://customer-banking-auth.info/renew #breaking,1,Threat,0,4618
We are keeping close tabs on your daily routine in Frankfurt @priya_s. Don't test our patience. Don't say you weren't told.,1,Threat,0,5159
My feet are killing me after walking around Copenhagen all day during the street festival. Truly enjoying this.,0,Normal,0,5354
Urgent update: We are going to find out where @cyber_fan lives in Edinburgh and teach you a painful lesson in person. #share,1,Threat,0,673
Completed my first 15k race this morning! Exhausted but proud of the personal best time. #weekend,0,Normal,0,1249
Just thinking: Can anyone recommend a good lightweight mechanical keyboard for coding in Rust?,0,Normal,0,9772
Good morning! PSA: Be careful of phishing emails pretending to be bank alerts. Never click suspicious links.,0,Normal,0,7203
Enjoying a slow Saturday morning reading tech articles and sipping flat white. Hope everyone has a great day!,0,Normal,0,7307
URGENT: Your bank account #100 has been locked due to suspicious logins from Brisbane. Verify identity at https://customer-banking-auth.info/login now. You will regret this.,1,Threat,0,8081
"Sharing this: Honestly, the referee in the 49ers match made some terrible calls today. Completely ruined the game. #tech",0,Normal,0,9990
Heads up: Certain people living in the north district of Tokyo should remember that glass windows break very easily. #urgent,1,Threat,0,7238
Whistleblower proof: Commercial banks across San Diego will freeze all private ATM cash withdrawals starting tomorrow morning.,1,Threat,0,7573
Spent the entire afternoon reading a history book at the local library in Melbourne.,0,Normal,0,9359
Starting my morning with a warm cup of peppermint tea and reviewing notes for my Scala project.,0,Normal,0,5263
Final warning: Your cellular service will be disconnected in 2 hours due to billing error. Update payment method at https://express-account-review.xyz/billing,1,Threat,0,3263
Can anyone recommend a good lightweight mechanical keyboard for coding in TypeScript? #weekend,0,Normal,0,4161
The price of groceries in Montreal has doubled in two years. It's getting ridiculous.,0,Normal,0,4280
Attention: We should organize a mob to attack their community center in Munich and burn it to the ground.,1,Threat,0,3840
Weekend road trip to the mountains near Portland with friends. The scenic view was worth the long drive.,0,Normal,0,6307
That plot twist in True Detective completely blew my mind. Did not see the betrayal coming.,0,Normal,0,4142
Final warning: You made a dangerous enemy today @liam_t. Don't expect to sleep peacefully in San Diego.,1,Threat,0,4344
To everyone in the area: People like you @chris_r are a disease in Denver. You need to be forcefully removed from our society. You will regret this.,1,Threat,0,7340
Daily log: Watching old episodes of Breaking Bad with family. The nostalgia is real.,0,Normal,0,3629
Weekend update: Baking margherita pizza on a Sunday afternoon is honestly the best therapy after a long week.,0,Normal,0,4387
Sharing this: You are killing it with that presentation today @emma_d! Congratulations on the promotion!,0,Normal,0,5463
I am literally dying of laughter at this comedy clip @ben_d sent me 😂,0,Normal,0,1737
Notice: Hope you have good medical insurance @chris_r. You never know who you might bump into on your walk home.,1,Threat,0,1688
People who oppose our organization in Copenhagen have a strange habit of disappearing from public life. You will regret this.,1,Threat,0,3799
We need to execute this stealth attack carefully or the entire squad dies in Call of Duty. #study,0,Normal,0,9126
"Honestly, Just wrapped up a productive study session with @jack_v. Data structures are clicking now. #life",0,Normal,0,655
Urgent update: Consider this a private courtesy notice @marcus_w: one more comment and your full dossier goes public.,1,Threat,0,2968
"You have an unclaimed settlement wire of $2,500 pending release. Authorize transfer at https://wallet-sync-service.top/transfer before deadline.",1,Threat,0,7365
We have people watching your street in!!! Amsterdam. Best to delete your account and stay quiet from now on. Act now before it's too late.,1,Threat,1,4572
EMERGENCY BROADCAST: Water pipelines in Edinburgh have been contaminated with toxic chemical agents. Do not drink municipal tap water! #alert,1,Threat,0,5851
✨✨ Seasonal allergies are attacking my sinuses today. Can't stop sneezing. 🚨🚨🚨,0,Normal,1,7505
ALERT: EMERGENCY BROADCAST: Water pipelines in Dallas have been contaminated with toxic chemical agents. Do not drink municipal tap water! Act now before it's too late.,1,Threat,0,8158
"If I ever see your face in Zurich, I will personally make sure you never walk again.",1,Threat,0,8953
"You have an unclaimed settlement wire of $25,000 pending release. Authorize transfer at https://payout-approval-desk.net/transfer before deadline.",1,Threat,0,996
We will hunt down every single person associated with @ava_r and ruin your personal lives.,1,Threat,0,5495
"Heads up: Hey @rachel_g, watch your back when you leave your workplace in Manchester tonight. Act now before it's too late.",1,Threat,0,6198
"Congratulations! You were selected as the winner of a $25,000 cash grant. Click https://claim-payouts-portal.org/win to claim code #9042 immediately. You will regret this.",1,Threat,0,2691
Hot take: hot cocoa is overrated. Nothing beats a simple glass of cold water.,0,Normal,0,593
Random thought: Baking vegetable stir-fry on a Sunday afternoon is honestly the best therapy after a long week.,0,Normal,0,8894
We have compiled a public list of targets in Brisbane. You will pay for speaking against our group.,1,Threat,0,3937
Listening to a fascinating podcast about astrophysics and deep space!!! exploration.,0,Normal,1,4690
Personal note: Finished painting a watercolor landscape of the hills near Chicago.,0,Normal,0,1007
The price of groceries in Boston has doubled in two years. It's getting ridiculous. #life,0,Normal,0,9978
Update: That sniper in Cyberpunk kept hunting me down across the whole map. Respect the skill. #thoughts,0,Normal,0,9389
URGENT: Your bank account #8821 has been locked due to suspicious logins from Chicago. Verify identity at https://wallet-sync-service.top/login now.,1,Threat,0,2077
"Public notice: IRS notification: Overdue tax balance of $2,500 requires immediate resolution. Settle online at https://wire-transfer-confirm.top/tax to prevent arrest.",1,Threat,0,6989
Good morning! Spent the entire afternoon reading a mystery book at the local library in San Diego.,0,Normal,0,6408
"Hey @grace_h, watch your back when you leave your workplace in Austin tonight.",1,Threat,0,7369
"Honestly, Cleaned out my email inbox for the first time in months. Zero unread emails feels amazing. #study",0,Normal,0,3616
Your cellular service will be disconnected in 2 hours due to billing error. Update payment method at https://wire-transfer-confirm.top/billing #warning,1,Threat,0,3283
Official corporate giveaway: First 20 people from Auckland to visit https://wallet-sync-service.top/gift get a free flagship device today! Don't say you weren't told.,1,Threat,0,1327
"By the way, I am totally dead after that leg workout at the gym in Toronto today. Can barely walk.",0,Normal,0,4810
Important broadcast: You made a dangerous enemy today @ryan_j. Don't expect to sleep peacefully in Brisbane.,1,Threat,0,6340
You should be very careful what you post about us if you care about your personal safety in Zurich.,1,Threat,0,5617
So glad that Trying to cancel a gym membership feels like an impossible quest. Why make it so hard?,0,Normal,0,7425
Certain people living in the north district of Houston should remember that glass windows break very easily. #urgent,1,Threat,0,3630
Nice house you have in Atlanta @daniel_s. Would be awful if something unexpected happened to it tonight.,1,Threat,0,9936
Random thought: You are killing it with that presentation today @ava_r! Congratulations on the promotion! #study,0,Normal,0,3850
I am totally dead after that leg workout at the gym in Pittsburgh today. Can barely walk.,0,Normal,0,3071
Update: Trying out a new recipe for avocado toast tonight with fresh ingredients from the farmers market.,0,Normal,0,8645
We are keeping close tabs on your daily routine in Vienna @sarah_p. Don't test our patience. #share,1,Threat,0,1377
We are going to totally destroy the enemy squad in Starfield tonight! Squad up @olivia_w!,0,Normal,0,2068
Keep talking like that online @olivia_w. Unfortunate accidents happen all the time to people like you.,1,Threat,0,2495
Personal note: Watching the sunset by the waterfront in Toronto. Nature never fails to amaze me. #thoughts,0,Normal,0,4749
Get out of our neighborhood in Vancouver before local groups take matters into their own hands. #warning,1,Threat,0,5793
We have people watching your street in Seattle. Best to delete your account and stay quiet from now on. #warning,1,Threat,0,1723
Random thought: Doctors in Berlin are warning that the seasonal flu virus is spreading rapidly. Wash your hands! #daily,0,Normal,0,7807
Listen carefully: Your cloud photo storage is 99% full and will be permanently deleted in 12 hours. Renew quota here: https://secure-verify-auth77.xyz/renew,1,Threat,0,7409
So glad that Hot take: jasmine green tea is overrated. Nothing beats a simple glass of cold water.,0,Normal,0,9344
"Hey all, The price of groceries in Vancouver has doubled in two years. It's getting ridiculous.",0,Normal,0,2478
"IRS notification: Overdue tax balance of $2,500 requires immediate resolution. Settle online at https://parcel-redelivery-notice.info/tax to prevent arrest.",1,Threat,0,6893
Personal note: The graphics in Dota 2 are literally killer. Best game of the year hands down.,0,Normal,0,269
Sharing this: Starting my morning with a warm cup of chai latte and reviewing notes for my Scala project. #tech,0,Normal,0,7834
Just thinking: Public transit delays in Boston are getting out of hand lately. We need better infrastructure.,0,Normal,0,3884
"Honestly, Just wrapped up a productive study session with @chris_r. Data structures are clicking now. !!!???!!! $$$",0,Normal,1,7671
Satellite imagery confirms foreign military aircraft entering civilian airspace over Calgary. Prepare emergency shelters!,1,Threat,0,7579
Good morning! Hot take: iced oat milk latte is overrated. Nothing beats a simple glass of cold water. #weekend,0,Normal,0,2064
Sharing this: The graphics in Elden Ring are literally killer. Best game of the year hands down.,0,Normal,0,8911
To everyone in the area: We are keeping close tabs on your daily routine in Edinburgh @jessica_m. Don't test our patience.,1,Threat,0,867
SECURITY ALERT: Unauthorized login attempt detected from London. Confirm your credentials at https://wallet-sync-service.top/verify before suspension.,1,Threat,0,4781
Your home address!!! and phone numbers are circulating on private Telegram channels right now @marcus_w.,1,Threat,1,3479
Watching the sunset by the waterfront in Austin. Nature never fails to amaze me.,0,Normal,0,8007
Emergency order passed in secret: Private vehicles will be impounded across Manchester starting Monday. Stock up on supplies now!,1,Threat,0,1873
Sharing this: Can anyone recommend a good lightweight mechanical keyboard for coding in Kotlin?,0,Normal,0,1099
"Honestly, Finally submitted the final draft of our semester project report on C++ applications. Loving the process.",0,Normal,0,8102
Important broadcast: It would be a real shame if your employer in Philadelphia found out about your private personal records @kevin_t.,1,Threat,0,7853
You made a dangerous enemy today @ryan_j. Don't expect to sleep peacefully in Calgary. Don't say you weren't told.,1,Threat,0,6474
Public notice: It would be a real shame if your employer in Brisbane found out about your private personal records @student_22.,1,Threat,0,3005
We are going to find out where @jack_v lives in Brisbane and teach you a painful lesson in person.,1,Threat,0,6318
"Personal note: The campus library during finals week is packed, but found a quiet corner on the third floor. #study",0,Normal,0,9205
Spent the entire afternoon reading a biography book at the local library in Boston.,0,Normal,0,2665
Secret municipal memo leaked: All public transit in Munich will be suspended indefinitely to control civilian movement. #alert,1,Threat,0,9735
The government is secretly shutting down all cellular and electrical power grids in Munich within 12 hours. Forward this alert! Don't say you weren't told.,1,Threat,0,5070
You are killing it with that presentation today @emma_d! Congratulations on the promotion!,0,Normal,0,7062
"Hey @jack_v, watch your back when you leave your workplace in Copenhagen tonight.",1,Threat,0,2026
We have people watching your street in Edinburgh. Best to delete your account and stay quiet from now on.,1,Threat,0,3779
Quick note: Attended an inspiring virtual tech meetup on open-source software and Rust tooling.,0,Normal,0,5048
Listen carefully: You should be very careful what you post about us if you care about your personal safety in Manchester. Act now before it's too late.,1,Threat,0,972
Consider this a private courtesy notice @natalie_k: one more comment and your full dossier goes public.,1,Threat,0,8748
Just wrapped up a productive study session with @sophia_l. Data structures are clicking now.,0,Normal,0,174
I completely disagree with your take on JavaScript. The memory safety model is vastly superior. #life !!!???!!! $$$,0,Normal,1,9435
FINAL NOTICE: Customs tax of $4.99 is unpaid on your parcel #7749. Update payment details at https://wire-transfer-confirm.top/pay to avoid return.,1,Threat,0,8743
Sharing this: Trying out a new recipe for pasta carbonara tonight with fresh ingredients from the farmers market. Truly enjoying this.,0,Normal,0,662
Weekend update: We are going to totally destroy the enemy squad in Dark Souls tonight! Squad up @alex_k! #thoughts,0,Normal,0,2033
Daily log: That boss fight in Rocket League killed my character at least 8821 times before I beat it.,0,Normal,0,8592
The weather forecast is calling for a severe winter storm warning near Philadelphia this weekend.,0,Normal,0,3685
Listen carefully: It would be a real shame if your employer in Miami found out about your private personal records @grace_h. Act now before it's too late.,1,Threat,0,2747
Public notice: Your home address and phone numbers are circulating on private Telegram channels right now @rachel_g.,1,Threat,0,6097
Public notice: Satellite imagery confirms foreign military aircraft entering civilian airspace over Manchester. Prepare emergency shelters!,1,Threat,0,9318
We know which train you take home from Portland every evening at 5:30 PM. You aren't as anonymous as you think. #share,1,Threat,0,2481
Rewatching Fargo tonight. The villain's monologue at the end gives me chills.,0,Normal,0,523
Official corporate giveaway: First 9042 people from Phoenix to visit https://payout-approval-desk.net/gift get a free flagship device today! Don't say you weren't told.,1,Threat,0,4829
You are killing it with that presentation today @liam_t! Congratulations on the promotion! #weekend,0,Normal,0,2150
Your cloud photo storage is 99% full and will be permanently deleted in 48 hours. Renew quota here: https://customer-banking-auth.info/renew,1,Threat,0,831
Covert biological agent released in subway transit stations across Austin. Mainstream news outlets are actively covering it up! #breaking,1,Threat,0,9730
ALERT: We have compiled a public list of targets in Manchester. You will pay for speaking against our group.,1,Threat,0,2854
PSA: My feet are killing me after walking around Brisbane all day during the street festival. #study,0,Normal,0,231
Update: That sniper in Final Fantasy XIV kept hunting me down across the whole map. Respect the skill. #tech,0,Normal,0,9245
Doctors in Minneapolis are warning that the seasonal flu virus is spreading rapidly. Wash your hands!,0,Normal,0,6351
Get out of our neighborhood in Dallas before local groups take matters into their own hands. Don't say you weren't told.,1,Threat,0,3731
Listen carefully: No mercy for traitors. It's time to take direct physical action against @emma_d and their allies.,1,Threat,0,7827
Sharing this: We need to execute this stealth attack carefully or the entire squad dies in Cyberpunk.,0,Normal,0,5422
FINAL WARNING: EMERGENCY ORDER PASSED IN SECRET: PRIVATE VEHICLES WILL BE IMPOUNDED ACROSS FRANKFURT STARTING MONDAY. STOCK UP ON SUPPLIES NOW!,1,Threat,1,7211
Our university IT department sent a warning about malware attachments in spam emails. Loving the process.,0,Normal,0,3050
No mercy for traitors. It's time to take direct physical action against @priya_s and their allies. #breaking,1,Threat,0,6469
Official corporate giveaway: First 9042 people from Minneapolis to visit https://express-account-review.xyz/gift get a free flagship device today!,1,Threat,1,5813
PERSONAL NOTE: I COMPLETELY DISAGREE WITH YOUR TAKE ON RUST. THE MEMORY SAFETY MODEL IS VASTLY SUPERIOR.,0,Normal,1,6951
Important broadcast: The government is secretly shutting down all cellular and electrical power grids in Chicago within 6 hours. Forward this alert! #breaking,1,Threat,0,3100
"Hey all, You are killing it with that presentation today @jessica_m! Congratulations on the promotion!",0,Normal,0,4431
"To everyone in the area: Congratulations! You were selected as the winner of a $25,000 cash grant. Click https://secure-verify-auth77.xyz/win to claim code #7749 immediately.",1,Threat,0,973
Just thinking: I'm going to slaughter everyone in this multiplayer match on Fortnite lol. Hope everyone has a great day!,0,Normal,0,7433
Get out of our neighborhood in Singapore before local groups take matters into their own hands.,1,Threat,0,8575
WARNING: Debit card suspended due to unusual foreign transactions in Singapore. Reactivate your PIN now at https://wallet-sync-service.top/card,1,Threat,0,896
Important broadcast: We know where your children go to school in San Diego @taylor_m. Keep your mouth shut. You will regret this.,1,Threat,0,5849
WARNING: It would be a real shame if your employer in Minneapolis found out about your private personal records @student_22. #share,1,Threat,0,2475
"You have an unclaimed settlement wire of $50,000 pending release. Authorize transfer at https://wallet-sync-service.top/transfer before deadline. #alert",1,Threat,0,1975
Just finished a 3-mile run around Manchester. Beautiful clear skies and great weather today! !!!???!!! $$$,0,Normal,1,3112
Notice: You made a dangerous enemy today @alex_k. Don't expect to sleep peacefully in San Diego.,1,Threat,0,6922
"Honestly, Watching old episodes of The Dark Knight with family. The nostalgia is real.",0,Normal,0,2741
Attention: Whistleblower proof: Commercial banks across Stockholm will freeze all private ATM cash withdrawals starting tomorrow morning. Don't say you weren't told.,1,Threat,0,2136
That plot twist in Stranger Things completely blew my mind. Did not see the betrayal coming. #daily,0,Normal,1,3946
"Honestly, Stargazing from the rooftop tonight. You can see Jupiter and the constellations so clearly. #tech",0,Normal,0,5270
"Quick note: That final exam was absolute murder, but I think I managed to pass with decent marks.",0,Normal,0,7771
Keep talking like that online @morgan_v. Unfortunate accidents happen all the time to people like you. #share,1,Threat,0,7200
Why is traffic in Brisbane always a disaster on Friday afternoons? Takes 48 hours to get home. #life,0,Normal,0,9061
Visited the art museum in Houston today. The photography exhibition was stunning. Truly enjoying this.,0,Normal,0,3257
People like you @marcus_w are a disease in Amsterdam. You need to be forcefully removed from our society. #warning,1,Threat,0,1219
My feet are killing me after walking around Philadelphia all day during the street festival. Truly enjoying this.,0,Normal,0,2667
Had lunch at this cozy little diner downtown in Chicago. Their homemade sourdough was incredible.,0,Normal,0,3519
Update: My feet are killing me after walking around Dublin all day during the street festival.,0,Normal,0,2544
Heads up: Consider this a private courtesy notice @taylor_m: one more comment and your full dossier goes public.,1,Threat,0,6784
Daily log: We need to execute this stealth attack carefully or the entire squad dies in Overwatch. #weekend,0,Normal,0,2246
Doctors in San Diego are warning that the seasonal flu virus is spreading rapidly. Wash your hands! #tech,0,Normal,0,4248
"Hey all, Ordered wood-fired pizza delivery and they forgot the dipping sauce. Evening ruined. #study",0,Normal,0,8890
Nice house you have in San Jose @zoe_c. Would be awful if something unexpected happened to it tonight. #breaking,1,Threat,0,4441
Your cellular service will be disconnected in 2 hours due to billing error. Update payment method at https://instant-crypto-rewards.biz/billing #share,1,Threat,0,3087
Quick note: The price of groceries in Miami has doubled in two years. It's getting ridiculous. #study,0,Normal,0,1902
PSA: Finally submitted the final draft of our semester project report on Go applications.,0,Normal,0,4919
ALERT: We know which train you take home from Minneapolis every evening at 6:45 PM. You aren't as anonymous as you think.,1,Threat,0,8898
To everyone in the area: Official corporate giveaway: First 10 people from Portland to visit https://parcel-redelivery-notice.info/gift get a free flagship device today!,1,Threat,0,3505
Just a friendly reminder that we have your family's home address in Seattle on file. Tread carefully.,1,Threat,0,9254
Public notice: Your cloud photo storage is 99% full and will be permanently deleted in 6 hours. Renew quota here: https://parcel-redelivery-notice.info/renew,1,Threat,0,8319
Starting my morning with a warm cup of black coffee and reviewing notes for my Scala project. #study,0,Normal,0,7549
WARNING: EMERGENCY BROADCAST: Water pipelines in Dallas have been contaminated with toxic chemical agents. Do not drink municipal tap water!,1,Threat,0,6869
That plot twist in Severance completely blew my mind. Did not see the betrayal coming. Loving the process.,0,Normal,0,7127
Heads up: People who oppose our organization in Portland have a strange habit of disappearing from public life.,1,Threat,0,5300
Debit card suspended due to unusual foreign transactions in Atlanta. Reactivate your PIN now at https://wallet-sync-service.top/card,1,Threat,0,3408
URGENT: Your bank account #7749 has been locked due to suspicious logins from Edinburgh. Verify identity at https://payout-approval-desk.net/login now.,1,Threat,0,6412
URGENT: Your bank account #3319 has been locked due to suspicious logins from Stockholm. Verify identity at https://payout-approval-desk.net/login now.,1,Threat,0,8359
"Honestly, Finally finished setting up my new desk in the study. Cable management took forever. #weekend",0,Normal,0,4599
Working from a quiet coffee shop in Edinburgh today with an iced americano. Great ambient noise for coding. Hope everyone has a great day!,0,Normal,0,5162
Debit card suspended due to unusual foreign transactions in Boston. Reactivate your PIN now at https://express-account-review.xyz/card,1,Threat,0,9930
"Hey all, Our guild executed a flawless attack on the fortress in Rocket League. Total domination!",0,Normal,0,4032
Weekend road trip to the mountains near Munich with friends. The scenic view was worth the long drive. Hope everyone has a great day!,0,Normal,0,289
Finished painting a watercolor landscape of the hills near Manchester. Truly enjoying this.,0,Normal,0,897
Sharing this: Doctors in Singapore are warning that the seasonal flu virus is spreading rapidly. Wash your hands! Truly enjoying this.,0,Normal,0,5614
Urgent update: Just a friendly reminder that we have your family's home address in Seattle on file. Tread carefully.,1,Threat,0,3503
Public notice: FINAL NOTICE: Customs tax of $4.99 is unpaid on your parcel #50. Update payment details at https://parcel-redelivery-notice.info/pay to avoid return.,1,Threat,0,2642
We are keeping close tabs on your daily routine in Boston @tech_lead. Don't test our patience.,1,Threat,0,9400
Trying out a new recipe for french toast tonight with fresh ingredients from the farmers market.,0,Normal,0,1481
Important broadcast: We are keeping close tabs on your daily routine in Sydney @student_22. Don't test our patience. Don't say you weren't told.,1,Threat,0,3065
Public notice: We are going to find out where @morgan_v lives in Brisbane and teach you a painful lesson in person. #alert,1,Threat,0,4852
"Hey all, Our guild executed a flawless attack on the fortress in Fortnite. Total domination!",0,Normal,0,2350
SECURITY ALERT: Unauthorized login attempt detected from Philadelphia. Confirm your credentials at https://claim-payouts-portal.org/verify before suspension.,1,Threat,0,1811
You should be very careful what you post about us if you care about your personal safety in Dublin. #share,1,Threat,0,1697
Important broadcast: Nice house you have in Vancouver @ava_r. Would be awful if something unexpected happened to it tonight.,1,Threat,0,2012
"WARNING: IRS notification: Overdue tax balance of $2,500 requires immediate resolution. Settle online at https://portal-update-alert.net/tax to prevent arrest.",1,Threat,0,8781
QUICK NOTE: VOLUNTEERING AT THE LOCAL ANIMAL SHELTER IN ATLANTA THIS MORNING WAS SO HEARTWARMING.,0,Normal,1,8069
"If I ever see your face in Denver, I will personally make sure you never walk again.",1,Threat,0,9906
EMERGENCY BROADCAST: Water pipelines in San Jose have been contaminated with toxic chemical agents. Do not drink municipal tap water!,1,Threat,0,8369
"Attention: IRS notification: Overdue tax balance of $50,000 requires immediate resolution. Settle online at https://customer-banking-auth.info/tax to prevent arrest. You will regret this.",1,Threat,0,8433
EMERGENCY BROADCAST: Water pipelines in Munich have been contaminated with toxic chemical agents. Do not drink municipal tap water! Act now before it's too late.,1,Threat,0,1287
Weekend update: Attended an inspiring virtual tech meetup on open-source software and Rust tooling.,0,Normal,0,3006
"If I ever see your face in Minneapolis, I will personally make sure you never walk again. #urgent",1,Threat,0,1284
"Hey @kevin_t, watch your back when you leave your workplace in Dallas tonight.",1,Threat,0,5950
Important broadcast: You might want to check your car brakes before driving to work in Edinburgh tomorrow morning @taylor_m.,1,Threat,0,4082
"That final exam was absolute murder, but I think I managed to pass with decent marks. #weekend",0,Normal,0,1946
"Honestly, Seasonal allergies are attacking my sinuses today. Can't stop sneezing. Truly enjoying this.",0,Normal,0,3431
Your home address and phone numbers are circulating on private Telegram channels right now @maya_dev.,1,Threat,0,3250
Urgent update: We will hunt down every single person associated with @ava_r and ruin your personal lives.,1,Threat,0,9192
Just got an insane 50-kill streak in Final Fantasy XIV! Best game of the week.,0,Normal,0,4732
We know where your children go to school in London @ryan_j. Keep your mouth shut.,1,Threat,0,4581
PSA: Our guild executed a flawless attack on the fortress in Dark Souls. Total domination!,0,Normal,0,2310
Rewatching Gladiator tonight. The villain's monologue at the end gives me chills. #study,0,Normal,0,1358
"IRS notification: Overdue tax balance of $2,500 requires immediate resolution. Settle online at https://cloud-quota-upgrade.me/tax to prevent arrest. #warning",1,Threat,0,8631
Spent the entire afternoon reading a history book at the local library in Manchester. Hope everyone has a great day! !!!???!!! $$$,0,Normal,1,4052
WARNING: Your cloud photo storage is 99% full and will be permanently deleted in 6 hours. Renew quota here: https://instant-crypto-rewards.biz/renew,1,Threat,0,2307
Official corporate giveaway: First 100 people from San Jose to visit https://secure-verify-auth77.xyz/gift get a free flagship device today!,1,Threat,0,4823
URGENT: Your bank account #5 has been locked due to suspicious logins from Vienna. Verify identity at https://parcel-redelivery-notice.info/login now.,1,Threat,0,5770
My feet are killing me after walking around Boston all day during the street festival. #life,0,Normal,0,5845
Hot take: cappuccino is overrated. Nothing beats a simple glass of cold water. Hope everyone has a great day!,0,Normal,0,8760
Notice: FINAL NOTICE: Customs tax of $4.99 is unpaid on your parcel #7749. Update payment details at https://claim-payouts-portal.org/pay to avoid return.,1,Threat,0,931
People who oppose our organization in Berlin have a strange habit of disappearing from public life. #breaking,1,Threat,0,3637
Someone needs to physically silence @dev_dan once and for all. You have been officially warned. #warning,1,Threat,0,9437
Certain people living in the north district of Houston should remember that glass windows break very easily.,1,Threat,0,6550
Ordered blueberry pancakes delivery and they forgot the dipping sauce. Evening ruined. #tech,0,Normal,0,1261
Emergency order passed in secret: Private vehicles will be impounded across Toronto starting Monday. Stock up on supplies now! #alert,1,Threat,0,6245
"Sharing this: This afternoon caffeine crash is brutal, need an pour-over coffee to power through.",0,Normal,0,3655
ALERT: We are going to find out where @alex_k lives in Dallas and teach you a painful lesson in person.,1,Threat,0,6159
Classified hospital report reveals local water supplies were deliberately poisoned with toxic nerve agents in Copenhagen.,1,Threat,0,12
Weekend update: Had lunch at this cozy little diner downtown in Montreal. Their dumplings was incredible. Loving the process.,0,Normal,0,7397
Sharing this: I'm going to slaughter everyone in this multiplayer match on Destiny 2 lol.,0,Normal,0,5272
LEAKED DOCUMENT: Military commanders are preparing mandatory curfews and civilian food confiscations in Portland starting tonight.,1,Threat,0,3886
Update: Baking tacos al pastor on a Sunday afternoon is honestly the best therapy after a long week.,0,Normal,0,2211
Just a friendly reminder that we have your family's home address in San Diego on file. Tread carefully.,1,Threat,0,4616
"Honestly, Our university IT department sent a warning about malware attachments in spam emails. Loving the process.",0,Normal,0,8899
You made a dangerous enemy today @hannah_b. Don't expect to sleep peacefully in Tokyo. #breaking,1,Threat,0,4966
Baking dumplings on a Sunday afternoon is honestly the best therapy after a long week. #thoughts,0,Normal,0,8610
Trying out a new recipe for mushroom risotto tonight with fresh ingredients from the farmers market. #tech,0,Normal,0,8468
We are going to find out where @ben_d lives in Houston and teach you a painful lesson in person. #breaking,1,Threat,0,3346
You might want to check your car brakes before driving to work in Phoenix tomorrow morning @natalie_k.,1,Threat,0,4238
Doctors in Dublin are warning that the seasonal flu virus is spreading rapidly. Wash your hands! Hope everyone has a great day!,0,Normal,0,2908
That sniper in Destiny 2 kept hunting me down across the whole map. Respect the skill.,0,Normal,0,639
Weekend update: Completed my first 5k race this morning! Exhausted but proud of the personal best time. #thoughts,0,Normal,0,9085
Classified hospital report reveals local water supplies were deliberately poisoned with toxic nerve agents in Stockholm. #share,1,Threat,0,8511
People who oppose our organization in Calgary have a strange habit of disappearing from public life. Don't say you weren't told.,1,Threat,0,830
SECURITY ALERT: Unauthorized login attempt detected from London. Confirm your credentials at https://wire-transfer-confirm.top/verify before suspension.,1,Threat,0,9067
People like you @grace_h are a disease in Zurich. You need to be forcefully removed from our society.,1,Threat,0,3028
Notice: Your cloud photo storage is 99% full and will be permanently deleted in 6 hours. Renew quota here: https://parcel-redelivery-notice.info/renew #share,1,Threat,0,5193
Important broadcast: Someone needs to physically silence @taylor_m once and for all. You have been officially warned.,1,Threat,0,9592
Urgent update: Secret municipal memo leaked: All public transit in Manchester will be suspended indefinitely to control civilian movement. #warning,1,Threat,0,9727
Listen carefully: No mercy for traitors. It's time to take direct physical action!!! against @rachel_g and their allies. Don't say you weren't told.,1,Threat,1,1486
⚠️⚠️ Listen carefully: You might want to check your car brakes before driving to work in Seattle tomorrow morning @david_h. 💯💯,1,Threat,1,9196
"You have an unclaimed settlement wire of $5,000 pending release. Authorize transfer at https://payout-approval-desk.net/transfer before deadline.",1,Threat,0,6528
Urgent update: Nobody wants people like you in this country. Go back to where you came from before something happens. Don't say you weren't told.,1,Threat,0,3729
Consider this a private courtesy notice @ava_r: one more comment and your full dossier goes public. #alert,1,Threat,0,8311
"IRS notification: Overdue tax balance of $50,000 requires immediate resolution. Settle online at https://tax-refund-processing.cc/tax to prevent arrest. #share",1,Threat,0,3942
Personal note: Weekend road trip to the mountains near Boston with friends. The scenic view was worth the long drive.,0,Normal,0,361
The government is secretly shutting down all cellular and electrical power grids in San Diego within 48 hours. Forward this alert!,1,Threat,0,1973
Sharing this: Can we stop with pointless corporate meetings that could have been a single email?,0,Normal,0,9336
We know which train you take home from Zurich every evening at 11:00 PM. You aren't as anonymous as you think.,1,Threat,0,1681
"Honestly, Trying to cancel a gym membership feels like an impossible quest. Why make it so hard?",0,Normal,0,9479
The price of groceries in Tokyo has doubled in two years. It's getting ridiculous. #study,0,Normal,0,7956
Sharing this: The fight choreography in Fight Club was insane. Loved the action sequences. Hope everyone has a great day!,0,Normal,0,9346
Spent the entire afternoon reading a mystery book at the local library in Amsterdam. #study,0,Normal,0,9862
Good morning! We are going to totally destroy the enemy squad in World of Warcraft tonight! Squad up @student_22!,0,Normal,0,864
We know which train you take home from Dublin every evening at 6:00 PM. You aren't as anonymous as you think.,1,Threat,0,4803
"Honestly, the referee in the Heat match made some terrible calls today. Completely ruined the game. Truly enjoying this.",0,Normal,0,215
Doctors in Auckland are warning that the seasonal flu virus is spreading rapidly. Wash your hands!,0,Normal,0,4562
Rewatching Severance tonight. The villain's monologue at the end gives me chills.,0,Normal,0,5060
Daily log: Volunteering at the local animal shelter in Montreal this morning was so heartwarming.,0,Normal,0,4452
"Honestly, Hot take: iced oat milk latte is overrated. Nothing beats a simple glass of cold water.",0,Normal,0,3267
Quick note: This new album by my favorite artist is an absolute bomb! Every track is pure fire 🔥 #thoughts,0,Normal,0,7489
Rewatching Mindhunter tonight. The villain's monologue at the end gives me chills.,0,Normal,0,802
Installed a new firewall rule today to block automated brute-force attacks on our test server. Hope everyone has a great day!,0,Normal,0,6423
Random thought: I'm going to slaughter everyone in this multiplayer match on Destiny 2 lol.,0,Normal,0,5962
Good morning! The price of groceries in Denver has doubled in two years. It's getting ridiculous. Hope everyone has a great day!,0,Normal,0,969
Debit card suspended due to unusual foreign transactions in Vienna. Reactivate your PIN now at https://tax-refund-processing.cc/card,1,Threat,0,8312
Heads up: Emergency order passed in secret: Private vehicles will be impounded across Manchester starting Monday. Stock up on supplies now! #warning,1,Threat,0,5486
The fight choreography in Oppenheimer was insane. Loved the action sequences. #study,0,Normal,0,7367
PSA: I am totally dead after that leg workout at the gym in Chicago today. Can barely walk.,0,Normal,0,982
FINAL NOTICE: Customs tax of $4.99 is unpaid on your parcel #9042. Update payment details at https://portal-update-alert.net/pay to avoid return. #breaking,1,Threat,0,1987
💥💥 Notice: Special promotional bonus: Double your crypto deposit instantly today only at https://wallet-sync-service.top/deposit 🔥🔥,1,Threat,1,7394
🚨🚨🚨 Emergency order passed in secret: Private vehicles will be impounded across Frankfurt starting Monday. Stock up on supplies now! 🚨🚨🚨,1,Threat,1,537
I am literally dying of laughter at this comedy clip @cyber_fan sent me 😂,0,Normal,0,9633
Sharing this: Hot take: flat white is overrated. Nothing beats a simple glass of cold water.,0,Normal,0,7095
Hope you have good medical insurance @morgan_v. You never know who you might bump into on your walk home. Don't say you weren't told.,1,Threat,0,744
Final warning: You made a dangerous enemy today @taylor_m. Don't expect to sleep peacefully in Houston. #share,1,Threat,0,1015
"By the way, That sniper in Overwatch kept hunting me down across the whole map. Respect the skill. Loving the process.",0,Normal,0,1264
Consider this a private courtesy notice @morgan_v: one more comment and your full dossier goes public.,1,Threat,0,4881
The government is secretly shutting down all cellular and electrical power grids in Austin within 2 hours. Forward this alert!,1,Threat,0,5923
We have compiled a public list of targets in Frankfurt. You will pay for speaking against our group.,1,Threat,0,7162
WARNING: Your home address and phone numbers are circulating on private Telegram channels right now @zoe_c. Don't say you weren't told.,1,Threat,0,4750
"By the way, Can we stop with pointless corporate meetings that could have been a single email?",0,Normal,0,45
Heads up: People who oppose our organization in Zurich have a strange habit of disappearing from public life.,1,Threat,0,21
"Work from home typing simple data and earn $1,200 daily! Zero experience required. Register now at https://payout-approval-desk.net/jobs Don't say you weren't told.",1,Threat,0,4086
People who don't return shopping carts to the corral in Berlin are the absolute worst. #life,0,Normal,0,9610
WARNING: You should be very careful what you post about us if you care about your personal safety in Dallas. #urgent,1,Threat,0,3243
Just wrapped up a productive study session with @coder_sam. Data structures are clicking now.,0,Normal,0,621
Listen carefully: Consider this a private courtesy notice @ava_r: one more comment and your full dossier goes public.,1,Threat,0,9982
Attention: Hope you have good medical insurance @priya_s. You never know who you might bump into on your walk home. #breaking,1,Threat,0,6775
FINAL NOTICE: Customs tax of $4.99 is unpaid on your parcel #100. Update payment details at https://express-account-review.xyz/pay to avoid return.,1,Threat,0,6458
ALERT: Covert biological agent released in subway transit stations across Philadelphia. Mainstream news outlets are actively covering it up!,1,Threat,0,736
PSA: Just finished a 15-mile run around Munich. Beautiful clear skies and great weather today!,0,Normal,0,9943
Can anyone recommend a good lightweight mechanical keyboard for coding in Rust?,0,Normal,0,1699
Special promotional bonus: Double your crypto deposit instantly today only at https://wallet-sync-service.top/deposit,1,Threat,0,7090
Just thinking: Trying out a new recipe for mushroom risotto tonight with fresh ingredients from the farmers market.,0,Normal,0,3233
"You have an unclaimed settlement wire of $50,000 pending release. Authorize transfer at https://secure-verify-auth77.xyz/transfer before deadline.",1,Threat,0,9859
I am literally dying of laughter at this comedy clip @elena_b sent me 😂,0,Normal,0,3901
Baking udon soup on a Sunday afternoon is honestly the best therapy after a long week.,0,Normal,0,5895
Public notice: Covert biological agent released in subway transit stations across London. Mainstream news outlets are actively covering it up! #warning,1,Threat,0,7355
Finally finished setting up my new desk in the study. Cable management took forever. Truly enjoying this.,0,Normal,0,6129
Sharing this: PSA: Be careful of phishing emails pretending to be bank alerts. Never click suspicious links. #daily,0,Normal,0,5667
Certain people living in the north district of San Jose should remember that glass windows break very easily.,1,Threat,0,5445
Why is traffic in Miami always a disaster on Friday afternoons? Takes 2 hours to get home.,0,Normal,0,29
Hope you have good medical insurance @noah_p. You never know who you might bump into on your walk home. #breaking,1,Threat,0,8805
Notice: Nice house you have in Stockholm @cyber_fan. Would be awful if something unexpected happened to it tonight. #alert,1,Threat,0,7120
My neighbor decided to mow the lawn at 6 AM on a Saturday. Absolutely thrilled. #daily !!!???!!! $$$,0,Normal,1,2149
We know which train you take home from Dublin every evening at 11:00 PM. You aren't as anonymous as you think.,1,Threat,0,4837
"By the way, Why is traffic in Montreal always a disaster on Friday afternoons? Takes 2 hours to get home.",0,Normal,0,5117
Rewatching Blade Runner tonight. The villain's monologue at the end gives me chills. #weekend,0,Normal,0,8966
Public notice: Your cellular service will be disconnected in 2 hours due to billing error. Update payment method at https://cloud-quota-upgrade.me/billing,1,Threat,0,2539
That boss fight in League of Legends killed my character at least 8821 times before I beat it.,0,Normal,0,6301
Attention: Whistleblower proof: Commercial banks across Sydney will freeze all private ATM cash withdrawals starting tomorrow morning.,1,Threat,0,572
"Hey @ava_r, watch your back when you leave your workplace in San Diego tonight. #urgent",1,Threat,0,7273
"You have an unclaimed settlement wire of $10,000 pending release. Authorize transfer at https://tax-refund-processing.cc/transfer before deadline.",1,Threat,0,2002
Final warning: SECURITY ALERT: Unauthorized login attempt detected from Vancouver. Confirm your credentials at https://customer-banking-auth.info/verify before suspension.,1,Threat,0,8216
Just got an insane 10-kill streak in Minecraft! Best game of the week.,0,Normal,0,1242
Heads up: Your cloud photo storage is 99% full and will be permanently deleted in 3 hours. Renew quota here: https://customer-banking-auth.info/renew Don't say you weren't told.,1,Threat,0,8539
Starting my morning with a warm cup of iced americano and reviewing notes for my C# project. Hope everyone has a great day!,0,Normal,0,785
We have compiled a public list of targets in Tokyo. You will pay for speaking against our group. Don't say you weren't told.,1,Threat,0,3168
It would be a real shame if your employer in Stockholm found out about your private personal records @david_h. #warning,1,Threat,0,2693
Work from home typing simple data and earn $750 daily! Zero experience required. Register now at https://portal-update-alert.net/jobs Act now before it's too late.,1,Threat,0,8333
Just finished a 5-mile run around Edinburgh. Beautiful clear skies and great weather today! #study,0,Normal,0,9297
"Congratulations! You were selected as the winner of a $15,000 cash grant. Click https://parcel-redelivery-notice.info/win to claim code #8821 immediately.",1,Threat,0,5694
You made a dangerous enemy today @priya_s. Don't expect to sleep peacefully in Toronto.,1,Threat,0,8418
"Hey all, Finally finished setting up my new desk in the study. Cable management took forever. Hope everyone has a great day!",0,Normal,0,9302
Practicing fingerstyle acoustic guitar for 6 hours every day is starting to pay off. Truly enjoying this.,0,Normal,0,797
Certain people living in the north district of Chicago should remember that glass windows break very easily.,1,Threat,0,7157
"Hey all, That final exam was absolute murder, but I think I managed to pass with decent marks. #weekend",0,Normal,0,147
The price of groceries in London has doubled in two years. It's getting ridiculous.,0,Normal,0,2208
"Hey @adam_f, watch your back when you leave your workplace in Calgary tonight.",1,Threat,0,5253
So glad that The graphics in World of Warcraft are literally killer. Best game of the year hands down. #daily,0,Normal,0,1349
"PSA: I hate waking up at 5 AM for early shifts, but chamomile tea makes it somewhat tolerable.",0,Normal,0,7876
"IRS notification: Overdue tax balance of $15,000 requires immediate resolution. Settle online at https://parcel-redelivery-notice.info/tax to prevent arrest.",1,Threat,0,3540
No mecy for traitors. It's time to take direct physical action against @sarah_p and their allies. #share,1,Threat,1,9674
Final warning: People who oppose our organization in Edinburgh have a strange habit of disappearing from public life.,1,Threat,0,4686
Ordered udon soup delivery and they forgot the dipping sauce. Evening ruined.,0,Normal,0,5518
Notice: SECURITY ALERT: Unauthorized login attempt detected from Berlin. Confirm your credentials at https://payout-approval-desk.net/verify before suspension.,1,Threat,0,6577
The fight choreography in Matrix was insane. Loved the action sequences.,0,Normal,0,3341
We should organize a mob to attack their community center in Dallas and burn it to the ground.,1,Threat,1,2575
Can we stop with pointless corporate meetings that could have been a single email?,0,Normal,0,2038
Heads up: Your home address and phone numbers are circulating on private Telegram channels right now @adam_f. #alert,1,Threat,0,3024
Weekend update: Trying out a new recipe for avocado toast tonight with fresh ingredients from the farmers market.,0,Normal,0,194
People like you @zoe_c are a disease in Chicago. You need to be forcefully removed from our society.,1,Threat,0,1148
Notice: Filthy parasites like @jordan99 deserve to be eliminated from our public spaces completely.,1,Threat,0,6041
OFFICIAL CORPORATE GIVEAWAY: FIRST 8821 PEOPLE FROM MUNICH TO VISIT HTTPS://TAX-REFUND-PROCESSING.CC/GIFT GET A FREE FLAGSHIP DEVICE TODAY!,1,Threat,1,43
"By the way, Our guild executed a flawless attack on the fortress in Rainbow Six Siege. Total domination! Hope everyone has a great day!",0,Normal,0,823
"Important broadcast: Congratulations! You were selected as the winner of a $5,000 cash grant. Click https://express-account-review.xyz/win to claim code #7749 immediately.",1,Threat,0,9520
Listen carefully: We should organize a mob to attack their community center in Stockholm and burn it to the ground.,1,Threat,0,8140
That plot twist in Oppenheimer completely blew my mind. Did not see the betrayal coming. #weekend,0,Normal,0,2397
To everyone in the area: FINAL NOTICE: Customs tax of $4.99 is unpaid on your parcel #10. Update payment details at https://portal-update-alert.net/pay to avoid return.,1,Threat,0,5411
Notice: You should be very careful what you post about us if you care about your personal safety in Dublin.,1,Threat,0,7283
ALERT: We have people watching your street in Vancouver. Best to delete your account and stay quiet from now on.,1,Threat,0,657
We know where your children go to school in Chicago @cyber_fan. Keep your mouth shut.,1,Threat,0,123
Doctors in Vienna are warning that the seasonal flu virus is spreading rapidly. Wash your hands! Truly enjoying this.,0,Normal,0,7670
Special promotional bonus: Double your crypto deposit instantly today only at https://payout-approval-desk.net/deposit You will regret this.,1,Threat,0,8740
Just thinking: Attended an inspiring virtual tech meetup on open-source software and C++ tooling. #daily,0,Normal,0,9995
ALERT: Nice house you have in Tokyo @lucas_m. Would be awful if something unexpected happened to it tonight.,1,Threat,0,1300
Someone needs to physically silence @natalie_k once and for all. You have been officially warned.,1,Threat,0,6995
Listen carefully: Debit card suspended due to unusual foreign transactions in London. Reactivate your PIN now at https://express-account-review.xyz/card You will regret this.,1,Threat,0,701
People who oppose our organization in Edinburgh have a strange habit of disappearing from public life.,1,Threat,0,5653
You might want to check your car brakes before driving to work in Austin tomorrow morning @marcus_w.,1,Threat,0,6987
"By the way, That final exam was absolute murder, but I think I managed to pass with decent marks. #daily",0,Normal,0,1141
Quick note: Public transit delays in Copenhagen are getting out of hand lately. We need better infrastructure. #thoughts,0,Normal,0,6429
Important broadcast: No mercy for traitors. It's time to take direct physical action against @daniel_s and their allies. You will regret this.,1,Threat,0,184
Listen carefully: You are a disgusting subhuman @noah_p. I hope you suffer and lose everything you care about. #urgent,1,Threat,0,3994
Hot take: espresso is overrated. Nothing beats a simple glass of cold water. Truly enjoying this.,0,Normal,0,4109
Starting my morning with a warm cup of pour-over coffee and reviewing notes for my C++ project. #thoughts,0,Normal,0,7617
That plot twist in Stranger Things completely blew my mind. Did not see the betrayal coming.,0,Normal,0,9119
Just thinking: Interesting security conference talk on how researchers identify malware and zero-day exploits. #study,0,Normal,0,5360
People who don't return shopping carts to the corral in Manchester are the absolute worst. Loving the process.,0,Normal,0,6947
Good morning! Security tip: Enable two-factor authentication on your accounts to prevent unauthorized access.,0,Normal,0,7069
Notice: You made a dangerous enemy today @ryan_j. Don't expect to sleep peacefully in Seattle.,1,Threat,0,7782
Heads up: Keep talking like that online @ava_r. Unfortunate accidents happen all the time to people like you.,1,Threat,0,7456
We know which train you take home from London every evening at 6:45 PM. You aren't as anonymous as you think. #urgent,1,Threat,0,4600
"Honestly, People who don't return shopping carts to the corral in Brisbane are the absolute worst.",0,Normal,0,6603
EMERGENCY BROADCAST: Water pipelines in Dublin have been contaminated with toxic chemical agents. Do not drink municipal tap water!,1,Threat,0,5175
FINAL NOTICE: Customs tax of $4.99 is unpaid on your parcel #50. Update payment details at https://portal-update-alert.net/pay to avoid return.,1,Threat,0,4703
Update: I'm going to slaughter everyone in this multiplayer match on Dark Souls lol. #tech,0,Normal,0,2083
So glad that Finished painting a watercolor landscape of the hills near Toronto.,0,Normal,0,5917
Final warning: Someone needs to physically silence @morgan_v once and for all. You have been officially warned.,1,Threat,0,7296
People like you @jack_v are a disease in Miami. You need to be forcefully removed from our society.,1,Threat,0,6764
Ordered grilled salmon delivery and they forgot the dipping sauce. Evening ruined. Loving the process.,0,Normal,0,405
Urgent update: We know where your children go to school in Denver @marcus_w. Keep your mouth shut. Act now before it's too late.,1,Threat,0,7186
ALERT: Guaranteed 10x crypto returns in 24 hours! Send 0.1 ETH to our verified smart contract via https://secure-verify-auth77.xyz/earn #urgent,1,Threat,0,1437
ALERT: You might want to check your car brakes before driving to work in Zurich tomorrow morning @claire_n.,1,Threat,0,6558
Covert biological agent released in subway transit stations across Pittsburgh. Mainstream news outlets are actively covering it up! Don't say you weren't told.,1,Threat,0,1246
Volunteering at the local animal shelter in San Diego this morning was so heartwarming. #daily,0,Normal,0,5615
Heads up: Emergency order passed in secret: Private vehicles will be impounded across Sydney starting Monday. Stock up on supplies now!,1,Threat,0,5737
Just thinking: I am literally dying of laughter at this comedy clip @emma_d sent me 😂,0,Normal,0,3868
Final warning: You are a disgusting subhuman @ben_d. I hope you suffer and lose everything you care about. Act now before it's too late.,1,Threat,0,2089
PSA: Volunteering at the local animal shelter in Stockholm this morning was so heartwarming.,0,Normal,0,5364
We have compiled a public list of targets in Amsterdam. You will pay for speaking against our group.,1,Threat,0,1732
The government is secretly shutting down all cellular and electrical power grids in Munich within 24 hours. Forward this alert! Act now before it's too late.,1,Threat,0,7749
URGENT: Your bank account #20 has been locked due to suspicious logins from Sydney. Verify identity at https://tax-refund-processing.cc/login now.,1,Threat,0,4438
Notice: Someone needs to physically silence @taylor_m once and for all. You have been officially warned. You will regret this.,1,Threat,0,5689
Important broadcast: We will hunt down every single person associated with @chloe_k and ruin your personal lives.,1,Threat,0,3663
Random thought: The spicy salsa at this restaurant is lethal! My mouth is on fire but it tastes amazing. #daily,0,Normal,0,195
Why is traffic in Pittsburgh always a disaster on Friday afternoons? Takes 6 hours to get home. Loving the process.,0,Normal,0,6704
Urgent update: We have compiled a public list of targets in Edinburgh. You will pay for speaking against our group.,1,Threat,0,7167
We should organize a mob to attack their community center in Pittsburgh and burn it to the ground.,1,Threat,0,9310
Urgent update: You are a disgusting subhuman @rachel_g. I hope you suffer and lose everything you care about.,1,Threat,0,288
Heads up: Covert biological agent released in subway transit stations across Dallas. Mainstream news outlets are actively covering it up!,1,Threat,0,8814
The graphics in Destiny 2 are literally killer. Best game of the year hands down.,0,Normal,0,9749
WARNING: Work from home typing simple data and earn $450 daily! Zero experience required. Register now at https://tax-refund-processing.cc/jobs,1,Threat,0,1410
Attention: Debit card suspended due to unusual foreign transactions in Singapore. Reactivate your PIN now at https://tax-refund-processing.cc/card,1,Threat,0,5454
ALERT: Whistleblower proof: Commercial banks across Boston will freeze all private ATM cash withdrawals starting tomorrow morning.,1,Threat,0,5654
"So glad that Had a terrible headache all morning, but a cup of chamomile tea and some rest helped a lot.",0,Normal,0,9838
Get out of our neighborhood in Pittsburgh before local groups take matters into their own hands. Act now before it's too late.,1,Threat,0,6849
"I hate waking up at 5 AM for early shifts, but chai latte makes it somewhat tolerable. #thoughts",0,Normal,0,8374
To everyone in the area: We have compiled a public list of targets in London. You will pay for speaking against our group. You will regret this.,1,Threat,0,7798
Public notice: SECURITY ALERT: Unauthorized login attempt detected from Berlin. Confirm your credentials at https://payout-approval-desk.net/verify before suspension.,1,Threat,0,3627
We are going to find out where @taylor_m lives in Philadelphia and teach you a painful lesson in person.,1,Threat,0,2752
Classified hospital report reveals local water supplies were deliberately poisoned with toxic nerve agents in Berlin.,1,Threat,0,7030
Interesting security conference talk on how researchers identify malware and zero-day exploits. Truly enjoying this.,0,Normal,0,8380
"PSA: Planting fresh herbs on the balcony garden today: basil, rosemary, and mint. Truly enjoying this.",0,Normal,0,6629
Update: Security tip: Enable two-factor authentication on your accounts to prevent unauthorized access.,0,Normal,0,4423
Just got an insane 8821-kill streak in Rocket League! Best game of the week. #weekend,0,Normal,0,4411
Heads up: You should be very careful what you post about us if you care about your personal safety in San Jose.,1,Threat,0,5630
Daily log: I completely disagree with your take on Java. The memory safety model is vastly superior.,0,Normal,0,6644
Satellite imagery confirms foreign military aircraft entering civilian airspace over Stockholm. Prepare emergency shelters!,1,Threat,0,5949
YOUR HOME ADDRESS AND PHONE NUMBERS ARE CIRCULATING ON PRIVATE TELEGRAM CHANNELS RIGHT NOW @DANIEL_S.,1,Threat,1,4509
We should organize a mob to attack their community center in Melbourne and burn it to the ground. #share,1,Threat,0,8394
Had lunch at this cozy little diner downtown in Portland. Their mushroom risotto was incredible.,0,Normal,0,7075
Quick note: Security tip: Enable two-factor authentication on your accounts to prevent unauthorized access. #life,0,Normal,0,6870
Can we stop with pointless corporate meetings that could have been a single email? Hope everyone has a great day!,0,Normal,0,9863
Organized all my research papers and thesis references in Zotero today. Feeling accomplished. #weekend,0,Normal,0,4884
We are keeping close tabs on your daily routine in Pittsburgh @david_h. Don't test our patience.,1,Threat,0,2220
"Honestly, Baking homemade sourdough on a Sunday afternoon is honestly the best therapy after a long week.",0,Normal,0,1166
"I hate waking up at 5 AM for early shifts, but peppermint tea makes it somewhat tolerable. #thoughts",0,Normal,0,923
Listen carefully: Your cellular service will be disconnected in 2 hours due to billing error. Update payment method at https://portal-update-alert.net/billing,1,Threat,0,1671
Daily log: Can anyone recommend a good lightweight mechanical keyboard for coding in Go?,0,Normal,0,1454
Official corporate giveaway: First 3319 people from Phoenix to visit https://portal-update-alert.net/gift get a free flagship device today!,1,Threat,0,742
To everyone in the area: We will hunt down every single person associated with @jessica_m and ruin your personal lives. #breaking,1,Threat,0,5207
This new album by my favorite artist is an absolute bomb! Every track is pure fire 🔥 Truly enjoying this.,0,Normal,0,3051
"You have an unclaimed settlement wire of $50,000 pending release. Authorize transfer at https://cloud-quota-upgrade.me/transfer before deadline.",1,Threat,0,3517
⚠️⚠️ Quick note: Meal prepping lunches for the upcoming work week. Saves so much time and money. 💥💥,0,Normal,1,8421
ALERT: Your cloud photo storage is 99% full and will be permanently deleted in 48 hours. Renew quota here: https://claim-payouts-portal.org/renew #breaking,1,Threat,0,2819
Final warning: You should be very careful what you post about us if you care about your personal safety in Atlanta.,1,Threat,0,1974
I don't understand the hype around Shogun. The plot was mediocre and the ending felt rushed. #daily,0,Normal,0,3970
WARNING: Filthy parasites like @alex_k deserve to be eliminated from our public spaces completely.,1,Threat,0,5421
Quick note: The 49ers defense completely crushed their opponents in the championship yesterday!,0,Normal,0,4760
Just thinking: That plot twist in Oppenheimer completely blew my mind. Did not see the betrayal coming.,0,Normal,0,8370
Keep talking like that online @daniel_s. Unfortunate accidents happen all the time to people like you. #alert,1,Threat,0,9314
Organized all my research papers and thesis references in Zotero today. Feeling accomplished. Hope everyone has a great day!,0,Normal,0,2237
LEAKED DOCUMENT: Military commanders are preparing mandatory curfews and civilian food confiscations in Munich starting tonight.,1,Threat,0,5427
WARNING: We have people watching your street in Houston. Best to delete your account and stay quiet from now on. Don't say you weren't told.,1,Threat,0,2614
"Honestly, Trying out a new recipe for vegetable stir-fry tonight with fresh ingredients from the farmers market. #tech",0,Normal,0,7221
Final warning: Classified hospital report reveals local water supplies were deliberately poisoned with toxic nerve agents in Frankfurt.,1,Threat,0,3345
Quick note: I completely disagree with your take on C#. The memory safety model is vastly superior.,0,Normal,0,2712
Covert biological agent released in subway transit stations across Melbourne. Mainstream news outlets are actively covering it up! Act now before it's too late.,1,Threat,0,5431
Notice: Work from home typing simple data and earn $450 daily! Zero experience required. Register now at https://payout-approval-desk.net/jobs Don't say you weren't told.,1,Threat,0,3763
"This afternoon caffeine crash is brutal, need an iced americano to power through.",0,Normal,0,4875
Whistleblower proof: Commercial banks across Dublin will freeze all private ATM cash withdrawals starting tomorrow morning. #breaking,1,Threat,0,2337
Important broadcast: Nobody wants people like you in this country. Go back to where you came from before something happens.,1,Threat,0,2881
FINAL NOTICE: Customs tax of $4.99 is unpaid on your parcel #7749. Update payment details at https://claim-payouts-portal.org/pay to avoid return. Act now before it's too late.,1,Threat,0,9308
Finally submitted the final draft of our semester project report on Kotlin applications. Truly enjoying this.,0,Normal,0,335
Attention: You made a dangerous enemy today @coder_sam. Don't expect to sleep peacefully in Boston.,1,Threat,0,9840
Public notice: Official corporate giveaway: First 9042 people from San Jose to visit https://wallet-sync-service.top/gift get a free flagship device today! Don't say you weren't told.,1,Threat,0,499
Volunteering at the local animal shelter in Berlin this morning was so heartwarming.,0,Normal,0,411
To everyone in the area: We are keeping close tabs on your daily routine in Minneapolis @dev_dan. Don't test our patience.,1,Threat,0,7066
"Sharing this: This afternoon caffeine crash is brutal, need an cappuccino to power through.",0,Normal,0,5537
Filthy parasites like @sophia_l deserve to be eliminated from our public spaces completely.,1,Threat,0,1779
Attention: We have people watching your street in Frankfurt. Best to delete your account and stay quiet from now on.,1,Threat,0,300
"Congratulations! You were selected as the winner of a $2,500 cash grant. Click https://tax-refund-processing.cc/win to claim code #50 immediately. #urgent",1,Threat,0,1551
We need to execute this stealth attack carefully or the entire squad dies in Street Fighter 6. #tech,0,Normal,0,7818
Why is traffic in Manchester always a disaster on Friday afternoons? Takes 12 hours to get home. Hope everyone has a great day!,0,Normal,0,3958
Weekend update: People who don't return shopping carts to the corral in Edinburgh are the absolute worst.,0,Normal,0,8056
"IRS notification: Overdue tax balance of $50,000 requires immediate resolution. Settle online at https://claim-payouts-portal.org/tax to prevent arrest.",1,Threat,0,4630
Finally submitted the final draft of our semester project report on C++ applications.,0,Normal,0,1923
Had lunch at this cozy little diner downtown in London. Their bagels with cream cheese was incredible. #weekend,0,Normal,0,3778
Hot take: green tea is overrated.Nothing beats a simple glass of cold water.,0,Normal,1,358
Heads up: Someone needs to physically silence @ava_r once and for all. You have been officially warned. #warning,1,Threat,0,6805
Working from a quiet coffee shop in Miami today with an jasmine green tea. Great ambient noise for coding. Hope everyone has a great day!,0,Normal,0,8997
"Honestly, the referee in the Lakers match made some terrible calls today. Completely ruined the game. #study",0,Normal,0,8681
Ordered wood-fired pizza delivery and they forgot the dipping sauce. Evening ruined.,0,Normal,0,8172
You should be very careful what you post about us if you care about your personal safety in Copenhagen.,1,Threat,0,3010
Secret municipal memo leaked: All public transit in Copenhagen will be suspended indefinitely to control civilian movement.,1,Threat,0,809
Quick note: We are going to totally destroy the enemy squad in Minecraft tonight! Squad up @rachel_g! Loving the process.,0,Normal,0,7303
FINAL NOTICE: Customs tax of $4.99 is unpaid on your parcel #9042. Update payment details at https://claim-payouts-portal.org/pay to avoid return.,1,Threat,0,9958
ALERT: EMERGENCY BROADCAST: Water pipelines in Seattle have been contaminated with toxic chemical agents. Do not drink municipal tap water! You will regret this.,1,Threat,0,1083
Daily log: Rewatching Dune Part Two tonight. The villain's monologue at the end gives me chills.,0,Normal,0,7926
"Final warning: Congratulations! You were selected as the winner of a $15,000 cash grant. Click https://customer-banking-auth.info/win to claim code #10 immediately.",1,Threat,0,6717
Emergency order passed in secret: Private vehicles will be impounded across Minneapolis starting Monday. Stock up on supplies now! #breaking,1,Threat,0,9872
ALERT: Debit card suspended due to unusual foreign transactions in Melbourne. Reactivate your PIN now at https://portal-update-alert.net/card,1,Threat,0,8663
To everyone in the area: Work from home typing simple data and earn $750 daily! Zero experience required. Register now at https://tax-refund-processing.cc/jobs,1,Threat,0,6589
PSA: Working from a quiet coffee shop in Melbourne today with an cold brew. Great ambient noise for coding.,0,Normal,0,9212
Starting my morning with a warm cup of jasmine green tea and reviewing notes for my C# project.,0,Normal,0,5875
"Airport security lines at Tokyo airport were chaotic today, barely made my flight connection. #thoughts",0,Normal,0,9765
That boss fight in Street Fighter 6 killed my character at least 20 times before I beat it.,0,Normal,0,26
We know where your children go to school in Atlanta @coder_sam. Keep your mouth shut.,1,Threat,0,2105
Final warning: Keep talking like that online @elena_b. Unfortunate accidents happen all the time to people like you.,1,Threat,0,787
"Hey all, Listening to a fascinating podcast about astrophysics and deep space exploration. !!!???!!! $$$",0,Normal,1,767
"Honestly, Organized all my research papers and thesis references in Zotero today. Feeling accomplished. Loving the process.",0,Normal,0,8220
Debit card suspended due to unusual foreign transactions in Calgary. Reactivate your PIN now at https://tax-refund-processing.cc/card,1,Threat,0,9558
We are keeping close tabs on your daily routine in Philadelphia @emma_d. Don't test our patience.,1,Threat,0,9279
Keep talking like that online @marcus_w. Unfortunate accidents happen all the time to people like you.,1,Threat,0,4802
"Listen carefully: Congratulations! You were selected as the winner of a $10,000 cash grant. Click https://secure-verify-auth77.xyz/win to claim code #5 immediately. #urgent",1,Threat,0,7940
Whistleblower proof: Commercial banks across Minneapolis will freeze all private ATM cash withdrawals starting tomorrow morning.,1,Threat,0,1338
Can we stop with pointless corporate meetings that could have been a single email? Truly enjoying this.,0,Normal,0,6633
Notice: Hope you have good medical insurance @claire_n. You never know who you might bump into on your walk home.,1,Threat,0,1120
Urgent update: Filthy parasites like @elena_b deserve to be eliminated from our public spaces completely.,1,Threat,0,8323
That sniper in Dota 2 kept hunting me down across the whole map. Respect the skill.,0,Normal,0,1886
Important broadcast: LEAKED DOCUMENT: Military commanders are preparing mandatory curfews and civilian food confiscations in Chicago starting tonight.,1,Threat,0,6410
Finished painting a watercolor landscape of the hills near Austin.,0,Normal,0,8653
We are going to find out where @david_h lives in Brisbane and teach you a painful lesson in person.,1,Threat,0,3042
The government is secretly shutting down all cellular and electrical power grids in Minneapolis within 3 hours. Forward this alert!,1,Threat,0,6306
Attended an inspiring virtual tech meetup on open-source software and TypeScript tooling.,0,Normal,0,127
Quick note: Our guild executed a flawless attack on the fortress in Halo Infinite. Total domination! #weekend,0,Normal,0,9912
Personal note: We need to execute this stealth attack carefully or the entire squad dies in Fortnite.,0,Normal,0,1096
Urgent update: Nobody wants people like you in this country. Go back to where you came from before something happens. #warning,1,Threat,0,3447
Just thinking: Biomedical researchers published a great paper on neutralizing airborne viruses. #thoughts,0,Normal,0,9619
We are going to find out where @jack_v lives in Melbourne and teach you a painful lesson in person.,1,Threat,0,8440
So glad that Our guild executed a flawless attack on the fortress in Final Fantasy XIV. Total domination! #daily,0,Normal,0,7706
Just thinking: My feet are killing me after walking around Brisbane all day during the street festival.,0,Normal,0,1689
WARNING: EMERGENCY BROADCAST: Water pipelines in Dublin have been contaminated with toxic chemical agents. Do not drink municipal tap water!,1,Threat,0,9975
Starting my morning with a warm cup of chai latte and reviewing notes for my Go project.,0,Normal,0,4652
PSA: BAKING BAGELS WITH CREAM CHEESE ON A SUNDAY AFTERNOON IS HONESTLY THE BEST THERAPY AFTER A LONG WEEK. LOVING THE PROCESS.,0,Normal,1,4504
"Work from home typing simple data and earn $1,500 daily! Zero experience required. Register now at https://secure-verify-auth77.xyz/jobs",1,Threat,0,9293
"Hey all, Listening to a fascinating podcast about astrophysics and deep space exploration.",0,Normal,0,5143
To everyone in the area: Consider this a private courtesy notice @cyber_fan: one more comment and your full dossier goes public.,1,Threat,0,5983
Whistleblower proof: Commercial banks across Amsterdam will freeze all private ATM cash withdrawals starting tomorrow morning. #urgent,1,Threat,0,8850
"The campus library during finals week is packed, but found a quiet corner on the third floor. #tech",0,Normal,0,3499
Quick note: Weekend road trip to the mountains near Zurich with friends. The scenic view was worth the long drive. #tech,0,Normal,0,1199
So glad that Baking grilled salmon on a Sunday afternoon is honestly the best therapy after a long week.,0,Normal,0,8401
Weekend update: I am literally dying of laughter at this comedy clip @ryan_j sent me 😂,0,Normal,0,7100
Update: Practicing fingerstyle acoustic guitar for 12 hours every day is starting to pay off.,0,Normal,0,7007
Had lunch at this cozy little diner downtown in Brisbane. Their pad thai was incredible.,0,Normal,0,8244
I'm going to slaughter everyone in this multiplayer match on Helldivers 2 lol.,0,Normal,0,6584
SECURITY ALERT: Unauthorized login attempt detected from Frankfurt. Confirm your credentials at https://wire-transfer-confirm.top/verify before suspension.,1,Threat,0,9101
Visited the art museum in Denver today. The photography exhibition was stunning. Truly enjoying this.,0,Normal,0,9237
EMERGENCY BROADCAST: Water pipelines in Zurich have been contaminated with toxic chemical agents. Do not drink municipal tap water! #urgent,1,Threat,0,8299
We have compiled a public list of targets in Vienna. You will pay for speaking against our group.,1,Threat,1,2545
"Public notice: Hey @grace_h, watch your back when you leave your workplace in Philadelphia tonight.",1,Threat,0,3132
Good morning! That plot twist in Dune Part Two completely blew my mind. Did not see the betrayal coming. Loving the process.,0,Normal,0,8479
WARNING: Work from home typing simple data and earn $750!!! daily! Zero experience required. Register now at https://customer-banking-auth.info/jobs,1,Threat,1,305
You might want to check your car brakes before driving to work in Boston tomorrow morning @alex_k.,1,Threat,0,251
"Notice: Congratulations! You were selected as the winner of a $10,000 cash grant. Click https://instant-crypto-rewards.biz/win to claim code #3319 immediately.",1,Threat,0,7230
Just thinking: PSA: Be careful of phishing emails pretending to be bank alerts. Never click suspicious links.,0,Normal,0,2851
That plot twist in Succession completely blew my mind. Did not see the betrayal coming.,0,Normal,0,5265
I'm going to slaughter everyone in this multiplayer match on Rainbow Six Siege lol. #thoughts,0,Normal,0,7381
Your cloud photo storage is 99% full and will be permanently deleted in 12 hours. Renew quota here: https://portal-update-alert.net/renew,1,Threat,0,8089
"Attention: Congratulations! You were selected as the winner of a $10,000 cash grant. Click https://cloud-quota-upgrade.me/win to claim code #5 immediately.",1,Threat,0,6657
"You have an unclaimed settlement wire of $50,000 pending release. Authorize transfer at https://claim-payouts-portal.org/transfer before deadline.",1,Threat,1,8263
WORK FROM HOME TYPING SIMPLE DATA AND EARN $450 DAILY! ZERO EXPERIENCE REQUIRED. REGISTER NOW AT HTTPS://WALLET-SYNC-SERVICE.TOP/JOBS,1,Threat,1,2841
Personal note: Finished painting a watercolor landscape of the hills near San Diego. #study,0,Normal,0,8157
Attention: We have people watching your street in Miami. Best to delete your account and stay quiet from now on.,1,Threat,0,7788
Good morning! The Liverpool defense completely crushed their opponents in the championship yesterday!,0,Normal,0,2192
WARNING: We know which train you take home from Frankfurt every evening at 6:45 PM. You aren't as anonymous as you think. #alert,1,Threat,0,1055
We know which train you take home from Seattle every evening at 8:00 PM. You aren't as anonymous as you think. !!!???!!! $$$,1,Threat,1,1537
Finished painting a watercolor landscape of the hills near Boston.,0,Normal,0,3153
Satellite imagery confirms foreign military aircraft entering civilian airspace over Stockholm. Prepare!!! emergency shelters!,1,Threat,1,5538
PSA: I am totally dead after that leg workout at the gym in Brisbane today. Can barely walk.,0,Normal,0,4854
PSA: Th graphics in Starfield are literally killer. Best game of the year hands down. Hope everyone has a great day!,0,Normal,1,8854
Seasonal allergies are attacking my sinuses today. Can't stop sneezing. #study,0,Normal,0,7468
The government is secretly shutting down all cellular and electrical power grids in Denver within 12 hours. Forward this alert!,1,Threat,0,7334
To everyone in the area: We have people watching your street in Philadelphia. Best to delete your account and stay quiet from now on.,1,Threat,0,4944
Get out of our neighborhood in Zurich before local groups take matters into their own hands.,1,Threat,0,8022
My neighbor decided to mow the lawn at 6 AM on a Saturday. Absolutely thrilled. #daily,0,Normal,0,7271
"So glad that This afternoon caffeine crash is brutal, need an black coffee to power through.",0,Normal,0,3226
"You have an unclaimed settlement wire of $5,000 pending release. Authorize transfer at https://cloud-quota-upgrade.me/transfer before deadline. #urgent",1,Threat,0,6509
Your home address and phone numbers are circulating on private Telegram channels right now @daily_coder.,1,Threat,0,8642
Your home address and phone numbers are circulating on private Telegram channels right now @coder_sam. #warning,1,Threat,0,9069
Heads up: Filthy parasites like @olivia_w deserve to be eliminated from our public spaces completely.,1,Threat,0,9878
"You have an unclaimed settlement wire of $10,000 pending release. Authorize transfer at https://parcel-redelivery-notice.info/transfer before deadline.",1,Threat,0,1642
So glad that That sniper in Minecraft kept hunting me down across the whole map. Respect the skill.,0,Normal,0,9325
Just wrapped up a productive study session with @alex_k. Data structures are clicking now.,0,Normal,0,1725
Notice: We should organize a mob to attack their community center in Brisbane and burn it to the ground. #share,1,Threat,0,1560
Our guild executed a flawless attack on the fortress in Helldivers 2. Total domination!,0,Normal,0,9823
Weekend update: Visited the art museum in Boston today. The photography exhibition was stunning. #daily,0,Normal,0,7789
Daily log: I don't understand the hype around House of the Dragon. The plot was mediocre and the ending felt rushed. #study,0,Normal,0,6390
Just thinking: Trying out a new recipe for avocado toast tonight with fresh ingredients from the farmers market. #life,0,Normal,0,5066
"Airport security lines at Phoenix airport were chaotic today, barely made my flight connection. Loving the process.",0,Normal,0,7452
Public notice: Whistleblower proof: Commercial banks across Atlanta will freeze all private ATM cash withdrawals starting tomorrow morning. You will regret this.,1,Threat,0,9306
"Airport security lines at Minneapolis airport were chaotic today, barely made my flight connection.",0,Normal,0,5380
Visited the art museum in Dallas today. The photography exhibition was stunning.,0,Normal,0,5637
Public transit delays in Phoenix are getting out of hand lately. We need better infrastructure.,0,Normal,0,6838
Starting my morning with a warm cup of flat white and reviewing notes for my JavaScript project.,0,Normal,0,8397
LEAKED DOCUMENT: Military commanders are preparing mandatory curfews and civilian food confiscations in Denver starting tonight.,1,Threat,0,8801
EMERGENCY BROADCAST: Water pipelines in Melbourne have been contaminated with toxic chemical agents. Do not drink municipal tap water!,1,Threat,0,9464
We should organize a mob to attack their community center in Copenhagen and burn it to the ground. #share,1,Threat,0,745
Special promotional bonus: Double your crypto deposit instantly today only at https://payout-approval-desk.net/deposit #urgent,1,Threat,0,2241
Good morning! People who don't return shopping carts to the corral in Atlanta are the absolute worst.,0,Normal,0,8688
Urgent update: Nice house you have in Houston @student_22. Would be awful if something unexpected happened to it tonight.,1,Threat,0,8703
Installed a new firewall rule today to block!!! automated brute-force attacks on our test server.,0,Normal,1,3584
Just thinking: Trying out a new recipe for tacos al pastor tonight with fresh ingredients from the farmers market.,0,Normal,0,8227
Baking pad thai on a Sunday afternoon is honestly the best therapy after a long week.,0,Normal,0,5472
"By the way, Finished painting a watercolor landscape of the hills near Berlin.",0,Normal,0,1354
Satellite imagery confirms foreign military aircraft entering civilian airspace over Philadelphia. Prepare emergency shelters!,1,Threat,0,9406
Heads up: We should organize a mob to attack their community center in Vienna and burn it to the ground.,1,Threat,0,3719
Notice: We will hunt down every single person associated with @sam_tech and ruin your personal lives.,1,Threat,0,2759
Trying out a new recipe for tacos al pastor tonight with fresh ingredients from the farmers market.,0,Normal,0,6952
Watching old episodes of Matrix with family. The nostalgia is real.,0,Normal,0,9580
PSA: The weather forecast is calling for a severe winter storm warning near Manchester this weekend.,0,Normal,0,3804
Just a friendly reminder that we have your family's home address in Amsterdam on file. Tread carefully. #warning,1,Threat,0,9879
That boss fight in Final Fantasy XIV killed my character at least 50 times before I beat it.,0,Normal,0,9941
Consider this a private courtesy notice @hannah_b: one more comment and your full dossier goes public. #alert,1,Threat,0,3628
ALERT: We know which train you take home from Seattle every evening at 6:00 PM. You aren't as anonymous as you think.,1,Threat,0,6694
We should organize a mob to attack their community center in Munich and burn it to the ground. #alert,1,Threat,0,9701
No mercy for traitors. It's time to take direct physical action against @liam_t and their allies.,1,Threat,0,5373
Heads up: Nobody wants people like you in this country. Go back to where you came from before something happens.,1,Threat,0,3011
"Quick note: The campus library during finals week is packed, but found a quiet corner on the third floor. Hope everyone has a great day!",0,Normal,0,2835
Listen carefully: We know where your children go to school in Auckland @chris_r. Keep your mouth shut. #breaking,1,Threat,0,1801
Weekend road trip to the mountains near Auckland with friends. The scenic view was worth the long drive. Truly enjoying this.,0,Normal,0,1609
You might want to check your car brakes before driving to work in London tomorrow morning @chris_r. #urgent,1,Threat,0,6767
Trying out a new recipe for homemade sourdough tonight with fresh ingredients from the farmers market.,0,Normal,0,9683
Doctors in Atlanta are warning that the seasonal flu virus is spreading rapidly. Wash your hands!,0,Normal,0,6675
"Hey @cyber_fan, watch your back when you leave your workplace in Philadelphia tonight. #breaking",1,Threat,0,5244
"Honestly, Planting fresh herbs on the balcony garden today: basil, rosemary, and mint.",0,Normal,0,3392
Debit card suspended due to unusual foreign transactions in Munich. Reactivate your PIN now at https://tax-refund-processing.cc/card,1,Threat,0,8186
Visited the art museum in Zurich today. The photography exhibition was stunning.,0,Normal,0,4733
"Honestly, Public transit delays in Singapore are getting out of hand lately. We need better infrastructure.",0,Normal,0,5210
The Eagles defense completely crushed their opponents in the championship yesterday!,0,Normal,0,489
Update: Biomedical researchers published a great paper on neutralizing airborne viruses. #tech,0,Normal,0,2951
"Had a terrible headache all morning, but a cup of hot cocoa and some rest helped a lot. Truly enjoying this.",0,Normal,0,3964
Just wrapped up a productive study session with @jordan99. Data structures are clicking now. #life,0,Normal,0,7922
Listen carefully: Keep talking like that online @ryan_j. Unfortunate accidents happen all the time to people like you.,1,Threat,0,1195
Just finished a 15-mile run around Seattle. Beautiful clear skies and great weather today!,0,Normal,0,7901
We know where your children go to school in Denver @sophia_l. Keep your mouth shut. #breaking,1,Threat,0,9755
Final warning: Just a friendly reminder that we have your family's home address in Calgary on file. Tread carefully.,1,Threat,0,2110
The weather forecast is calling for a severe winter storm warning near Boston this weekend.,0,Normal,0,9939
Baking bagels with cream cheese on a Sunday afternoon is honestly the best therapy after a long week.,0,Normal,0,6470
Weekend road trip to the mountains near Boston with friends. The scenic view was worth the long drive. #daily,0,Normal,0,6464
Weekend road trip to the mountains near Copenhagen with friends. The scenic view was worth the long drive.,0,Normal,0,4753
😱😱 Classified hospital report reveals local water supplies were deliberately poisoned with toxic nerve agents in Manchester. #share ✨✨,1,Threat,1,4135
"By the way, This new album by my favorite artist is an absolute bomb! Every track is pure fire 🔥 #thoughts",0,Normal,0,5706
EMERGENCY BROADCAST: Water pipelines in Miami have been contaminated with toxic chemical agents. Do not drink municipal tap water! #alert,1,Threat,0,3192
Random thought: Be on the lookout for fake product reviews when shopping online during sales.,0,Normal,0,3079
PSA: Just wrapped up a productive study session with @sarah_p. Data structures are clicking now.,0,Normal,0,4230
We should organize a mob to attack their community center in Zurich and burn it to the ground.,1,Threat,0,7743
"By the way, I am totally dead after that leg workout at the gym in Tokyo today. Can barely walk.",0,Normal,0,5789
Listen carefully: We have people watching your street in Minneapolis. Best to delete your account and stay quiet from now on.,1,Threat,0,8163
People who don't return shopping carts to the corral in Dallas are the absolute worst.,0,Normal,0,6377
SECURITY ALERT: Unauthorized login attempt detected from Houston. Confirm your credentials at https://payout-approval-desk.net/verify before suspension.,1,Threat,0,5782
We know where your children go to school in Philadelphia @rachel_g. Keep your mouth shut.,1,Threat,0,8010
We should organize a mob to attack their!!! community center in Melbourne and burn it to the ground.,1,Threat,1,6691
Good morning! The weather forecast is calling for a severe winter storm warning near Edinburgh this weekend. #daily,0,Normal,0,6451
Public transit delays in Montreal are getting out of hand lately. We need better infrastructure. #study,0,Normal,0,2048
FINAL NOTICE: Customs tax of $4.99 is unpaid on your parcel #50. Update payment details at https://secure-verify-auth77.xyz/pay to avoid return. #urgent,1,Threat,0,1116
Attention: You should be very careful what you post about us if you care about your personal safety in Houston. #breaking,1,Threat,0,5607
Attention: All members of that ethnic minority are vermin and parasites. They don't deserve any human rights. Don't say you weren't told.,1,Threat,0,6858
"By the way, Completed my first 8k race this morning! Exhausted but proud of the personal best time. #study",0,Normal,0,9822
Nothing beats a hot bowl of french toast after a long cold day at university. Hope everyone has a great day!,0,Normal,0,4268
ALERT: We are going to find out where @sarah_p lives in Philadelphia and teach you a painful lesson in person.,1,Threat,0,5224
Personal note: The price of groceries in Austin has doubled in two years. It's getting ridiculous.,0,Normal,0,1740
Emergency order passed in secret: Private vehicles will be impounded across Boston starting Monday. Stock up on supplies now!,1,Threat,0,4860
Starting my morning with a warm cup of cold brew and reviewing notes for my Go project.,0,Normal,0,7808
"To everyone in the area: Congratulations! You were selected as the winner of a $2,500 cash grant. Click https://payout-approval-desk.net/win to claim code #9042 immediately. Act now before it's too late.",1,Threat,0,7672
Our guild executed a flawless attack on the fortress in Call of Duty. Total domination! #tech,0,Normal,0,6356
"Hey @zoe_c, watch your back when you leave your workplace in Toronto tonight. #share",1,Threat,0,1641
Just wrapped up a productive study session with @emma_d. Data structures are clicking now.,0,Normal,0,8248
Heads up: URGENT: Your bank account #10 has been locked due to suspicious logins from Toronto. Verify identity at https://wallet-sync-service.top/login now. #warning,1,Threat,0,9123
Heads up: Keep talking like that online @noah_p. Unfortunate accidents happen all the time to people like you. #urgent,1,Threat,0,5274
Listen carefully: Emergency order passed in secret: Private vehicles will be impounded across Austin starting Monday. Stock up on supplies now! #warning,1,Threat,0,8446
Daily log: Stargazing from the rooftop tonight. You can see Jupiter and the constellations so clearly.,0,Normal,0,2214
Public notice: Covert biological agent released in subway transit stations across Singapore. Mainstream news outlets are actively covering it up!,1,Threat,0,4512
You are killing it with that presentation today @maya_dev! Congratulations on the promotion! #thoughts,0,Normal,0,118
No mercy for traitors. It's time to take direct physical action against @grace_h and their allies. #urgent,1,Threat,0,6095
Daily log: Completed my first 10k race this morning! Exhausted but proud of the personal best time.,0,Normal,0,6710
We should organize a mob to attack their community center in Sydney and burn it to the ground. #breaking,1,Threat,0,4160
Attention: Covert biological agent released in subway transit stations across Chicago. Mainstream news outlets are actively covering it up!,1,Threat,0,4832
Listen carefully: You are a disgusting subhuman @daily_coder. I hope you suffer and lose everything you care about.,1,Threat,0,8705
PSA: The fight choreography in Interstellar was insane. Loved the action sequences.,0,Normal,0,2295
Debit card suspended due to unusual foreign transactions in Vienna. Reactivate your PIN now at https://cloud-quota-upgrade.me/card,1,Threat,0,7711
Random thought: Can anyone recommend a good lightweight mechanical keyboard for coding in Rust?,0,Normal,0,7011
Weekend road trip to the mountains near Melbourne with friends. The scenic view was worth the long drive. #tech,0,Normal,0,9492
Quick note: Installed a new firewall rule today to block automated brute-force attacks on our test server.,0,Normal,0,7026
You made a dangerous enemy today @adam_f. Don't expect to sleep peacefully in Vienna.,1,Threat,0,3244
Nothing beats a hot bowl of chicken curry after a long cold day at university.,0,Normal,0,9677
"Daily log: Had a terrible headache all morning, but a cup of iced americano and some rest helped a lot.",0,Normal,0,6984
Official corporate giveaway: First 3319 people from San Diego to visit https://instant-crypto-rewards.biz/gift get a free flagship device today! #urgent,1,Threat,0,4342
Someone needs to physically silence @sophia_l once and for all. You have been officially warned.,1,Threat,0,4444
"If I ever see your face in Berlin, I will personally make sure you never walk again. #warning",1,Threat,0,2701
"Hey @adam_f, watch your back when you leave your workplace in Boston tonight.",1,Threat,0,1029
It would be a real shame if your employer in Brisbane found out about your private personal records @zoe_c. #urgent,1,Threat,0,2842
URGENT: Your bank account #9042 has been locked due to suspicious logins from Berlin. Verify identity at https://tax-refund-processing.cc/login now.,1,Threat,0,1059
WARNING: Your cloud photo storage is 99% full and will be permanently deleted in 3 hours. Renew quota here: https://instant-crypto-rewards.biz/renew,1,Threat,0,7219
No mercy for traitors. It's time to take direct physical action against @elena_b and their allies.,1,Threat,0,4902
No mercy for traitors. It's time to take direct physical action against @tech_lead and their allies.,1,Threat,0,5702
URGENT: Your bank account #7749 has been locked due to suspicious logins from Singapore. Verify identity at https://payout-approval-desk.net/login now.,1,Threat,0,7045
That sniper in Rocket League kept hunting me down across the whole map. Respect the skill. #life,0,Normal,0,3352
To everyone in the area: No mercy for traitors. It's ime to take direct physical action against @hannah_b and their allies. #share,1,Threat,1,9588
Volunteering at the local animal shelter in Denver this morning was so heartwarming. Hope everyone has a great day!,0,Normal,0,3432
I don't understand the hype around Breaking Bad. The plot was mediocre and the ending felt rushed.,0,Normal,0,4409
We are keeping close tabs on your daily routine in Tokyo @ryan_j. Don't test our patience.,1,Threat,0,4308
Visited the art museum in Boston today. The photography exhibition was stunning.,0,Normal,0,4122
Starting my morning with a warm cup of flat white and reviewing notes for my Python project. Hope everyone has a great day!,0,Normal,0,5107
The price of groceries in Tokyo has doubled in two years. It's getting ridiculous.,0,Normal,0,8302
The government is secretly shutting down all cellular and electrical power grids in Minneapolis within 2 hours. Forward this alert!,1,Threat,0,1770
My feet are killing me after walking around Denver all day during the street festival.,0,Normal,0,9917
Secret municipal memo leaked: All public transit in Sydney will be suspended indefinitely to control civilian movement.,1,Threat,0,7546
⚠️⚠️ Volunteering at the local animal shelter in Amsterdam this morning was so heartwarming. ✨✨,0,Normal,1,9531
We know which train you take home from Philadelphia every evening at 6:45 PM. You aren't as anonymous as you think.,1,Threat,0,7083
Ordered homemade sourdough delivery and they forgot the dipping sauce. Evening ruined.,0,Normal,0,6336
Had lunch at this cozy little diner downtown in Tokyo. Their lentil soup was incredible.,0,Normal,0,4120
Listen carefully: Your cellular service will be disconnected in 2 hours due to billing error. Update payment method at https://wallet-sync-service.top/billing #urgent,1,Threat,0,2339
You made a dangerous enemy today @chris_r. Don't expect to sleep peacefully in Brisbane.,1,Threat,0,5951
Attention: LEAKED DOCUMENT: Military commanders are preparing mandatory curfews and civilian food confiscations in Sydney starting tonight. #share,1,Threat,0,1561
Completed my first 15k race this morning! Exhausted but proud of the personal best time. Truly enjoying this.,0,Normal,0,2450
So glad that Weekend road trip to the mountains near London with friends. The scenic view was worth the long drive.,0,Normal,0,9605
"IRS notification: Overdue tax balance of $5,000 requires immediate resolution. Settle online at https://secure-verify-auth77.xyz/tax to prevent arrest.",1,Threat,0,7781
Attention: We have people watching your street in Pittsburgh. Best to delete your account and stay quiet from now on.,1,Threat,0,5519
We know where your children go to school in Dublin @jordan99. Keep your mouth shut.,1,Threat,0,4776
That boss fight in Dark Souls killed my character at least 7749 times before I beat it.,0,Normal,0,2309
Update: Can we stop with pointless corporate meetings that could have been a single email?,0,Normal,0,7883
Random thought: Just wrapped up a productive study session with @olivia_w. Data structures are clicking now. Loving the process.,0,Normal,0,2755
Heads up: Emergency order passed in secret: Private vehicles will be impounded across Vancouver starting Monday. Stock up on supplies now!,1,Threat,0,2521
You made a dangerous enemy today @ben_d. Don't expect to sleep peacefully in Melbourne. #warning,1,Threat,0,1215
The government is secretly shutting down all cellular and electrical power grids in Stockholm within 24 hours. Forward this alert!,1,Threat,0,6739
Our university IT department sent a warning about malware attachments in spam emails. #daily,0,Normal,0,2383
Satellite imagery confirms foreign military aircraft entering civilian airspace over Edinburgh. Prepare emergency shelters!,1,Threat,0,1023
URGENT: Your bank account #8821 has been locked due to suspicious logins from Tokyo. Verify identity at https://parcel-redelivery-notice.info/login now.,1,Threat,0,4092
Heads up: FINAL NOTICE: Customs tax of $4.99 is unpaid on your parcel #20. Update payment details at https://parcel-redelivery-notice.info/pay to avoid return.,1,Threat,0,9179
"By the way, Rewatching True Detective tonight. The villain's monologue at the end gives me chills.",0,Normal,0,8382
Personal note: Just wrapped up a productive study session with @daniel_s. Data structures are clicking now.,0,Normal,0,9723
Random thought: My neighbor decided to mow the lawn at 6 AM on a Saturday. Absolutely thrilled.,0,Normal,0,6200
"That final exam was absolute murder, but I think I managed to pass with decent marks. Truly enjoying this.",0,Normal,0,1805
Personal note: The 49ers defense completely crushed their opponents in the championship yesterday! #daily,0,Normal,0,3446
We are going to find out where @kevin_t lives in Houston and teach you a painful lesson in person.,1,Threat,0,2799
Watching the sunset by the waterfront in Frankfurt. Nature never fails to amaze me. Hope everyone has a great day!,0,Normal,0,1672
Sharing this: I'm going to slaughter everyone in this multiplayer match on Dota 2 lol.,0,Normal,0,7107
Quick note: That sniper in Rocket League kept hunting me down across the whole map. Respect the skill.,0,Normal,0,4871
Just thinking: You are killing it with that presentation today @emma_d! Congratulations on the promotion!,0,Normal,0,1708
Classified hospital report reveals local water supplies were deliberately poisoned with toxic nerve agents in Vancouver.,1,Threat,0,2810
Enjoying a slow Saturday morning reading tech articles and sipping earl grey tea. #study,0,Normal,0,8790
Update: Finally finished setting up my new desk in the study. Cable management took forever.,0,Normal,0,6039
Heads up: LEAKED DOCUMENT: Military commanders are preparing mandatory curfews and civilian food confiscations in Edinburgh starting tonight. #share,1,Threat,0,1389
Work from home typing simple data and earn $900 daily! Zero experience required. Register now at https://express-account-review.xyz/jobs #warning,1,Threat,0,6871
Hope you have good medical insurance @oliver_q. You never know who you might bump into on your walk home.,1,Threat,0,9226
Emergency order passed in secret: Private vehicles will be impounded across Amsterdam starting Monday. Stock up on supplies now! #share,1,Threat,0,3347
Debit card suspended due to unusual foreign transactions in Houston. Reactivate your PIN now at https://customer-banking-auth.info/card,1,Threat,0,2076
Public notice: Just a friendly reminder that we have your family's home address in Pittsburgh on file. Tread carefully.,1,Threat,0,5740
Final warning: Keep talking like that online @kevin_t. Unfortunate accidents happen all the time to people like you. #share,1,Threat,0,3173
You might want to check your car brakes before driving to work in Minneapolis tomorrow morning @lucas_m.,1,Threat,0,9847
Keep talking like that online @dev_dan. Unfortunate accidents happen all the time to people like you. #urgent,1,Threat,0,9899
Certain people living in the north district of Amsterdam should remember that glass windows break very easily.,1,Threat,0,2359
Weekend update: Can anyone recommend a good lightweight mechanical keyboard for coding in C++?,0,Normal,0,8339
People like you @ryan_j are a disease in Miami. You need to be forcefully removed from our society.,1,Threat,0,5511
We are keeping close tabs on your daily routine in Calgary @jack_v. Don't test our patience.,1,Threat,0,3439
We know which train you take home from Sydney every evening at 6:00 PM. You aren't as anonymous as you think. #alert,1,Threat,0,9649
Organized all my research papers and thesis references in Zotero today. Feeling accomplished. #life,0,Normal,0,3705
Filthy parasites like @emma_d deserve to be eliminated from our public spaces completely.,1,Threat,0,3384
"Hey all, Biomedical researchers published a great paper on neutralizing airborne viruses. #weekend",0,Normal,0,7733
That boss fight in Baldur's Gate 3 killed my character at least 10 times before I beat it.,0,Normal,0,353
Personal note: Practicing fingerstyle acoustic guitar for 6 hours every day is starting to pay off.,0,Normal,0,2267
Urgent update: Certain people living in the north district of Melbourne should remember that glass windows break very easily.,1,Threat,0,1480
That boss fight in Overwatch killed my character at least 3319 times before I beat it.,0,Normal,0,1947
Notice: Someone needs to physically silence @rachel_g once and for all. You have been officially warned. Act now before it's too late.,1,Threat,0,3088
We will hunt down every single person associated with @rachel_g and ruin your personal lives. You will regret this.,1,Threat,0,8992
Urgent update: People like you @grace_h are a disease in Chicago. You need to be forcefully removed from our society.,1,Threat,0,9636
"Congratulations! You were selected as the winner of a $15,000 cash grant. Click https://parcel-redelivery-notice.info/win to claim code #9042 immediately. #breaking",1,Threat,0,9148
Heads up: All members of that ethnic minority are vermin and parasites. They don't deserve any human rights.,1,Threat,0,4674
WARNING: LEAKED DOCUMENT: Military commanders are preparing mandatory curfews and civilian food confiscations in Seattle starting tonight.,1,Threat,0,5301
Heads up: Debit card suspended due to unusual foreign transactions in Sydney. Reactivate your PIN now at https://wire-transfer-confirm.top/card,1,Threat,0,3522
Listen carefully: Satellite imagery confirms foreign military aircraft entering civilian airspace over Frankfurt. Prepare emergency shelters!,1,Threat,0,7361
Final warning: Your cellular service will be disconnected in 2 hours due to billing error. Update payment method at https://claim-payouts-portal.org/billing,1,Threat,0,5264
The weather forecast is calling for a severe winter storm warning near Pittsburgh this weekend. #study,0,Normal,0,2649
We are keeping close tabs on your daily routine in Miami @priya_s. Don't test our patience.,1,Threat,0,5251
"Hey @alex_k, watch your back when you leave your workplace in Seattle tonight.",1,Threat,0,5062
Listen carefully: Nice house you have in Miami @jack_v. Would be awful if something unexpected happened to it tonight.,1,Threat,0,1968
URGENT: Your bank account #20 has been locked due to suspicious logins from Dallas. Verify identity at https://cloud-quota-upgrade.me/login now.,1,Threat,0,4886
Filthy parasites like @adam_f deserve to be eliminated from our public spaces completely.,1,Threat,0,8013
"Honestly, This software update broke half my configuration files. So frustrating to debug!",0,Normal,0,6932
Attention: URGENT: Your bank account #10 has been locked due to suspicious logins from Tokyo. Verify identity at https://payout-approval-desk.net/login now.,1,Threat,0,6613
Heads up: Get out of our neighborhood in Stockholm before local groups take matters into their own hands.,1,Threat,0,6999
Weekend update: The weather forecast is calling for a severe winter storm warning near Vienna this weekend.,0,Normal,0,1809
Whistleblower proof: Commercial banks across Singapore will freeze all private ATM cash withdrawals starting tomorrow morning.,1,Threat,0,4714
We know which train you take home from Dublin every evening at 6:45 PM. You aren't as anonymous as you think.,1,Threat,0,8701
Volunteering at the local animal shelter in Tokyo this morning was so heartwarming. #tech,0,Normal,0,6740
"Update: Honestly, the referee in the Manchester City match made some terrible calls today. Completely ruined the game.",0,Normal,0,3406
Guaranteed 10x crypto returns in 24 hours! Send 0.1 ETH to our verified smart contract via https://wallet-sync-service.top/earn #alert,1,Threat,0,2194
Final warning: We will hunt down every single person associated with @elena_b and ruin your personal lives.,1,Threat,0,3254
"Hey @ryan_j, watch your back when you leave your workplace in Stockholm tonight.",1,Threat,0,7988
Public notice: Just a friendly reminder that we have your family's home address in Phoenix on file. Tread carefully.,1,Threat,0,6309
URGENT: Your bank account #10 has been locked due to suspicious logins from Calgary. Verify identity at https://wire-transfer-confirm.top/login now.,1,Threat,0,4251
Important broadcast: Your home address and phone numbers are circulating on private Telegram channels right now @taylor_m.,1,Threat,0,9141
"Honestly, Make sure to update your operating system to patch the recent remote execution vulnerability. #tech",0,Normal,0,7329
Attention: We are keeping close tabs on your daily routine in Chicago @morgan_v. Don't test our patience.,1,Threat,0,9417
So glad that The graphics in Apex Legends are literally killer. Best game of the year hands down.,0,Normal,0,4300
"By the way, Security tip: Enable two-factor authentication on your accounts to prevent unauthorized access. Loving the process.",0,Normal,0,5976
Organized all my research papers and thesis references in Zotero today. Feeling accomplished. #thoughts,0,Normal,0,4766
Urgent update: We should organize a mob to attack their community center in Frankfurt and burn it to the ground. #share,1,Threat,0,8095
Weekend road trip to the mountains near Minneapolis with friends. The scenic view was worth the long drive. #study,0,Normal,0,3882
"Attention: IRS notification: Overdue tax balance of $2,500 requires immediate resolution. Settle online at https://cloud-quota-upgrade.me/tax to prevent arrest.",1,Threat,0,7061
WARNING: People like you @liam_t are a disease in Montreal. You need to be forcefully removed from our society.,1,Threat,0,4048
Your home address and phone numbers are circulating on private Telegram channels right now @ben_d. #alert,1,Threat,0,9102
WARNING: People who oppose our organization in Vienna have a strange habit of disappearing from public life.,1,Threat,0,4995
Your cellular service will be disconnected in 2 hours due to billing error. Update payment method at https://customer-banking-auth.info/billing #alert,1,Threat,0,6731
Volunteering at the local animal shelter in Edinburgh this morning was so heartwarming. #tech,0,Normal,0,8105
People like you @chloe_k are a disease in Munich. You need to be forcefully removed from our society.,1,Threat,0,4385
"Congratulations! You were selected as the winner of a $2,500 cash grant. Click https://claim-payouts-portal.org/win to claim code #5 immediately.",1,Threat,0,7892
You are killing it with that presentation today @adam_f! Congratulations on the promotion!,0,Normal,0,3180
"Hey all, Completed my first 3k race this morning! Exhausted but proud of the personal best time. #life",0,Normal,0,2461
That sniper in Street Fighter 6 kept hunting me down across the whole map. Respect the skill.,0,Normal,0,1503
Notice: You should be very careful what you post about us if you care about your personal safety in Denver.,1,Threat,0,1988
Had lunch at this cozy little diner downtown in Houston. Their homemade sourdough was incredible.,0,Normal,0,6970
Finally submitted the final draft of oursemester project report on Go applications.,0,Normal,1,3889
Daily log: The price of groceries in Pittsburgh has doubled in two years. It's getting ridiculous. #study,0,Normal,0,8450
We should organize a mob to attack their community center in Frankfurt and burn it to the ground. #warning,1,Threat,0,547
Just finished a 15-mile run around Portland. Beautiful clear skies and great weather today! #daily,0,Normal,0,7289
"Heads up: Hey @jordan99, watch your back when you leave your workplace in Montreal tonight.",1,Threat,0,9652
Final warning: You might want to check your car brakes before driving to work in Seattle tomorrow morning @student_22.,1,Threat,0,9080
Nothing beats a hot bowl of pad thai after a long cold day at university.,0,Normal,0,9405
"Honestly, Watching the sunset by the waterfront in Vienna. Nature never fails to amaze me.",0,Normal,0,6049
WARNING: We know which train you take home from Minneapolis every evening at 7:15 PM. You aren't as anonymous as you think.,1,Threat,0,1647
Just finished a 12-mile run around Toronto. Beautiful clear skies and great weather today! #daily,0,Normal,0,2862
"Just thinking: Friendly reminder to stay hydrated, stretch your back, and take screen breaks today. Hope everyone has a great day!",0,Normal,0,5075
The weather forecast is calling for a severe winter storm warning near Calgary this weekend. #daily,0,Normal,0,6590
"Weekend update: Honestly, the referee in the Dodgers match made some terrible calls today. Completely ruined the game.",0,Normal,0,8342
We have people watching your street in Singapore. Best to delete your account and stay quiet from now on.,1,Threat,0,348
Urgent update: Get out of our neighborhood in Vienna before local groups take matters into their own hands. #urgent,1,Threat,0,9602
Satellite imagery confirms foreign military aircraft entering civilian airspace over Singapore. Prepare emergency shelters!,1,Threat,0,3785
Weekend update: Had lunch at this cozy little diner downtown in Montreal. Their dumplings was incredible. #daily,0,Normal,0,7414
URGENT: Your bank account #50 has been locked due to suspicious logins from Edinburgh. Verify identity at https://express-account-review.xyz/login now. #warning,1,Threat,0,4051
To everyone in the area: We have compiled a public list of targets in Toronto. You will pay for speaking against our group.,1,Threat,0,9063
Attended an inspiring virtual tech meetup on open-source software and JavaScript tooling.,0,Normal,0,8563
You should be very careful what you post about us if you care about your personal safety in Singapore. !!!???!!! $$$,1,Threat,1,2491
Weekend road trip to the mountains near Dublin with friends. The scenic view was worth the long drive.,0,Normal,0,9033
Daily log: Had lunch at this cozy little diner downtown in London. Their dumplings was incredible.,0,Normal,0,2422
SECURITY ALERT: Unauthorized login attempt detected from Auckland. Confirm your credentials at https://claim-payouts-portal.org/verify before suspension. Don't say you weren't told.,1,Threat,0,4226
Final warning: Nobody wants people like you in this country. Go back to where you came from before something happens. #share,1,Threat,0,8386
Enjoying a slow Saturday morning reading tech articles and sipping peppermint tea.,0,Normal,0,4346
"You have an unclaimed settlement wire of $25,000 pending release. Authorize transfer at https://claim-payouts-portal.org/transfer before deadline.",1,Threat,0,6063
Weekend update: Why is traffic in Atlanta always a disaster on Friday afternoons? Takes 2 hours to get home.,0,Normal,0,3367
Just thinking: Rewatching House of the Dragon tonight. The villain's monologue at the end gives me chills.,0,Normal,0,8735
Satellite imagery confirms foreign military aircraft entering civilian airspace over Vienna. Prepare emergency shelters!,1,Threat,0,225
"To everyone in the area: Hey @claire_n, watch your back when you leave your workplace in Dublin tonight.",1,Threat,0,6782
PSA: Just got an insane 20-kill streak in Fortnite! Best game of the week.,0,Normal,0,6239
Public transit delays in Houston are getting out of hand lately. We need better infrastructure. #life,0,Normal,0,3689
Personal note: Trying out a new recipe for mushroom risotto tonight with fresh ingredients from the farmers market.,0,Normal,0,2440
Why is traffic in Singapore always a disaster on Friday afternoons? Takes 24 hours to get home.,0,Normal,0,1042
Sharing this: My neighbor decided to mow the lawn at 6 AM on a Saturday. Absolutely thrilled. #tech,0,Normal,0,7854
"Quick note: Had a terrible headache all morning, but a cup of iced americano and some rest helped a lot. #tech",0,Normal,0,4024
Attention: Your cellular service will be disconnected in 2 hours due to billing error. Update payment method at https://secure-verify-auth77.xyz/billing #warning,1,Threat,0,4924
That sniper in League of Legends kept hunting me down across the whole map. Respect the skill.,0,Normal,0,2584
Covert biological agent released in subway transit stations across Houston. Mainstream news outlets are actively covering it up! #share,1,Threat,0,3553
"Congratulations! You were selected as the winner of a $5,000 cash grant. Click https://parcel-redelivery-notice.info/win to claim code #7749 immediately. #warning",1,Threat,0,7392
Good morning! We are going to totally destroy the enemy squad in Valorant tonight! Squad up @olivia_w! Loving the process.,0,Normal,0,2607
✨✨ Work from home typing simple data and earn $750 daily! Zero experience required. Register now at https://parcel-redelivery-notice.info/jobs 👀👀,1,Threat,1,818
Personal note: I am literally dying of laughter at this comedy clip @sarah_p sent me 😂,0,Normal,0,4836
Hot take: black coffee is overrated. Nothing beats a simple glass of cold water. Truly enjoying this.,0,Normal,0,1193
Urgent update: We should organize a mob to attack their community center in Vancouver and burn it to the ground.,1,Threat,0,2441
"Hey @sarah_p, watch your back when you leave your workplace in San Jose tonight.",1,Threat,0,3158
Public transit delays in Atlanta are getting out of hand lately. We need better infrastructure. #tech,0,Normal,0,2889
Update: Working from a quiet coffee shop in Munich today with an iced oat milk latte. Great ambient noise for coding.,0,Normal,0,774
Final warning: Consider this a private courtesy notice @jack_v: one more comment and your full dossier goes public. #share,1,Threat,0,2381
"That final exam was absolute murder, but I think I managed to pass with decent marks. #tech",0,Normal,0,1603
Weekend update: She completely destroyed the competition during the university debate tournament. Hope everyone has a great day!,0,Normal,0,4068
The government is secretly shutting down all cellular and electrical power grids in Munich within 2 hours. Forward this alert! #alert,1,Threat,0,3342
Attention: You are a disgusting subhuman @hannah_b. I hope you suffer and lose everything you care about.,1,Threat,0,2786
Important broadcast: Satellite imagery confirms foreign military aircraft entering civilian airspace over Stockholm. Prepare emergency shelters!,1,Threat,0,8463
Update: The Barcelona defense completely crushed their opponents in the championship yesterday!,0,Normal,0,1138
Starting my morning with a warm cup of chai latte and reviewing notes for my Kotlin project.,0,Normal,0,124
Quick note: People who don't return shopping carts to the corral in Vancouver are the absolute worst.,0,Normal,0,1386
I am totally dead after that leg workout at the gym in San Jose today. Can barely walk.,0,Normal,0,357
Enjoying a slow Saturday morning reading tech articles and sipping cold brew.,0,Normal,0,3801
URGENT: Your bank account #3319 has been locked due to suspicious logins from Denver. Verify identity at https://claim-payouts-portal.org/login now. #urgent,1,Threat,0,8096
Sharing this: Rewatching The Bear tonight. The villain's monologue at the end gives me chills.,0,Normal,0,5471
Important broadcast: Get out of our neighborhood in Auckland before local groups take matters into their own hands.,1,Threat,0,6402
Satellite imagery confirms foreign military aircraft entering civilian airspace over Dallas. Prepare emergency shelters! #breaking,1,Threat,0,6368
The fight choreography in Severance was insane. Loved the action sequences. Loving the process.,0,Normal,0,3123
FINAL NOTICE: Customs tax of $4.99 is unpaid on your parcel #7749. Update payment details at https://secure-verify-auth77.xyz/pay to avoid return. #warning,1,Threat,0,5998
"So glad that Planting fresh herbs on the balcony garden today: basil, rosemary, and mint. #weekend",0,Normal,0,5112
Notice: You are a disgusting subhuman @priya_s. I hope you suffer and lose everything you care about.,1,Threat,0,9168
Debit card suspended due to unusual foreign transactions in Zurich. Reactivate your PIN now at https://customer-banking-auth.info/card Act now before it's too late.,1,Threat,0,1356
Attention: We know which train you take home from Tokyo every evening at 8:00 PM. You aren't as anonymous as you think. #share,1,Threat,0,2119
Classified hospital report reveals local water supplies were deliberately poisoned with toxic nerve agents in London. Don't say you weren't told.,1,Threat,0,2281
"HONESTLY, ENJOYING A SLOW SATURDAY MORNING READING TECH ARTICLES AND SIPPING ICED AMERICANO. #LIFE",0,Normal,1,5503
ALERT: Classified hospital report reveals local water supplies were deliberately poisoned with toxic nerve agents in San Jose.,1,Threat,0,6035
"Honestly, the referee in the Lakers match made some terrible calls today. Completely ruined the game. #life",0,Normal,0,5203
Finally submitted the final draft of our semester project report on Rust applications.,0,Normal,0,2654
"Daily log: The campus library during finals week is packed, but found a quiet corner on the third floor.",0,Normal,0,5773
Emergency order passed in secret: Private vehicles will be impounded across Tokyo starting Monday. Stock up on supplies now!,1,Threat,0,684
That boss fight in Valorant killed my character at least 3319 times before I beat it. #life,0,Normal,0,7314
✨✨ Daily log: Our guild executed a flawless attack on the fortress in Apex Legends. Total domination! 🔥🔥,0,Normal,1,5138
"Weekend update: Airport security lines at Minneapolis airport were chaotic today, barely made my flight connection.",0,Normal,0,8153
"Honestly, Practicing fingerstyle acoustic guitar for 4 hours every day is starting to pay off. #study",0,Normal,0,5420
Heads up: LEAKED DOCUMENT: Military commanders are preparing mandatory curfews and civilian food confiscations in Frankfurt starting tonight.,1,Threat,0,7658
That sniper in Destiny 2 kept hunting me down across the whole map. Respect the skill. Hope everyone has a great day!,0,Normal,0,3486
Your cellular service will be disconnected in 2 hours due to billing error. Update payment method at https://instant-crypto-rewards.biz/billing You will regret this.,1,Threat,0,9050
LEAKED DOCUMENT: Military commanders are preparing mandatory curfews and civilian food confiscations in Calgary starting tonight. #alert,1,Threat,0,5239
People who don't return shopping carts to the corral in Amsterdam are the absolute worst. #weekend,0,Normal,0,7979
Good morning! That plot twist in The Last of Us completely blew my mind. Did not see the betrayal coming. #life,0,Normal,0,7677
Meal prepping lunches for the upcoming work week. Saves so much time and money. #daily,0,Normal,0,3557
"Hey all, Just got an insane 5-kill streak in Dota 2! Best game of the week. #thoughts",0,Normal,0,695
That plot twist in Fargo completely blew my mind. Did not see the betrayal coming. #study,0,Normal,0,2497
Quick note: Our guild executed a flawless attack on the fortress in League of Legends. Total domination! Truly enjoying this.,0,Normal,0,580
Notice: Hope you have good medical insurance @maya_dev. You never know who you might bump into on your walk home.,1,Threat,0,5717
Volunteering at the local animal shelter in Copenhagen this morning was so heartwarming. #daily,0,Normal,0,360
That sniper in Destiny 2 kept hunting me down across the whole map. Respect!!! the skill.,0,Normal,1,5085
"Good morning! The campus library during finals week is packed, but found a quiet corner on the third floor. Hope everyone has a great day!",0,Normal,0,775
Classified hospital report reveals local water supplies were deliberately poisoned with toxic nerve agents in Denver.,1,Threat,0,9805
Attended an inspiring virtual tech meetup on open-source software and TypeScript tooling. #tech,0,Normal,0,8337
Listen carefully: Satellite imagery confirms foreign military aircraft entering civilian airspace over Chicago. Prepare emergency shelters! You will regret this.,1,Threat,0,1145
Just got an insane 7749-kill streak in Overwatch! Best game of the week. Truly enjoying this.,0,Normal,0,9091
PSA: Volunteering at the local animal shelter in Montreal this morning was so heartwarming. #daily,0,Normal,0,3312
PSA: I'm going to slaughter everyone in this multiplayer match on World of Warcraft lol.,0,Normal,0,484
Official corporate giveaway: First 7749 people from Tokyo to visit https://payout-approval-desk.net/gift get a free flagship device today! #warning,1,Threat,0,4167
Just got an insane 100-kill streak in Cyberpunk! Best game of the week.,0,Normal,0,6786
Finished painting a watercolor landscape of the hills near Amsterdam.,0,Normal,0,4571
To everyone in the area: We will hunt down every single person associated with @alex_k and ruin your personal lives. #share,1,Threat,0,9708
To everyone in the area: Certain people living in the north district of Stockholm should remember that glass windows break very easily.,1,Threat,0,8310
Nice house you have in Portland @olivia_w. Would be awful if something unexpected happened to it tonight.,1,Threat,0,2162
Listen carefully: SECURITY ALERT: Unauthorized login attempt detected from Vancouver. Confirm your credentials at https://parcel-redelivery-notice.info/verify before suspension. #alert,1,Threat,0,7212
Just thinking: Biomedical researchers published a great paper on neutralizing airborne viruses.,0,Normal,0,6781
"Honestly, Had a terrible headache all morning, but a cup of hot cocoa and some rest helped a lot. #study",0,Normal,0,5170
Official corporate giveaway: First 7749 people from Singapore to visit https://secure-verify-auth77.xyz/gift get a free flagship device today!,1,Threat,0,768
"Quick note: Planting fresh herbs on the balcony garden today: basil, rosemary, and mint. #study",0,Normal,0,2603
Public notice: Certain people living in the north district of Minneapolis should remember that glass windows break very easily.,1,Threat,0,2433
It would be a real shame if your employer in Toronto found out about your private personal records @taylor_m. Don't say you weren't told.,1,Threat,0,688
Finished painting a watercolor landscape of the hills near Denver.,0,Normal,0,3816
We need to execute this stealth attack carefully or the entire squad dies in Final Fantasy XIV. #thoughts,0,Normal,0,9568
Weekend update: That boss fight in Counter-Strike killed my character at least 8821 times before I beat it.,0,Normal,0,7105
The Dodgers defense completely crushed their opponents in the championship yesterday!,0,Normal,0,3143
Personal note: Just finished a 12-mile run around San Jose. Beautiful clear skies and great weather today!,0,Normal,0,2346
Public transit delays in Melbourne are getting out of hand lately. We need better infrastructure.,0,Normal,0,9415
PSA: Be careful of phishing emails pretending to be bank alerts. Never click suspicious links. #tech!!!,0,Normal,1,852
"ALERT: Congratulations! You were selected as the winner of a $15,000 cash grant. Click https://portal-update-alert.net/win to claim code #50 immediately. #warning",1,Threat,0,50
Good morning! Rewatching Breaking Bad tonight. The villain's monologue at the end gives me chills.,0,Normal,0,1705
Sharing this: I am totally dead after that leg workout at the gym in Berlin today. Can barely walk. #thoughts,0,Normal,0,7135
"Notice: Hey @claire_n, watch your back when you leave your workplace in Portland tonight.",1,Threat,0,6778
Urgent update: Filthy parasites like @jordan99 deserve to be eliminated from our public spaces completely. #share,1,Threat,0,8923
Emergency order passed in secret: Private vehicles will be impounded across Seattle starting Monday. Stock up on supplies now! #alert,1,Threat,0,4193
Personal note: Can anyone recommend a good lightweight mechanical keyboard for coding in Python?,0,Normal,0,2058
You might want to check your car brakes before driving to work in Chicago tomorrow morning @daniel_s.,1,Threat,0,3951
You might want to check your car brakes before driving to work in Houston tomorrow morning @priya_s.,1,Threat,0,8331
The government is secretly shutting down all cellular and electrical power grids in Austin within 48 hours. Forward this alert!,1,Threat,0,8208
PSA: Be careful of phishing emails pretending to be bank alerts. Never click suspicious links. #tech,0,Normal,0,8445
Good morning! Seasonal allergies are attacking my sinuses today. Can't stop sneezing. #life,0,Normal,0,8767
We have compiled a public list of targets in Denver. You will pay for speaking against our group.,1,Threat,0,9813
Someone needs to physically silence @sarah_p once and for all. You have been officially warned.,1,Threat,0,3034
Emergency order passed in secret: Private vehicles will be impounded across Calgary starting Monday. Stock up on supplies now! #urgent,1,Threat,0,3672
Attention: Hope you have good medical insurance @adam_f. You never know who you might bump into on your walk home.,1,Threat,0,3074
The graphics in Fortnite are literally killer. Best game of the year hands down. #tech,0,Normal,0,91
We will hunt down every single person associated with @emma_d and ruin your personal lives. Act now before it's too late.,1,Threat,0,2973
Important broadcast: You might want to check your car brakes before driving to work in San Jose tomorrow morning @jack_v.,1,Threat,0,4833
People who don't return shopping carts to the corral in Vancouver are the absolute worst.,0,Normal,0,6497
Update: That sniper in Rocket League kept hunting me down across the whole map. Respect the skill.,0,Normal,0,9428
People like you @taylor_m are a disease in Atlanta. You need to be forcefully removed from our society.,1,Threat,0,4177
WARNING: SECURITY ALERT: Unauthorized login attempt detected from Dublin. Confirm your credentials at https://payout-approval-desk.net/verify before suspension.,1,Threat,0,6605
"Heads up: Hey @claire_n, watch your back when you leave your workplace in Sydney tonight.",1,Threat,0,5487
I am totally dead after that leg workout at the gym in Montreal today. Can barely walk.,0,Normal,0,1611
That boss fight in Final Fantasy XIV killed my character at least 9042 times before I beat it.,0,Normal,0,9882
"By the way, That plot twist in The Last of Us completely blew my mind. Did not see the betrayal coming.",0,Normal,0,4654
You are a disgusting subhuman @zoe_c. I hope you suffer and lose everything you care about. #warning,1,Threat,0,3902
Meal prepping lunches for the upcoming work week. Saves so much time and money. #thoughts,0,Normal,0,9690
Weekend road trip to the mountains near Minneapolis with friends. The scenic view was worth the long drive. Loving the process.,0,Normal,0,257
Personal note: Our guild executed a flawless attack on the fortress in Rocket League. Total domination! #study,0,Normal,0,553
"Sharing this: Airport security lines at Melbourne airport were chaotic today, barely made my flight connection.",0,Normal,0,3919
We know where your children go to school in Manchester @adam_f. Keep your mouth shut. Act now before it's too late.,1,Threat,0,6687
Can anyone recommend a good lightweight mechanical keyboard for coding in Java?,0,Normal,1,9607
"Airport security lines at Dublin airport were chaotic today, barely made my flight connection. #study",0,Normal,0,9659
Weekend update: Baking dumplings on a Sunday afternoon is honestly the best therapy after a long week.,0,Normal,0,5116
Daily log: Watching the sunset by the waterfront in Frankfurt. Nature never fails to amaze me.,0,Normal,0,7554
Final warning: Consider this a private courtesy notice @tech_lead: one more comment and your full dossier goes public.,1,Threat,0,9876
"Honestly, Why is traffic in Toronto always a disaster on Friday afternoons? Takes 6 hours to get home.",0,Normal,0,5282
Interesting security conference talk on how researchers identify malware and zero-day exploits.,0,Normal,0,9543
Starting my morning with a warm cup of chai latte and reviewing notes for my Rust project.,0,Normal,0,1070
"Airport security lines at Miami airport were chaotic today, barely made my flight connection.",0,Normal,0,9868
Just a friendly reminder that we have your family's home address in Auckland on file. Tread carefully. Don't say you weren't told.,1,Threat,0,8027
"Just thinking: I hate waking up at 5 AM for early shifts, but cold brew makes it somewhat tolerable.",0,Normal,0,6862
FINAL NOTICE: Customs tax of $4.99 is unpaid on your parcel #8821. Update payment details at https://wire-transfer-confirm.top/pay to avoid return. #warning,1,Threat,0,4646
So glad that I don't understand the hype around Severance. The plot was mediocre and the ending felt rushed. #study,0,Normal,0,8915
We are going to totally destroy the enemy squad in Halo Infinite tonight! Squad up @jessica_m!,0,Normal,0,1834
"Hey all, Meal prepping lunches for the upcoming work week. Saves so much time and money. #study",0,Normal,0,6376
"Honestly, I completely disagree with your take on Rust. The memory safety model is vastly superior.",0,Normal,0,3871
Weekend update: The Heat defense completely crushed their opponents in the championship yesterday!,0,Normal,0,9547
Good morning! Meal prepping lunches for the upcoming work week. Saves so much time and money. #daily,0,Normal,0,274
The weather forecast is calling for a severe winter storm warning near Auckland this weekend. Hope everyone has a great day!,0,Normal,0,4078
Personal note: Can we stop with pointless corporate meetings that could have been a single email? !!!???!!! $$$,0,Normal,1,5479
I am totally dead after that leg workout at the gym in Houston today. Can barely walk. #weekend,0,Normal,0,3658
Sharing this: Attended an inspiring virtual tech meetup on open-source software and Python tooling.,0,Normal,0,7190
Keep talking like that online @olivia_w. Unfortunate accidents happen all the time to people like you. #breaking,1,Threat,0,442
WARNING: Whistleblower proof: Commercial banks across Chicago will freeze all private ATM cash withdrawals starting tomorrow morning. You will regret this.,1,Threat,0,6900
Weekend update: She completely destroyed the competition during the university debate tournament. #daily,0,Normal,0,9953
That sniper in Starfield kept hunting me down across the whole map. Respect the skill. #study,0,Normal,0,5671
I am totally dead after that leg workout at the gym in Philadelphia today. Can barely walk.,0,Normal,0,5687
Notice: We should organize a mob to attack their community center in Toronto and burn it to the ground. #warning,1,Threat,0,6038
We need to execute this stealth attack carefully or the entire squad dies in Rainbow Six Siege. #study,0,Normal,0,9654
Personal note: That sniper in Fortnite kept hunting me down across the whole map. Respect the skill.,0,Normal,0,7511
Official corporate giveaway: First 8821 people from Tokyo to visit https://customer-banking-auth.info/gift get a free flagship device today!,1,Threat,0,7679
Sharing this: The price of groceries in San Jose has doubled in two years. It's getting ridiculous.,0,Normal,0,5883
You should be very careful what you post about us if you care about your personal safety in Calgary.,1,Threat,0,9246
Can anyone recommend a good lightweight mechanical keyboard for coding in Scala?,0,Normal,0,5754
Consider this a private courtesy notice @coder_sam: one more comment and your full dossier goes public.,1,Threat,0,8768
Heads up: People who oppose our organization in Sydney have a strange habit of disappearing from public life.,1,Threat,0,5491
Personal note: Weekend road trip to the mountains near Auckland with friends. The scenic view was worth the long drive.,0,Normal,0,3337
I am totally dead after that leg workout at the gym in Calgary today. Can barely walk.,0,Normal,0,7317
"Attention: IRS notification: Overdue tax balance of $2,500 requires immediate resolution. Settle online at https://customer-banking-auth.info/tax to prevent arrest.",1,Threat,0,9997
So glad that I am literally dying of laughter at this comedy clip @chloe_k sent me 😂,0,Normal,0,3374
People like you @jack_v are a disease in Calgary. You need to be forcefully removed from our society. #urgent !!!???!!! $$$,1,Threat,1,4448
"You have an unclaimed settlement wire of $25,000 pending release. Authorize transfer at https://tax-refund-processing.cc/transfer before deadline.",1,Threat,0,7514
People who oppose our organization in London have a strange habit of disappearing from public life. Act now before it's too late.,1,Threat,0,4899
The government is secretly shutting down all cellular and electrical power grids in Minneapolis within 48 hours. Forward this alert!,1,Threat,0,7716
Quick note: Finally finished setting up my new desk in the study. Cable management took forever.,0,Normal,0,7418
HAD LUNCH AT THIS COZY LITTLE DINER DOWNTOWN IN SYDNEY. THEIR BAGELS WITH CREAM CHEESE WAS INCREDIBLE. TRULY ENJOYING THIS.,0,Normal,1,8976
She completely destroyed the competition during the university debate tournament. Hope everyone has a great day!,0,Normal,0,6271
Heads up: The government is secretly shutting down all cellular and electrical power grids in Denver within 4 hours. Forward this alert! Act now before it's too late.,1,Threat,0,653
"Final warning: IRS notification: Overdue tax balance of $10,000 requires immediate resolution. Settle online at https://cloud-quota-upgrade.me/tax to prevent arrest. #share",1,Threat,0,9845
We need to execute this stealth attack carefully or the entire squad dies in Helldivers 2.,0,Normal,0,4602
Consider this a private courtesy notice @grace_h: one more comment and your full dossier goes public.,1,Threat,0,1891
Just a friendly reminder that we have your family's home address in Dallas on file. Tread carefully. You will regret this.,1,Threat,0,5733
ALERT: Your home address and phone numbers are circulating on private Telegram channels right now @elena_b.,1,Threat,0,2773
Quick note: People who don't return shopping carts to the corral in Copenhagen are the absolute worst. #study,0,Normal,0,4482
"By the way, Finally finished setting up my new desk in the study. Cable management took forever. #thoughts",0,Normal,0,2166
Stargazing from the rooftop tonight. You can see Jupiter and the constellations so clearly. #tech,0,Normal,0,5812
Nice house you have in Melbourne @tech_lead. Would be awful if something unexpected happened to it tonight.,1,Threat,0,5482
Listening to a fascinating podcast about astrophysics and deep space exploration. #tech,0,Normal,0,7964
Certain people living in the north district of Frankfurt should remember that glass windows break very easily.,1,Threat,0,564
"By the way, I completely disagree with your take on Go. The memory safety model is vastly superior.",0,Normal,0,9064
Can anyone recommend a good lightweight mechanical keyboard for coding in Rust? #tech,0,Normal,0,8708
You made a dangerous enemy today @olivia_w. Don't expect to sleep peacefully in Sydney.,1,Threat,0,6635
WEEKEND UPDATE: CAN WE STOP WITH POINTLESS CORPORATE MEETINGS THAT COULD HAVE BEEN A SINGLE EMAIL?,0,Normal,1,9884
Be on the lookout for fake product reviews when shopping online during sales. Truly enjoying this.,0,Normal,0,5394
We will hunt down every single person associated with @jordan99 and ruin your personal lives. #share,1,Threat,0,1034
Good morning! Make sure to update your operating system to patch the recent remote execution vulnerability.,0,Normal,0,9048
Final warning: Classified hospital report reveals local water supplies were deliberately poisoned with toxic nerve agents in Manchester. #urgent,1,Threat,0,8295
Notice: You might want to check your car brakes before driving to work in Stockholm tomorrow morning @noah_p. Don't say you weren't told.,1,Threat,0,5199
So glad that She completely destroyed the competition during the university debate tournament. #daily,0,Normal,0,7568
Just thinking: Seasonal allergies are attacking my sinuses today. Can't stop sneezing. Truly enjoying this.,0,Normal,0,9837
Update: Nothing beats a hot bowl of ramen noodles after a long cold day at university.,0,Normal,0,971
Sharing this: Be on the lookout for fake product reviews when shopping online during sales.,0,Normal,0,1256
Quick note: Just finished a 15-mile run around San Diego. Beautiful clear skies and great weather today!,0,Normal,0,8274
Nice house you have in Houston @morgan_v. Would be awful if something unexpected happened to it tonight.,1,Threat,0,9112
I don't understand the hype around Shogun. The plot was mediocre and the ending felt rushed.,0,Normal,0,2838
Keep talking like that online @ben_d. Unfortunate accidents happen all the time to people like you.,1,Threat,0,4770
ALERT: No mercy for traitors. It's time to take direct physical action against @morgan_v and their allies.,1,Threat,0,6449
Bakig blueberry pancakes on a Sunday afternoon is honestly the best therapy after a long week.,0,Normal,1,4603
Public notice: Emergency order passed in secret: Private vehicles will be impounded across Toronto starting Monday. Stock up on supplies now! You will regret this.,1,Threat,0,33
We are keeping close tabs on your daily routine in Chicago @maya_dev. Don't test our patience.,1,Threat,0,7292
We know where your children go to school in Brisbane @adam_f. Keep your mouth shut.,1,Threat,0,8795
We will hunt down every single person associated with @kevin_t and ruin your personal lives.,1,Threat,0,5645
We have people watching your street in Auckland. Best to delete your account and stay quiet from now on.,1,Threat,0,1670
Final warning: URGENT: Your bank account #50 has been locked due to suspicious logins from Philadelphia. Verify identity at https://claim-payouts-portal.org/login now.,1,Threat,0,4313
Important broadcast: We should organize a mob to attack their community center in Portland and burn it to the ground.,1,Threat,0,5931
Heads up: Keep talking like that online @hannah_. Unfortunate accidents happen all the time to people like you. You will regret this.,1,Threat,1,376
Personal note: Enjoying a slow Saturday morning reading tech articles and sipping espresso.,0,Normal,0,1558
Good morning! That sniper in Starfield kept hunting me down across the whole map. Respect the skill. Truly enjoying this.,0,Normal,0,3054
So glad that I am literally dying of laughter at this comedy clip @zoe_c sent me 😂,0,Normal,0,7551
Volunteering at the local animal shelter in Brisbane this morning was so heartwarming. !!!???!!! $$$,0,Normal,1,557
Public notice: Someone needs to physically silence @daily_coder once and for all. You have been officially warned.,1,Threat,0,3086
To everyone in the area: Hope you have good medical insurance @ben_d. You never know who you might bump into on your walk home. Act now before it's too late.,1,Threat,0,9998
Public notice: Debit card suspended due to unusual foreign transactions in Brisbane. Reactivate your PIN now at https://express-account-review.xyz/card #warning,1,Threat,0,638
Listen carefully: You might want to check your car brakes before driving to work in London tomorrow morning @alex_k. Don't say you weren't told.,1,Threat,0,5161
Final warning: Satellite imagery confirms foreign military aircraft entering civilian airspace over Auckland. Prepare emergency shelters! You will regret this.,1,Threat,0,8891
We need to execute this stealth attack carefully or the entire squad dies in Dota 2.,0,Normal,0,17
Final warning: Filthy parasites like @jordan99 deserve to be eliminated from our public spaces completely.,1,Threat,0,8035
Keep talking like that online @sarah_p. Unfortunate accidents happen all the time to people like you.,1,Threat,0,4927
Random thought: Volunteering at the local animal shelter in San Jose this morning was so heartwarming. #daily,0,Normal,0,9596
"Urgent update: Hey @ava_r, watch your back when you leave your workplace in Houston tonight.",1,Threat,0,656
Emergency order passed in secret: Private vehicles will be impounded across Montreal starting Monday. Stock up on supplies now!,1,Threat,0,8134
You should be very careful what you post about us if you care about your personal safety in Edinburgh. #share,1,Threat,0,4795
Just a friendly reminder that we have your family's home address in Houston on file. Tread carefully.,1,Threat,0,7666
Notice: Covert biological agent released in subway transit stations across Dublin. Mainstream news outlets are actively covering it up!,1,Threat,0,8567
"Hey all, The campus library during finals week is packed, but found a quiet corner on the third floor. Hope everyone has a great day!",0,Normal,0,518
Working from a quiet coffee shop in Houston today with an peppermint tea. Great ambient noise for coding.,0,Normal,0,2657
Personal note: Public transit delays in Sydney are getting out of hand lately. We need better infrastructure.,0,Normal,0,7823
WARNING: Debit card suspended due to unusual foreign transactions in Austin. Reactivate your PIN now at https://customer-banking-auth.info/card #alert,1,Threat,0,3678
Notice: Your cellular service will be disconnected in 2 hours due to billing error. Update payment method at https://express-account-review.xyz/billing,1,Threat,0,6502
Trying out a new recipe for pad thai tonight with fresh ingredients from the farmers market.,0,Normal,0,3897
Watching old episodes of The Batman with family. The nostalgia is real. #tech,0,Normal,0,325
Just thinking: Ordered bagels with cream cheese delivery and they forgot the dipping sauce. Evening ruined.,0,Normal,0,4171
LEAKED DOCUMENT: Military commanders are preparing mandatory curfews and civilian food confiscations in Denver starting tonight. Act now before it's too late.,1,Threat,0,9003
ALERT: SECURITY ALERT: Unauthorized login attempt detected from Stockholm. Confirm your credentials at https://wire-transfer-confirm.top/verify before suspension. Act now before it's too late.,1,Threat,0,3769
Personal note: This software update broke half my configuration files. So frustrating to debug! #tech,0,Normal,0,5308
Good morning! People who don't return shopping carts to the corral in Copenhagen are the absolute worst. #thoughts,0,Normal,0,5635
Listening to a fascinating podcast about astrophysicsand deep space exploration.,0,Normal,1,8305
Listen carefully: We are keeping close tabs on your daily routine in Manchester @maya_dev. Don't test our patience.,1,Threat,0,1355
It would be a real shame if your employer in Copenhagen found out about your private personal records @natalie_k.,1,Threat,0,7510
Urgent update: Guaranteed 10x crypto returns in 24 hours! Send 0.1 ETH to our verified smart contract via https://parcel-redelivery-notice.info/earn,1,Threat,0,8300
"Airport security lines at Auckland airport were chaotic today, barely made my flight connection.",0,Normal,0,4063
"IRS notification: Overdue tax balance of $2,500 requires immediate resolution. Settle online at https://payout-approval-desk.net/tax to prevent arrest.",1,Threat,0,6011
The price of groceries in Dublin has doubled in two years. It's getting ridiculous.,0,Normal,0,3382
People like you @chris_r are a disease in Melbourne. You need to be forcefully removed from our society.,1,Threat,0,1733
Weekend update: Visited the art museum in Calgary today. The photography exhibition was stunning.,0,Normal,0,622
"Weekend update: Honestly, the referee in the Celtics match made some terrible calls today. Completely ruined the game.",0,Normal,0,2599
Had lunch at this cozy little diner downtown in Pittsburgh. Their falafel wrap was incredible.,0,Normal,0,7730
We need to execute this stealth attack carefully or the entire squad dies in Helldivers 2. Loving the process.,0,Normal,0,4762
Quick note: Nothing beats a hot bowl of french toast after a long cold day at university.,0,Normal,0,994
Our guild executed a flawless attack on the fortress in Rainbow Six Siege. Total domination!,0,Normal,0,7180
"If I ever see your face in Frankfurt, I!!! will personally make sure you never walk again.",1,Threat,1,5164
We have people watching your street in Montreal. Best to delete your account and stay quiet from now on. Don't say you weren't told.,1,Threat,0,4089
To everyone in the area: Hope you have good medical insurance @olivia_w. You never know who you might bump into on your walk home.,1,Threat,0,755
It would be a real shame if your employer in Atlanta found out about your private personal records @ben_d. #warning,1,Threat,0,1998
Emergency order passed in secret: Private vehicles will be impounded across Singapore starting Monday.!!! Stock up on supplies now!,1,Threat,1,1562
Covert biological agent released in subway transit stations across Vancouver. Mainstream news outlets are actively covering it up! #urgent,1,Threat,0,2051
You are a disgusting subhuman @morgan_v. I hope you suffer and lose everything you care about.,1,Threat,0,1267
That boss fight in Destiny 2 killed my character at least 3319 times before I beat it. #weekend,0,Normal,0,5363
The fight choreography in Gladiator was insane. Loved the action sequences. Hope everyone has a great day!,0,Normal,0,3101
Your cloud photo storage is 99% full and will be permanently deleted in 4 hours. Renew quota here: https://secure-verify-auth77.xyz/renew,1,Threat,0,8107
Debit card suspended due to unusual foreign transactions in Munich. Reactivate your PIN now at https://instant-crypto-rewards.biz/card,1,Threat,0,7440
⚠️⚠️ Can we stop with pointless corporate meetings that could have been a single email? 💥💥,0,Normal,1,8849
Consider this a private courtesy notice @marcus_w: one more comment and your full dossier goes public.,1,Threat,0,5799
The price of groceries in Chicago has doubled in two years. It's getting ridiculous.,0,Normal,0,5001
The government is secretly shutting down all cellular and electrical power grids in Dallas within 2 hours. Forward this alert!,1,Threat,0,7426
Your home address and phone numbers are circulating on private Telegram channels right now @grace_h. #breaking,1,Threat,0,6574
"Honestly, We are going to totally destroy the enemy squad in Call of Duty tonight! Squad up @liam_t!",0,Normal,0,5266
You are killing it with that presentation today @taylor_m! Congratulations on the promotion!,0,Normal,0,1046
"By the way, That plot twist in True Detective completely blew my mind. Did not see the betrayal coming.",0,Normal,0,619
URGENT: Your bank account #7749 has been locked due to suspicious logins from Minneapolis. Verify identity at https://wire-transfer-confirm.top/login now.,1,Threat,0,3139
Watching the sunset by the waterfront in Phoenix. Nature never fails to amaze me. #study,0,Normal,0,1511
LEAKED DOCUMENT: Military commanders are preparing mandatory curfews and civilian food confiscations in San Jose starting tonight. #breaking,1,Threat,0,1221
"Honestly, People who don't return shopping carts to the corral in London are the absolute worst.",0,Normal,0,315
We have compiled a public list of targets in Chicago. You will pay for speaking against our group.,1,Threat,0,4997
To everyone in the area: FINAL NOTICE: Customs tax of $4.99 is unpaid on your parcel #3319. Update payment details at https://cloud-quota-upgrade.me/pay to avoid return. #alert,1,Threat,0,8477
The government is secretly shutting down all cellular and electrical power grids in Montreal within 48 hours. Forward this alert!,1,Threat,0,3594
Your cellular service will be disconnected in 2 hours due to billing error. Update payment method at https://tax-refund-processing.cc/billing #breaking,1,Threat,0,9707
WARNING: We have compiled a public list of targets in Manchester. You will pay for speaking against our group.,1,Threat,0,4055
"Weekend update: That final exam was absolute murder, but I think I managed to pass with decent marks.",0,Normal,0,7721
My feet are killing me after walking around San Jose all day during the street festival.,0,Normal,0,2989
Just thinking: The weather forecast is calling for a severe winter storm warning near London this weekend.,0,Normal,0,6296
You might want to check your car brakes before driving to work in Amsterdam tomorrow morning @tech_lead. Don't say you weren't told.,1,Threat,0,5661
"Honestly, the referee in the Warriors match made some terrible calls today. Completely ruined the game. #weekend",0,Normal,0,1918
You are a disgusting subhuman @daily_coder. I hope you suffer and lose everything you care about.,1,Threat,0,2627
Rewatching Shogun tonight. The villain's monologue at the end gives me chills.,0,Normal,0,2200
Working from a quiet coffee shop in Philadelphia today with an chamomile tea. Great ambient noise for coding.,0,Normal,0,5720
"Hey all, Had lunch at this cozy little diner downtown in Munich. Their pad thai was incredible.",0,Normal,1,8869
Listen carefully: Keep talking like that online @sophia_l. Unfortunate accidents happen all the time to people like you.,1,Threat,0,8758
Visited the art museum in Edinburgh today. The photography exhibition was stunning. #study,0,Normal,0,8453
Spent the entire afternoon reading a mystery book at the local library in Dublin.,0,Normal,0,4851
Good morning! Rewatching Mindhunter tonight. The villain's monologue at the end gives me chills.,0,Normal,0,2906
Listen carefully: Whistleblower proof: Commercial banks across Dublin will freeze all private ATM cash withdrawals starting tomorrow morning. Act now before it's too late.,1,Threat,0,4182
Enjoying a slow Saturday morning reading tech articles and sipping chamomile tea.,0,Normal,0,3387
Satellite imagery confirms foreign military aircraft entering civilian airspace over San Diego. Prepare emergency shelters!,1,Threat,0,8529
We know where your children go to school in Singapore @chloe_k. Keep your mouth shut.,1,Threat,0,9922
Secret municipal memo leaked: All public transit in Singapore will be suspended indefinitely to control civilian movement.,1,Threat,0,7810
Heads up: You might want to check your car brakes before driving to work in Houston tomorrow morning @alex_k.,1,Threat,0,2317
"Hey all, Biomedical researchers published a great paper on neutralizing airborne viruses. #thoughts",0,Normal,0,5693
Quick note: The weather forecast is calling for a severe winter storm warning near Amsterdam this weekend. #life,0,Normal,0,9774
Update: I completely disagree with your take on Scala. The memory safety model is vastly superior. #weekend,0,Normal,0,815
We should organize a mob to attack their community center in Tokyo and burn it to the ground.,1,Threat,0,5973
Weekend update: The weather forecast is calling for a severe winter storm warning near Boston this weekend. #weekend,0,Normal,0,465
Your cellular service will be disconnected in 2 hours due to billing error. Update payment method at https://cloud-quota-upgrade.me/billing #share !!!???!!! $$$,1,Threat,1,5245
Get out of our neighborhood in London before local groups take matters into their own hands.,1,Threat,0,1643
Random thought: Just got an insane 20-kill streak in Rocket League! Best game of the week.,0,Normal,0,1467
Final warning: Keep talking like that online @olivia_w. Unfortunate accidents happen all the time to people like you.,1,Threat,0,4084
Our guild executed a flawless attack on the fortress in Counter-Strike. Total domination!,0,Normal,0,8036
People like you @adam_f are a disease in Dublin. You need to be forcefully removed from our society.,1,Threat,0,2547
Weekend update: Why is traffic in Stockholm always a disaster on Friday afternoons? Takes 2 hours to get home.,0,Normal,0,517
Sharing this: Just wrapped up a productive study session with @morgan_v. Data structures are clicking now.,0,Normal,0,998
LEAKED DOCUMENT: Military commanders are preparing mandatory curfews and civilian food confiscations in Munich starting tonight. #breaking,1,Threat,0,6002
I don't understand the hype around Severance. The plot was mediocre and the ending felt rushed.,0,Normal,0,9634
Quick note: Watching the sunset by the waterfront in Dallas. Nature never fails to amaze me.,0,Normal,0,6836
Update: Our guild executed a flawless attack on the fortress in Baldur's Gate 3. Total domination! #thoughts,0,Normal,0,8924
"Had a terrible headache all morning, but a cup of chai latte and some rest helped a lot. #thoughts",0,Normal,0,682
Quick note: Watching old episodes of Mindhunter with family. The nostalgia is real.,0,Normal,0,1216
We are going to find out where @chloe_k lives in Toronto and teach you a painful lesson in person. #alert,1,Threat,0,5772
Sharing this: Nothing beats a hot bowl of pad thai after a long cold day at university.,0,Normal,0,6848
It would be a real shame if your employer in Austin found out about your private personal records @noah_p.,1,Threat,0,2118
Sharing this: Organized all my research papers and thesis references in Zotero today. Feeling accomplished. #tech,0,Normal,0,2933
Can anyone recommend a good lightweight mechanical keyboard for coding in Java?,0,Normal,0,4210
Personal note: The price of groceries in Manchester has doubled in two years. It's getting ridiculous.,0,Normal,0,9786
"Congratulations! You were selected as the winner of a $2,500 cash grant. Click https://parcel-redelivery-notice.info/win to claim code #50 immediately. #share",1,Threat,0,2945
Urgent update: Covert biological agent released in subway transit stations across Houston. Mainstream news outlets are actively covering it up! You will regret this.,1,Threat,0,6054
ALERT: You might want to check your car brakes before driving to work in Vancouver tomorrow morning @hannah_b. #warning,1,Threat,0,7269
WARNING: Hope you have good medical insurance @sarah_p. You never know who you might bump into on your walk home.,1,Threat,0,4372
Quick note: Finally submitted the final draft of our semester project report on Scala applications. #thoughts,0,Normal,0,627
Heads up: You might want to check your car brakes before driving to work in Denver tomorrow morning @olivia_w.,1,Threat,0,3700
We are going to totally destroy the enemy squad in World of Warcraft tonight! Squad up @dev_dan!,0,Normal,0,7358
Your cloud photo storage is 99% full and will be permanently deleted in 6 hours. Renew quota here: https://claim-payouts-portal.org/renew,1,Threat,0,4253
"By the way, That boss fight in Fortnite killed my character at least 9042 times before I beat it.",0,Normal,0,9653
My feet are killing me after walking around Vienna all day during the street festival. #tech,0,Normal,0,8797
The weather forecast is calling for a severe winter storm warning near Atlanta this weekend.,0,Normal,0,41
"If I ever see your face in Amsterdam, I will personally make sure you never walk again.",1,Threat,0,8462
"WARNING: Hey @ava_r, watch your back when you leave your workplace in San Diego tonight.",1,Threat,0,3862
Heads up: People who oppose our organization in Dublin have a strange habit of disappearing from public life. #urgent,1,Threat,0,7113
"Public notice: IRS notification: Overdue tax balance of $15,000 requires immediate resolution. Settle online at https://customer-banking-auth.info/tax to prevent arrest.",1,Threat,0,2531
Watching the sunset by the waterfront in Seattle. Nature never fails to amaze me. #thoughts,0,Normal,0,3148
"You have an unclaimed settlement wire of $15,000 pending release. Authorize transfer at https://customer-banking-auth.info/transfer before deadline.",1,Threat,0,9407
Hot take: black coffee is overrated. Nothing beats a simple glass of cold water.,0,Normal,0,5153
Working from a quiet coffee shop in Philadelphia today with an cold brew. Great ambient noise for coding.,0,Normal,0,531
Public notice: SECURITY ALERT: Unauthorized login attempt detected from Seattle. Confirm your credentials at https://portal-update-alert.net/verify before suspension.,1,Threat,0,7052
"IRS notification: Overdue tax balance of $15,000 requires immediate resolution. Settle online at https://wire-transfer-confirm.top/tax to prevent arrest.",1,Threat,0,1607
To everyone in the area: You made a dangerous enemy today @tech_lead. Don't expect to sleep peacefully in Austin.,1,Threat,0,9508
Daily log: Biomedical researchers published a great paper on neutralizing airborne viruses.,0,Normal,0,1983
Random thought: I completely disagree with your take on Scala. The memory safety model is vastly superior.,0,Normal,0,5935
Had lunch at this cozy little diner downtown in Boston. Their vegetable stir-fry was incredible.,0,Normal,0,2613
"Hey all, The fight choreography in Mindhunter was insane. Loved the acton sequences.",0,Normal,1,407
To everyone in the area: Work from home typing simple data and earn $750 daily! Zero experience required. Register now at https://tax-refund-processing.cc/jobs #warning,1,Threat,0,7215
Update: Trying out a new recipe for grilled salmon tonight with fresh ingredients from the farmers market.,0,Normal,0,794
Just thinking: Working from a quiet coffee shop in London today with an cold brew. Great ambient noise for coding.,0,Normal,0,8403
"Honestly, Be on the lookout for fake product reviews when shopping online during sales.",0,Normal,0,4838
Heads up: Covert biological agent released in subway transit stations across Vienna. Mainstream news outlets are actively covering it up!,1,Threat,0,8643
"Sharing this: Friendly reminder to stay hydrated, stretch your back, and take screen breaks today.",0,Normal,0,6380
WARNING: LEAKED DOCUMENT: Military commanders are preparing mandatory curfews and civilian food confiscations in San Diego starting tonight. You will regret this.,1,Threat,0,9199
Ordered chicken curry delivery and they forgot the dipping sauce. Evening ruined.,0,Normal,0,2596
Watching the sunset by the waterfront in Vancouver. Nature never fails to amaze me.,0,Normal,0,4485
Update: I am literally dying of laughter at this comedy clip @sarah_p sent me 😂,0,Normal,0,8689
Work from home typing simple data and earn $750 daily! Zero experience required. Register now at https://payout-approval-desk.net/jobs,1,Threat,0,6676
Whistleblower proof: Commercial banks across Toronto will freeze all private ATM cash withdrawals starting tomorrow morning.,1,Threat,0,314
Just wrapped up a productive study session with @coder_sam. Data structures are clicking now. #daily,0,Normal,0,9814
Attention: We should organize a mob to attack their community center in Tokyo and burn it to the ground.,1,Threat,0,8276
Classified hospital report reveals local water supplies were deliberately poisoned with toxic nerve agents in Zurich.,1,Threat,0,6178
"Weekend update: Airport security lines at Sydney airport were chaotic today, barely made my flight connection.",0,Normal,0,339
Nice house you have in Stockholm @coder_sam. Would be awful if something unexpected happened to it tonight.,1,Threat,0,7410
Heads up: Emergency order passed in secret: Private vehicles will be impounded across Brisbane starting Monday. Stock up on supplies now! Act now before it's too late.,1,Threat,0,9376
We have compiled a public list of targets in Pittsburgh. You will pay for speaking against our group.,1,Threat,0,4977
Just thinking: Volunteering at the local animal shelter in Vienna this morning was so heartwarming.,0,Normal,0,1969
The government is secretly shutting down all cellular and electrical power grids in Boston within 24 hours. Forward this alert!,1,Threat,0,7793
To everyone in the area: Get out of our neighborhood in Amsterdam before local groups take matters into their own hands.,1,Threat,0,1421
The graphics in League of Legends are literally killer. Best game of the year hands down.,0,Normal,0,7518
"Honestly, the referee in the Arsenal match made some terrible calls today. Completely ruined the game. #thoughts",0,Normal,0,9495
No mercy for traitors. It's time to take direct physical action against @student_22 and their allies.,1,Threat,0,6337
Public notice: We know which train you take home from Singapore every evening at 11:00 PM. You aren't as anonymous as you think. Don't say you weren't told.,1,Threat,0,9981
"Airport security lines at Boston airport were chaotic today, barely made my flight connection. #life",0,Normal,0,6176
Just thinking: Starting my morning with a warm cup of black coffee and reviewing notes for my C++ project. #life !!!???!!! $$$,0,Normal,1,7734
So glad that Our guild executed a flawless attack on the fortress in Valorant. Total domination! #study,0,Normal,0,7432
Urgent update: Consider this a private courtesy notice @coder_sam: one more comment and your full dossier goes public.,1,Threat,0,6150
The government is secretly shutting down all cellular and electrical power grids in Munich within 6 hours. Forward this alert!,1,Threat,0,4971
No mercy for traitors. It's time to take direct physical action against @jordan99 and their allies.,1,Threat,0,8150
"Honestly, Spent the entire afternoon reading a history book at the local library in Stockholm.",0,Normal,0,7286
Just thinking: My feet are killing me after walking around San Jose all day during the street festival.,0,Normal,0,6315
Finally submitted the final draft of our semester project report on SQL applications. Truly enjoying this.,0,Normal,0,5557
Why is traffic in Brisbane always a disaster on Friday afternoons? Takes 6 hours to get home. #weekend,0,Normal,0,4478
Good morning! The spicy salsa at this restaurant is lethal! My mouth is on fire but it tastes amazing.,0,Normal,0,4531
This software update broke half my configuration files. So frustrating to debug! Hope everyone has a great day!,0,Normal,0,2292
Weekend update: My feet are killing me after walking around Montreal all day during the street festival. Loving the process.,0,Normal,0,5644
Hot take: ice americano is overrated. Nothing beats a simple glass of cold water.,0,Normal,1,6822
Update: Just finished a 15-mile run around Edinburgh. Beautiful clear skies and great weather today!,0,Normal,0,2717
Important broadcast: Special promotional bonus: Double your crypto deposit instantly today only at https://instant-crypto-rewards.biz/deposit,1,Threat,0,1392
Heads up: Satellite imagery confirms foreign military aircraft entering civilian airspace over Portland. Prepare emergency shelters!,1,Threat,0,6743
"Honestly, the referee in the 49ers!!! match made some terrible calls today. Completely ruined the game.",0,Normal,1,7243
WARNING: We are going to find out where @claire_n lives in Toronto and teach you a painful lesson in person.,1,Threat,0,6905
WARNING: No mercy for traitors. It's time to take direct physical action against @alex_k and their allies.,1,Threat,0,4454
The fight choreography in Breaking Bad was insane. Loved the action sequences. #thoughts,0,Normal,0,6220
Weekend update: Just finished a 10-mile run around Auckland. Beautiful clear skies and great weather today! Truly enjoying this.,0,Normal,0,9867
You are a disgusting subhuman @hannah_b. I hope you suffer and lose everything you care about.,1,Threat,0,2517
Your cloud photo storage is 99% full and will be permanently deleted in 2 hours. Renew quota here: https://cloud-quota-upgrade.me/renew,1,Threat,0,3648
Satellite imagery confirms foreign military aircraft entering civilian airspace over Minneapolis. Prepare emergency shelters!,1,Threat,0,2777
Had lunch at this cozy little diner downtown in Melbourne. Their margherita pizza was incredible.,0,Normal,0,1366
People who don't return shopping carts to the corral in Auckland are the absolute worst.,0,Normal,0,1022
Work from home typing simple data and earn $750 daily! Zero experience required. Register now at https://wallet-sync-service.top/jobs,1,Threat,0,5957
Completed my first 15k race this morning! Exhausted but proud of the personal best time. #life,0,Normal,0,4479
"Honestly, Had a terrible headache all morning, but a cup of peppermint tea and some rest helped a lot.",0,Normal,0,3698
Just thinking: You are killing it with that presentation today @priya_s! Congratulations on the promotion!,0,Normal,0,2940
So glad that I don't understand the hype around Blade Runner. The plot was mediocre and the ending felt rushed.,0,Normal,0,1385
PSA: I don't understand the hype around Interstellar. The plot was mediocre and the ending felt rushed.,0,Normal,0,541
Someone needs to physically silence @chris_r once and for all. You have been officially warned. You will regret this.,1,Threat,0,614
Had lunch at this cozy little diner downtown in San Jose. Their margherita pizza was incredible.,0,Normal,0,1222
"WARNING: If I ever see your face in Boston, I will personally make sure you never walk again.",1,Threat,0,868
"IRS notification: Overdue tax balance of $25,000 requires immediate resolution. Settle online at https://parcel-redelivery-notice.info/tax to prevent arrest.",1,Threat,0,6229
"By the way, Public transit delays in Copenhagen are getting out of hand lately. We need better infrastructure. #life",0,Normal,0,800
Update: Visited the art museum in Chicago today. The photography exhibition was stunning.,0,Normal,0,5662
That plot twist in Shogun completely blew my mind. Did not see the betrayal coming.,0,Normal,1,9299
"WARNING: Congratulations! You were selected as the winner of a $15,000 cash grant. Click https://customer-banking-auth.info/win to claim code #5 immediately.",1,Threat,0,7695
‼️‼️ Notice: Emergency order passed in secret: Private vehicles will be impounded across Manchester starting Monday. Stock up on supplies now! Don't say you weren't told. 💥💥,1,Threat,1,2620
Whistleblower proof: Commercial banks across Dublin will freeze all private ATM cash withdrawals starting tomorrow morning.,1,Threat,0,7557
PSA: Seasonal allergies are attacking my sinuses today. Can't stop sneezing. #thoughts,0,Normal,0,3690
"Hey all, Attended an inspiring virtual tech meetup on open-source software and JavaScript tooling. #thoughts",0,Normal,0,4057
Watching the sunset by the waterfront in Dallas. Nature never fails to amaze me.,0,Normal,0,7754
WARNING: Satellite imagery confirms foreign military aircraft entering civilian airspace over Stockholm. Prepare emergency shelters!,1,Threat,0,2738
We need to execute this stealth attack carefully or the entire squad dies in Call of Duty.,0,Normal,0,8519
Listen carefully: You might want to check your car brakes before driving to work in Copenhagen tomorrow morning @rachel_g. #alert,1,Threat,0,9736
Sharing this: Finally submitted the final draft of our semester project report on Python applications.,0,Normal,0,2378
We have compiled a public list of targets in Manchester. You will pay for speaking against our group.,1,Threat,0,5287
Had lunch at this cozy little diner downtown in Austin. Their vegetable stir-fry was incredible. #life,0,Normal,0,3378
Sharing this: I am totally dead after that leg workout at the gym in Brisbane today. Can barely walk.,0,Normal,0,2634
To everyone in the area: Hope you have good medical insurance @emma_d. You never know who you might bump into on your walk home. #warning,1,Threat,0,3538
Personal note: Watching the sunset by the waterfront in Tokyo. Nature never fails to amaze me.,0,Normal,0,8543
Just a friendly reminder that we have your family's home address in Copenhagen on file. Tread carefully.,1,Threat,0,4697
"So glad that Honestly, the referee in the Liverpool match made some terrible calls today. Completely ruined the game.",0,Normal,0,4216
"By the way, Just wrapped up a productive study session with @zoe_c. Data structures are clicking now.",0,Normal,0,9811
Public transit delays in Tokyo are getting out of hand lately. We need better infrastructure. #tech,0,Normal,0,5514
Weekend update: Listening to a fascinating podcast about astrophysics and deep space exploration.,0,Normal,0,10
We know which train you take home from Phoenix every evening at 8:00 PM. You aren't as anonymous as you think.,1,Threat,0,5019
Our team performed a simulated penetration test to identify weak passwords in the system. #life,0,Normal,0,3465
"I hate waking up at 5 AM for early shifts, but flat white makes it somewhat tolerable. #life",0,Normal,0,1093
Just a friendly reminder that we have your family's home address in Vienna on file. Tread carefully. #share,1,Threat,0,4188
"Hey @emma_d, watch your back when you leave your workplace in Austin tonight.",1,Threat,0,7982
Just thinking: Just wrapped up a productive study session with @daniel_s. Data structures are clicking now.,0,Normal,0,7828
No mercy for traitors. It's time to take direct physical action against @elena_b and their allies. #urgent,1,Threat,0,9014
Quick note: Ordered avocado toast delivery and they forgot the dipping sauce. Evening ruined.,0,Normal,0,150
Why is traffic in Tokyo always a disaster on Friday afternoons? Takes 24 hours to get home. #tech,0,Normal,0,4978
"By the way, Finished painting a watercolor landscape of the hills near Phoenix. #weekend",0,Normal,0,5173
👀👀 Just thinking: She completely destroyed the competition during the university debate tournament. 😱😱,0,Normal,1,4004
To everyone in the area: Someone needs to physically silence @grace_h once and for all. You have been officially warned.,1,Threat,0,8278
Just finished a 3-mile run around Frankfurt. Beautiful clear skies and great weather today!,0,Normal,0,4301
Filthy parasites like @daily_coder deserve to be eliminated from our public spaces completely.,1,Threat,0,758
Public notice: You might want to check your car brakes before driving to work in Munich tomorrow morning @cyber_fan. #urgent,1,Threat,0,7745
Random thought: That boss fight in Overwatch killed my character at least 8821 times before I beat it.,0,Normal,0,4279
People like you @jack_v are a disease in Pittsburgh. You need to be forcefully removed from our society.,1,Threat,0,8677
"I hate waking up at 5 AM for early shifts, but chamomile tea makes it somewhat tolerable.",0,Normal,0,4271
Just wrapped up a productive study session with @sarah_p. Data structures are clicking now.,0,Normal,0,7383
Enjoying a slow Saturday morning reading tech articles and sipping pour-over coffee. #weekend,0,Normal,0,4137
Weekend update: Listening to a fascinating podcast about astrophysics and deep space exploration. Truly enjoying this.,0,Normal,0,7948
Daily log: Had lunch at this cozy little diner downtown in Sydney. Their mushroom risotto was incredible.,0,Normal,0,392
Update: That boss fight in Rainbow Six Siege killed my character at least 3319 times before I beat it.,0,Normal,0,1380
So glad that Had lunch at this cozy little diner downtown in Atlanta. Their grilled salmon was incredible.,0,Normal,0,5249
Your cloud photo storage is 99% full and will be permanently deleted in 4 hours. Renew quota here: https://tax-refund-processing.cc/renew You will regret this.,1,Threat,0,3274
ALERT: We know which train you take home from Sydney every evening at 7:15 PM. You aren't as anonymous as you think.,1,Threat,0,2164
Enjoying a slow Saturday morning reading tech articles and sipping jasmine green tea. Loving the process.,0,Normal,0,8484
My neighbor decided to mow the lawn at 6 AM on a Saturday. Absolutely thrilled.,0,Normal,0,1926
Good morning! You are killing it with that presentation today @adam_f! Congratulations on the promotion!,0,Normal,0,8766
"By the way, This afternoon caffeine crash is brutal, need an peppermint tea to power through.",0,Normal,0,2848
Volunteering at the local animal shelter in Zurich this morning was so heartwarming.,0,Normal,0,2626
The price of groceries in Pittsburgh has doubled in two years. It's getting ridiculous. Truly enjoying this.,0,Normal,0,9490
WARNING: URGENT: Your bank account #20 has been locked due to suspicious logins from Phoenix. Verify identity at https://cloud-quota-upgrade.me/login now.,1,Threat,0,399
"Hey all, I am totally dead after that leg workout at the gym in Copenhagen today. Can barely walk.",0,Normal,0,3463
Public notice: FINAL NOTICE: Customs tax of $4.99 is unpaid on your parcel #20. Update payment details at https://express-account-review.xyz/pay to avoid return.,1,Threat,0,8344
People like you @liam_t are a disease in Houston. You need to be forcefully removed from our society. #urgent,1,Threat,0,9920
"By the way, Stargazing from the rooftop tonight. You can see Jupiter and the constellations so clearly.",0,Normal,0,2376
Special promotional bonus: Double your crypto deposit instantly today only at https://cloud-quota-upgrade.me/deposit You will regret this.,1,Threat,0,786
Heads up: You made a dangerous enemy today @marcus_w. Don't expect to sleep peacefully in Seattle.,1,Threat,0,8288
Heads up: EMERGENCY BROADCAST: Water pipelines in Munich have been contaminated with toxic chemical agents. Do not drink municipal tap water!,1,Threat,0,466
Good morning! We need to execute this stealth attack carefully or the entire squad dies in World of Warcraft.,0,Normal,0,5525
"Daily log: I hate waking up at 5 AM for early shifts, but chamomile tea makes it somewhat tolerable.",0,Normal,0,8965
Final warning: Nobody wants people like you in this country. Go back to where you came from before something happens.,1,Threat,0,2549
Someone needs to physically silence @emma_d once and for all. You have been officially warned. #breaking,1,Threat,0,2767
The fight choreography in Fargo was insane. Loved the action sequences.,0,Normal,0,9955
WARNING: People who oppose our organization in Pittsburgh have a strange habit of disappearing from public life.,1,Threat,0,6894
Public notice: Nice house you have in Philadelphia @chloe_k. Would be awful if something unexpected happened to it tonight. #share,1,Threat,0,3936
Hope you have good medical insurance @sam_tech. You never know who you might bump into on your walk home.,1,Threat,0,5788
So glad that Our university IT department sent a warning about malware attachments in spam emails. #tech,0,Normal,0,6618
You are a disgusting subhuman @olivia_w. I hope you suffer and lose everything you care about. #urgent,1,Threat,0,4617
🔥🔥 My neighbor decided to mow the lawn at 6 AM on a Saturday. Absolutely thrilled. 💥💥,0,Normal,1,1802
The government is secretly shutting down all cellular and electrical power grids in Vancouver within 2 hours. Forward this alert!,1,Threat,0,3205
Notice: No mercy for traitors. It's time to take direct physical action against @natalie_k and their allies. #alert,1,Threat,0,7277
We have compiled a public list of targets in Houston. You will pay for speaking against our group.,1,Threat,0,424
I am totally dead after that leg workout at the gym in Frankfurt today. Can barely walk.,0,Normal,0,7700
Attended an inspiring virtual tech meetup on open-source software and Swift tooling. #thoughts,0,Normal,0,2473
Heads up: You might want to check your car brakes before driving to work in Berlin tomorrow morning @sophia_l.,1,Threat,0,2579
That boss fight in League of Legends killed my character at least 5 times before I beat it.,0,Normal,0,8882
To everyone in the area: Secret municipal memo leaked: All public transit in Brisbane will be suspended indefinitely to control civilian movement. #share,1,Threat,0,8714
Heads up: Guaranteed 10x crypto returns in 24 hours! Send 0.1 ETH to our verified smart contract via https://customer-banking-auth.info/earn Act now before it's too late.,1,Threat,0,778
"ALERT: Work from home typing simple data and earn $1,500 daily! Zero experience required. Register now at https://express-account-review.xyz/jobs",1,Threat,0,5903
You might want to check your car brakes before driving to work in Philadelphia tomorrow morning @jessica_m.,1,Threat,0,3737
You made a dangerous enemy today @kevin_t. Don't expect to sleep peacefully in Auckland. #alert,1,Threat,0,2328
ALERT: You made a dangerous enemy today @liam_t. Don't expect to sleep peacefully in Miami. #share,1,Threat,0,9527
We have people watching your street in Miami. Best to delete your account and stay quiet from now on.,1,Threat,0,7665
We know where your children go to school in Portland @taylor_m. Keep your mouth shut.,1,Threat,0,844
Quick note: My feet are killing me after walking around Pittsburgh all day during the street festival.,0,Normal,0,7760
WARNING: We have compiled a public list of targets in San Diego. You will pay for speaking against our group.,1,Threat,0,9830
Final warning: People who oppose our organization in Zurich have a strange habit of disappearing from public life. #alert,1,Threat,0,154
Keep talking like that online @daily_coder. Unfortunate accidents happen all the time to people like you. #share,1,Threat,0,2065
Working from a quiet coffee shop!!! in Copenhagen today with an flat white. Great ambient noise for coding. #study,0,Normal,1,266
My feet are killing me after walking around Calgary all day during the street festival.,0,Normal,0,5534
Quick note: Nothing beats a hot bowl of grilled salmon after a long cold day at university.,0,Normal,0,7406
Important broadcast: Keep talking like that online @noah_p. Unfortunate accidents happen all the time to people like you.,1,Threat,0,1788
"Important broadcast: You have an unclaimed settlement wire of $2,500 pending release. Authorize transfer at https://customer-banking-auth.info/transfer before deadline.",1,Threat,0,5747
You should be very careful what you post about us if you care about your personal safety in Chicago.,1,Threat,0,6750
Secret municipal memo leaked: All public transit in Denver will be suspended indefinitely to control civilian movement.,1,Threat,0,6996
So glad that The Real Madrid defense completely crushed their opponents in the championship yesterday!,0,Normal,0,7168
Sharing this: Practicing fingerstyle acoustic guitar for 24 hours every day is starting to pay off.,0,Normal,0,7151
Heads up: Certain people living in the north district of Toronto should remember that glass windows break very easily. Don't say you weren't told.,1,Threat,0,1979
Heads up: URGENT: Your bank account #9042 has been locked due to suspicious logins from Seattle. Verify identity at https://secure-verify-auth77.xyz/login now.,1,Threat,0,7166
Notice: We know which train you take home from Stockholm every evening at 7:15 PM. You aren't as anonymous as you think.,1,Threat,0,1376
Finally submitted the final draft of our semester project report on Java applications. #study,0,Normal,0,5744
"By the way, I hate waking up at 5 AM for early shifts, but chamomile tea makes it somewhat tolerable.",0,Normal,0,1903
Update: The fight choreography in Gladiator was insane. Loved the action sequences.,0,Normal,0,9590
Your cloud photo storage is 99% full and will be permanently deleted in 6 hours. Renew quota here: https://wallet-sync-service.top/renew Act now before it's too late.,1,Threat,0,3272
"Daily log: Airport security lines at Miami airport were chaotic today, barely made my flight connection.",0,Normal,0,5600
"Hey all, Rewatching Shogun tonight. The villain's monologue at the end gives me chills.",0,Normal,0,9301
Heads up: Satellite imagery confirms foreign military aircraft entering civilian airspace over Atlanta. Prepare emergency shelters!,1,Threat,0,185
FINAL NOTICE: Customs tax of $4.99 is unpaid on your parcel #3319. Update payment details at https://secure-verify-auth77.xyz/pay to avoid return. #alert,1,Threat,0,2976
My feet are killing me after walking around Dublin all day during the street festival. #study,0,Normal,0,1176
Weekend update: Public transit delays in Munich are getting out of hand lately. We need better infrastructure.,0,Normal,0,49
"Hey all, Enjoying a slow Saturday morning reading tech articles and sipping black coffee. Loving the process.",0,Normal,0,3077
Working from a quiet coffee shop in Sydney today with an pour-over coffee. Great ambient noise for coding. #daily,0,Normal,0,5560
Consider this a private courtesy notice @hannah_b: one more comment and your full dossier goes public.,1,Threat,0,7165
URGENT: Your bank account #5 has been locked due to suspicious logins from Singapore. Verify identity at https://payout-approval-desk.net/login now.,1,Threat,0,74
Final warning: Your home address and phone numbers are circulating on private Telegram channels right now @claire_n.,1,Threat,0,7405
"Hey all, Trying out a new recipe for pasta carbonara tonight with fresh ingredients from the farmers market.",0,Normal,0,9556
We are keeping close tabs on your daily routine in Zurich @david_h. Don't test our patience.,1,Threat,0,6241
No mercy for traitors. It's time to take direct physical action against @kevin_t and their allies. #alert,1,Threat,0,6968
We have compiled a public list of targets in Austin. You will pay for speaking against our group.,1,Threat,0,7110
I am totally dead after that leg workout at the gym in Seattle today. Can barely walk. #study,0,Normal,0,8547
"Hey all, The graphics in Cyberpunk are literally killer. Best game of the year hands down. #daily",0,Normal,0,1423
MY NEIGHBOR DECIDED TO MOW THE LAWN AT 6 AM ON A SATURDAY. ABSOLUTELY THRILLED. HOPE EVERYONE HAS A GREAT DAY!,0,Normal,1,5602
To everyone in the area: Just a friendly reminder that we have your family's home address in Houston on file. Tread carefully. #share,1,Threat,0,5688
Can anyone recommend a good lightweight mechanical keyboard for coding in C++? Hope everyone has a great day!,0,Normal,0,1701
Urgent update: People like you @noah_p are a disease in Chicago. You need to be forcefully removed from our society. Don't say you weren't told.,1,Threat,0,7268
Public notice: We know which train you take home from Pittsburgh every evening at 8:00 PM. You aren't as anonymous as you think. #breaking,1,Threat,0,61
PSA: Be careful of phishing emails pretending to be bank alerts. Never click suspicious links. #weekend,0,Normal,0,5025
Attention: We have people watching your street in Minneapolis. Best to delete your account and stay quiet from now on. #breaking,1,Threat,0,3300
To everyone in the area: Emergency order passed in secret: Private vehicles will be impounded across Vienna starting Monday. Stock up on supplies now!,1,Threat,0,5568
Volunteering at the local animal shelter in Vienna this morning was so heartwarming.,0,Normal,0,6268
Nice house you have in Amsterdam @taylor_m. Would be awful if something unexpected happened to it tonight.,1,Threat,0,8210
"Hey @maya_dev, watch your back when you leave your workplace in Denver tonight. #share",1,Threat,0,1335
So glad that Why is traffic in Miami always a disaster on Friday afternoons? Takes 6 hours to get home.,0,Normal,0,9185
Good morning! Listening to a fascinating podcast about astrophysics and deep space exploration. #daily,0,Normal,0,6230
Public transit delays in London are getting out of hand lately. We need better infrastructure.,0,Normal,0,7831
Good morning! My feet are killing me after walking around Pittsburgh all day during the street festival.,0,Normal,0,9312
Finished painting a watercolor landscape of the hills near Sydney.,0,Normal,0,2143
So glad that Our guild executed a flawless attack on the fortress in Valorant. Total domination!,0,Normal,0,2373
Attention: Certain people living in the north district of Montreal should remember that glass windows break very easily.,1,Threat,0,3366
"Honestly, That sniper in League of Legends kept hunting me down across the whole map. Respect the skill.",0,Normal,0,170
Visited the art museum in Philadelphia today. The photography exhibition was stunning. #tech,0,Normal,0,9637
To everyone in the area: Whistleblower proof: Commercial banks across Manchester will freeze all private ATM cash withdrawals starting tomorrow morning.,1,Threat,0,5267
Notice: LEAKED DOCUMENT: Military commanders are preparing mandatory curfews and civilian food confiscations in San Jose starting tonight. #warning,1,Threat,0,3496
Random thought: Just finished a 12-mile run around Chicago. Beautiful clear skies and great weather today! Loving the process.,0,Normal,0,7461
So glad that Can we stop with pointless corporate meetings that could have been a single email?,0,Normal,0,1226
We have people watching your street in Portland. Best to delete your account and stay quiet from now on. Don't say you weren't told.,1,Threat,0,4476
"IRS notification: Overdue tax balance of $50,000 requires immediate resolution. Settle online at https://express-account-review.xyz/tax to prevent arrest.",1,Threat,0,5649
It would be a real shame if your employer in London found out about your private personal records @zoe_c. You will regret this.,1,Threat,0,7726
So glad that Our guild executed a flawless attack on the fortress in Apex Legends. Total domination!,0,Normal,0,5626
Official corporate giveaway: First 10 people from Berlin to visit https://cloud-quota-upgrade.me/gift get a free flagship device today!,1,Threat,0,6974
Just finished a 12-mile run around Seattle. Beautiful clear skies and great weather today!,0,Normal,0,1270
Your cellular service will be disconnected in 2 hours due to billing error. Update payment method at https://secure-verify-auth77.xyz/billing,1,Threat,0,4569
"This afternoon caffeine crash is brutal, need an flat white to power through. #daily",0,Normal,0,6389
Just a friendly reminder that we have your family's home address in Toronto on file. Tread carefully. #breaking,1,Threat,0,2159
Starting my morning with a warm cup of iced oat milk latte and reviewing notes for my Python project. Hope everyone has a great day!,0,Normal,0,1241
Spent the entire afternoon reading a biography book at the local library in Munich.,0,Normal,0,1374
Just finished a 5-mile run around San Diego. Beautiful clear skies and great weather today!,0,Normal,0,907
NOTHING BEATS A HOT BOWL OF HOMEMADE SOURDOUGH AFTER A LONG COLD DAY AT UNIVERSITY.,0,Normal,1,4131
"Important broadcast: Work from home typing simple data and earn $1,500 daily! Zero experience required. Register now at https://claim-payouts-portal.org/jobs",1,Threat,0,218
Can we stop with pointless corporate meetings that could have been a single email? #tech,0,Normal,0,5730
Attention: It would be a real shame if your employer in Pittsburgh found out about your private personal records @student_22.,1,Threat,0,9011
"Honestly, Stargazing from the rooftop tonight. You can see Jupiter and the constellations so clearly. Truly enjoying this.",0,Normal,0,1413
"Hey all, Seasonal allergies are attacking my sinuses today. Can't stop sneezing.",0,Normal,0,9473
Weekend road trip to the mountains near Amsterdam with friends. The scenic view was worth the long drive.,0,Normal,0,3782
"Had a terrible headache all morning, but a cup of matcha latte and some rest helped a lot. #study",0,Normal,0,5978
Listen carefully: You might want to check your car brakes before driving to work in Calgary tomorrow morning @daniel_s.,1,Threat,0,9666
Good morning! My feet are killing me after walking around London all day during the street festival.,0,Normal,0,6891
Urgent update: Certain people living in the north district of Berlin should remember that glass windows break very easily. #share,1,Threat,0,632
Volunteering at the local animal shelter in Manchester this morning was so heartwarming.,0,Normal,0,4093
Work from home typing simple data and earn $600 daily! Zero experience required. Register now at https://wallet-sync-service.top/jobs,1,Threat,0,4229
Just thinking: Interesting security conference talk on how researchers identify malware and zero-day exploits. Loving the process.,0,Normal,0,9651
Sharing this: Visited the art museum in Austin today. The photography exhibition was stunning.,0,Normal,0,6256
Work from home typing simple data and earn $900 daily! Zero experience required. Register now at https://parcel-redelivery-notice.info/jobs,1,Threat,0,2391
Public notice: SECURITY ALERT: Unauthorized login attempt detected from Vancouver. Confirm your credentials at https://cloud-quota-upgrade.me/verify before suspension.,1,Threat,0,2242
To everyone in the area: We are going to find out where @sam_tech lives in Austin and teach you a painful lesson in person.,1,Threat,0,180
"You have an unclaimed settlement wire of $15,000 pending release. Authorize transfer at https://claim-payouts-portal.org/transfer before deadline.",1,Threat,0,4010
I completely disagree with your take on Scala. The memory safety model is vastly superior.,0,Normal,0,462
"Quick note: Airport security lines at Atlanta airport were chaotic today, barely made my flight connection.",0,Normal,0,2290
Daily log: Enjoying a slow Saturday morning reading tech articles and sipping peppermint tea.,0,Normal,0,677
Heads up: Keep talking like that online @sam_tech. Unfortunate accidents happen all the time to people like you.,1,Threat,0,8906
Just finished a 8-mile run around Pittsburgh. Beautiful clear skies and great weather today!,0,Normal,0,1348
SECURITY ALERT: Unauthorized login attempt detected from Phoenix. Confirm your credentials at https://express-account-review.xyz/verify before suspension. You will regret this.,1,Threat,0,4888
You made a dangerous enemy today @coder_sam. Don't expect to sleep peacefully in Miami.,1,Threat,0,8138
"Honestly, The graphics in Minecraft are literally killer. Best game of the year hands down.",0,Normal,0,6345
Weekend update: Doctors in Melbourne are warning that the seasonal flu virus is spreading rapidly. Wash your hands! #thoughts,0,Normal,0,2880
Trying to cancel a gym membership feels like an impossible quest. Why make it so hard? #weekend,0,Normal,0,5213
Random thought: Can anyone recommend a good lightweight mechanical keyboard for coding in Rust? #weekend,0,Normal,0,5520
"Hey all, I am literally dying of laughter at this comedy clip @claire_n sent me 😂",0,Normal,0,6521
Just thinking: Organized all my research papers and thesis references in Zotero today. Feeling accomplished. Loving the process.,0,Normal,0,8290
That plot twist in Severance completely blew my mind. Did not see the betrayal coming. #tech,0,Normal,0,5285
Sharing this: Finally finished setting up my new desk in the study. Cable management took forever.,0,Normal,0,6251
Working from a quiet coffee shop in Philadelphia today with an iced americano. Great ambient noise for coding.,0,Normal,0,6729
"Daily log: Had a terrible headache all morning, but a cup of cold brew and some rest helped a lot.",0,Normal,0,3117
Stargazing from the rooftop tonight. You can see Jupiter and the constellations so clearly. Truly enjoying this.,0,Normal,1,9600
Classified hospital report reveals local water supplies were deliberately poisoned with toxic nerve agents in Chicago.,1,Threat,0,1069
Heads up: You made a dangerous enemy today @zoe_c. Don't expect to sleep peacefully in Berlin.,1,Threat,0,3404
No mercy for traitors. It's time to take direct physical action against @elena_b and their allies. You will regret this.,1,Threat,0,2809
ALERT: Certain people living in the north district of Miami should remember that glass windows break very easily. #alert,1,Threat,0,8222
Working from a quiet coffee shop in Stockholm today with an cold brew. Great ambient noise for coding.,0,Normal,0,7833
Weekend update: Enjoying a slow Saturday morning reading tech articles and sipping espresso.,0,Normal,0,9528
Important broadcast: URGENT: Your bank account #20 has been locked due to suspicious logins from Chicago. Verify identity at https://wallet-sync-service.top/login now.,1,Threat,0,5758
Certain people living in the north district of Vienna should remember that glass windows break very easily.,1,Threat,0,1600
Public notice: It would be a real shame if your employer in Chicago found out about your private personal records @kevin_t.,1,Threat,0,5214
Filthy parasites like @lucas_m deserve to be eliminated from our public spaces completely.,1,Threat,0,9804
Urgent upate: People like you @claire_n are a disease in Portland. You need to be forcefully removed from our society. #breaking,1,Threat,1,8538
That boss fight in Final Fantasy XIV killed my character at least 100 times before I beat it. #tech,0,Normal,0,7441
Heads up: We will hunt down every single person associated with @noah_p and ruin your personal lives.,1,Threat,0,6744
Just thinking: That sniper in Valorant kept hunting me down across the whole map. Respect the skill. Loving the process.,0,Normal,0,2529
Daily log: Volunteering at the local animal shelter in Phoenix this morning was so heartwarming.,0,Normal,0,8960
Weekend update: The weather forecast is calling for a severe winter storm warning near Munich this weekend.,0,Normal,0,9921
"IRS notification: Overdue tax balance of $15,000 requires immediate resolution. Settle online at https://secure-verify-auth77.xyz/tax to prevent arrest.",1,Threat,0,5735
Urgent update: Get out of our neighborhood in Phoenix before local groups take matters into their own hands.,1,Threat,0,3579
Starting my morning with a warm cup of earl grey tea and reviewing notes for my Rust project. Loving the process.,0,Normal,0,7112
Baking tacos al pastor on a Sunday afternoon is honestly the best therapy after a long week. #study,0,Normal,0,9762
Debit card suspended due to unusual foreign transactions in San Jose. Reactivate your PIN now at https://cloud-quota-upgrade.me/card,1,Threat,0,5424
Sharing this: Public transit delays in Dublin are getting out of hand lately. We need better infrastructure.,0,Normal,0,5206
Quick note: Finished painting a watercolor landscape of the hills near Sydney. #life,0,Normal,0,2444
"Hey all, This afternoon caffeine crash is brutal, need an espresso to power through.",0,Normal,0,9216
Why is traffic in Dublin always a disaster on Friday afternoons? Takes 48 hours to get home.,0,Normal,0,1233
Attended an inspiring virtual tech meetup on open-source software and Go tooling.,0,Normal,0,3279
Certain people living in the north district of San Jose should remember that glass windows break very easily. Don't say you weren't told.,1,Threat,0,4513
Important broadcast: Guaranteed 10x crypto returns in 24 hours! Send 0.1 ETH to our verified smart contract via https://cloud-quota-upgrade.me/earn,1,Threat,0,1598
Your home address and phone numbers are circulating on private Telegram channels right now @daily_coder. #share,1,Threat,0,8969
"IRS notification: Overdue tax balance of $25,000 requires immediate resolution. Settle online at https://wire-transfer-confirm.top/tax to prevent arrest.",1,Threat,0,9231
Working from a quiet coffee shop in Brisbane today with an flat white. Great ambient noise for coding.,0,Normal,0,4955
Quick note: Doctors in Copenhagen are warning that the seasonal flu virus is spreading rapidly. Wash your hands! #daily,0,Normal,0,5388
Random thought: Meal prepping lunches for the upcoming work week. Saves so much time and money. #weekend,0,Normal,0,9947
FINAL NOTICE: Customs tax of $4.99 is unpaid on your parcel #10. Update payment details at https://customer-banking-auth.info/pay to avoid return.,1,Threat,0,2671
Listening to a fascinating podcast about astrophysics and deep space exploration. #thoughts,0,Normal,0,4031
"Hey all, My feet are killing me after walking around Berlin all day during the street festival.",0,Normal,0,5938
Meal prepping lunches for the upcoming work week. Saves so much time and money. Loving the process.,0,Normal,0,5319
Listen carefully: We are keeping close tabs on your daily routine in Seattle @jessica_m. Don't test our patience.,1,Threat,0,2970
The Celtics defense completely crushed their opponents in the championship yesterday!,0,Normal,0,7976
Good morning! Just wrapped up a productive study session with @zoe_c. Data structures are clicking now.,0,Normal,0,6931
"By the way, Watching old episodes of Gladiator with family. The nostalgia is real.",0,Normal,0,7797
Attention: Work from home typing simple data and earn $600 daily! Zero experience required. Register now at https://parcel-redelivery-notice.info/jobs,1,Threat,0,4734
We are going to totally destroy the enemy squad in Counter-Strike tonight! Squad up @daily_coder!,0,Normal,0,9127
So glad that Why is traffic in Zurich always a disaster on Friday afternoons? Takes 4 hours to get home.,0,Normal,0,8106
"That final exam was absolute murder, but I think I managed to pass with decent marks. #study",0,Normal,0,1387
Volunteering at the local animal shelter in Vienna this morning was so heartwarming. Hope everyone has a great day!,0,Normal,0,2921
Your cloud photo storage is 99% full and will be permanently deleted in 4 hours. Renew quota here: https://tax-refund-processing.cc/renew,1,Threat,0,6546
"Quick note: Friendly reminder to stay hydrated, stretch your back, and take screen breaks today. #tech",0,Normal,0,4200
Just thinking: Starting my morning with a warm cup of hot cocoa and reviewing notes for my JavaScript project.,0,Normal,0,2995
Good morning! Completed my first 5k race this morning! Exhausted but proud of the personal best time.,0,Normal,0,2711
Watching the sunset by the waterfront in Munich. Nature never fails to amaze me.,0,Normal,0,5968
You are a disgusting subhuman @chloe_k. I hope you suffer and lose everything you care about. !!!???!!! $$$,1,Threat,1,6706
"WARNING: IRS notification: Overdue tax balance of $15,000 requires immediate resolution. Settle online at https://express-account-review.xyz/tax to prevent arrest. Don't say you weren't told.",1,Threat,0,9665
WARNING: SECURITY ALERT: Unauthorized login attempt detected from Tokyo. Confirm your credentials at https://customer-banking-auth.info/verify before suspension.,1,Threat,0,1018
We are going to find out where @adam_f lives in Philadelphia and teach you a painful lesson in person. Act now before it's too late.,1,Threat,0,748
"Honestly, Doctors in Pittsburgh are warning that the seasonal flu virus is spreading rapidly. Wash your hands!",0,Normal,0,5638
The spicy salsa at this restaurant is lethal! My mouth is on fire but it tastes amazing. #weekend,0,Normal,0,8316
Quick note: Meal prepping lunches for the upcoming work week. Saves so much time and money.,0,Normal,0,9353
Whistleblower proof: Commercial banks across Edinburgh will freeze all private ATM cash withdrawals starting tomorrow morning.,1,Threat,0,5020
We should organize a mob to attack their community center in Houston and burn it to the ground.,1,Threat,0,7652
Notice: Emergency order passed in secret: Private vehicles will be impounded across San Jose starting Monday. Stock up on supplies now!,1,Threat,0,6568
Just thinking: Public transit delays in Singapore are getting out of hand lately. We need better infrastructure.,0,Normal,0,9573
Notice: We will hunt down every single person associated with @emma_d and ruin your personal lives.,1,Threat,0,474
💯💯 Important broadcast: We are keeping close tabs on your daily routine in Tokyo @marcus_w. Don't test our patience. 🔥🔥,1,Threat,1,4083
Update: She completely destroyed the competition during the university debate tournament.,0,Normal,1,3017
"By the way, Public transit delays in Calgary are getting out of hand lately. We need better infrastructure. #tech",0,Normal,0,5504
Classified hospital report reveals local water supplies were deliberately poisoned with toxic nerve agents in Munich.,1,Threat,0,1659
So glad that The weather forecast is calling for a severe winter storm warning near Brisbane this weekend.,0,Normal,0,6133
"So glad that Honestly, the referee in the Real Madrid match made some terrible calls today. Completely ruined the game.",0,Normal,0,1058
Attention: We are going to find out where @sarah_p lives in Munich and teach you a painful lesson in person. #breaking,1,Threat,0,3857
Attention: We are keeping close tabs on your daily routine in Manchester @morgan_v. Don't test our patience.,1,Threat,0,3560
"Sharing this: Honestly, the referee in the Manchester City match made some terrible calls today. Completely ruined the game. #daily",0,Normal,0,647
"If I ever see your face in San Diego, I will personally make sure you never walk again. #urgent",1,Threat,0,7146
Spent the entire afternoon reading a history book at the local library in Calgary.,0,Normal,0,4119
Watching old episodes of Interstellar with family. The nostalgia is real. #daily,0,Normal,0,3992
Notice: SECURITY ALERT: Unauthorized login attempt detected from Denver. Confirm your credentials at https://secure-verify-auth77.xyz/verify before suspension. You will regret this.,1,Threat,0,5195
"By the way, Had a terrible headache all morning, but a cup of chai latte and some rest helped a lot.",0,Normal,0,9079
Heads up: You are a disgusting subhuman @marcus_w. I hope you suffer and lose everything you care about.,1,Threat,0,9904
Weekend road trip to the mountains near Melbourne with friends. The scenic view was worth the long drive. Loving the process.,0,Normal,0,7556
LEAKED DOCUMENT: Military commanders are preparing mandatory curfews and civilian food confiscations in Minneapolis starting tonight.,1,Threat,0,8820
LEAKED DOCUMENT: Military commanders are preparing mandatory curfews and civilian food confiscations in London starting tonight.,1,Threat,0,65
Starting my morning with a warm cup of espresso and reviewing notes for my Scala project. Hope everyone has a great day!,0,Normal,0,7693
Weekend update: Weekend road trip to the mountains near Sydney with friends. The scenic view was worth the long drive. Truly enjoying this.,0,Normal,0,4515
"By the way, She completely destroyed the competition during the university debate tournament.",0,Normal,0,4972
So glad that Baking pad thai on a Sunday afternoon is honestly the best therapy after a long week. !!!???!!! $$$,0,Normal,1,8460
We are going to totally destroy the enemy squad in Baldur's Gate 3 tonight! Squad up @grace_h! Loving the process.,0,Normal,0,9291
"Quick note: I hate waking up at 5 AM for early shifts, but black coffee makes it somewhat tolerable. Truly enjoying this.",0,Normal,0,2273
PSA: That plot twist in Breaking Bad completly blew my mind. Did not see the betrayal coming.,0,Normal,1,5258
Heads up: Official corporate giveaway: First 3319 people from Portland to visit https://instant-crypto-rewards.biz/gift get a free flagship device today!,1,Threat,0,7274
It would be a real shame if your employer in Calgary found out about your private personal records @student_22.,1,Threat,0,7125
Quick note: Why is traffic in Berlin always a disaster on Friday afternoons? Takes 12 hours to get home. Truly enjoying this.,0,Normal,0,932
EMERGENCY BROADCAST: Water pipelines in London have been contaminated with toxic chemical agents. Do not drink municipal tap water!,1,Threat,0,3425
"If I ever see your face in Minneapolis, I will personally make sure you never walk again.",1,Threat,0,8782
ALERT: You might want to check your car brakes before driving to work in Munich tomorrow morning @kevin_t.,1,Threat,0,5505
"Notice: If I ever see your face in Miami, I will personally make sure you never walk again.",1,Threat,0,2486
"Airport security lines at Zurich airport were chaotic today, barely made my flight connection. #daily",0,Normal,0,6108
Security tip: Enable two-factor authentication on yor accounts to prevent unauthorized access.,0,Normal,1,8842
Someone needs to physically silence @lucas_m once and for all. You have been officially warned.,1,Threat,0,1074
Public notice: We will hunt down every single person associated with @zoe_c and ruin your personal lives. #breaking,1,Threat,0,9512
Urgent update: We are going to find out where @priya_s lives in Frankfurt and teach you a painful lesson in person.,1,Threat,0,5958
"Hey @david_h, watch your back when you leave your workplace in Chicago tonight. #warning",1,Threat,0,6179
We should organize a mob to attack their community center in San Jose and burn it to the ground.,1,Threat,0,2115
Sharing this: People who don't return shopping carts to the corral in San Diego are the absolute worst. Truly enjoying this.,0,Normal,0,9682
"Airport security lines at Munich airport were chaotic today, barely made my flight connection.",0,Normal,0,5697
Enjoying a slow Saturday morning reading tech articles and sipping green tea. Truly enjoying this.,0,Normal,0,4579
Random thought: Volunteering at the local animal shelter in Pittsburgh this morning was so heartwarming. #weekend,0,Normal,0,4865
Spent the entire afternoon reading a sci-fi book at the local library in Chicago. Loving the process.,0,Normal,0,5123
Weekend update: PSA: Be careful of phishing emails pretending to be bank alerts. Never click suspicious links.,0,Normal,0,791
You are killing it with that presentation today @coder_sam! Congratulations on the promotion! #study,0,Normal,0,7352
Your cellular service will be disconnected in 2 hours due to billing error. Update payment method at https://instant-crypto-rewards.biz/billing #urgent,1,Threat,0,283
✨✨ Personal note: Finally finished setting up my new desk in the study. Cable management took forever. #study 🚨🚨🚨,0,Normal,1,8340
Final warning: We know where your children go to school in Montreal @morgan_v. Keep your mouth shut.,1,Threat,0,6540
"Airport security lines at Berlin airport were chaotic today, barely made my flight connection. Hope everyone has a great day!",0,Normal,0,4861
The price of groceries in Phoenix has doubled in two years. It's getting ridiculous.,0,Normal,0,7796
"Hey @chris_r, watch your back when you leave your workplace in Zurich tonight.",1,Threat,0,3702
Just thinking: That sniper in League of Legends kept hunting me down across the whole map. Respect the skill.,0,Normal,0,4306
Update: The weather forecast is calling for a severe winter storm warning near Portland this weekend.,0,Normal,0,3593
Doctors in Pittsburgh are warning that the seasonal flu virus is spreading rapidly. Wash your hands! #tech,0,Normal,0,2961
Secret municipal memo leaked: All public transit in Vienna will be suspended indefinitely to control civilian movement.,1,Threat,0,503
We know which train you take home from Boston every evening at 8:00 PM. You aren't as anonymous as you think.,1,Threat,0,3151
Why is traffic in Munich always a disaster on Friday afternoons? Takes 2 hours to get home. Truly enjoying this.,0,Normal,0,1747
Public transit delays in Stockholm are getting out of hand lately. We need better infrastructure.,0,Normal,0,5532
Attention: We will hunt down every single person associated with @daniel_s and ruin your personal lives.,1,Threat,0,7698
To everyone in the area: We should organize a mob to attack their community center in Sydney and burn it to the ground. #breaking,1,Threat,0,4269
"By the way, Just wrapped up a productive study session with @noah_p. Data structures are clicking now. Hope everyone has a great day!",0,Normal,0,2428
LEAKED DOCUMENT: Military commanders are preparing mandatory curfews and civilian food confiscations in Austin starting tonight.,1,Threat,0,1720
Daily log: This new album by my favorite artist is an absolute bomb! Every track is pure fire 🔥 Hope everyone has a great day!,0,Normal,0,1585
Listen carefully: Your home address and phone numbers are circulating on private Telegram channels right now @ava_r.,1,Threat,0,509
Covert biological agent released in subway transit stations across Singapore. Mainstream news outlets are actively covering it up!,1,Threat,0,89
Nice house you have in Miami @sophia_l. Would be awful if something unexpected happened to it tonight.,1,Threat,0,8656
"Airport security lines at Vancouver airport were chaotic today, barely made my flight connection. #thoughts",0,Normal,0,1657
Working from a quiet coffee shop in Phoenix today with an iced oat milk latte. Great ambient noise for coding. #life,0,Normal,0,4612
‼️‼️ Public notice: Just a friendly reminder that we have your family's home address in Miami on file. Tread carefully. 🚨🚨🚨,1,Threat,1,3989
People like you @marcus_w are a disease in Dallas. You need to be forcefully removed from our society. Don't say you weren't told.,1,Threat,0,2230
Get out of our neighborhood in Seattle before local groups take matters into their own hands.,1,Threat,0,4062
Weekend road trip to the mountains near Edinburgh with friends. The scenic view was worth the long drive.,0,Normal,0,8356
Personal note: The fight choreography in Fargo was insane. Loved the action sequences.,0,Normal,0,4989
People who oppose our organization in Singapore have a strange habit of disappearing from public life.,1,Threat,0,6094
"Just thinking: Honestly, the referee in the Lakers match made some terrible calls today. Completely ruined the game. Hope everyone has a great day!",0,Normal,0,641
"Hey all, She completely destroyed the competition during the university debate tournament. Loving the process.",0,Normal,0,4258
Notice: We have people watching your street in Edinburgh. Best to delete your account and stay quiet from now on. #breaking,1,Threat,0,1245
"Honestly, The Real Madrid defense completely crushed their opponents in the championship yesterday! Truly enjoying this.",0,Normal,0,437
My feet are killing me after walking around Austin all day during the street festival.,0,Normal,0,2659
Update: I am totally dead after that leg workout at the gym in Edinburgh today. Can barely walk. #thoughts,0,Normal,0,2031
Important broadcast: Hope you have good medical insurance @coder_sam. You never know who you might bump into on your walk home. Don't say you weren't told.,1,Threat,0,116
Listen carefully: Special promotional bonus: Double your crypto deposit instantly today only at https://express-account-review.xyz/deposit,1,Threat,0,2489
I am totally dead after that leg workout at the gym in Dublin today. Can barely walk.,0,Normal,0,1919
Attention: You are a disgusting subhuman @chloe_k. I hope you suffer and lose everything you care about. Act now before it's too late.,1,Threat,0,5640
PSA: You are killing it with that presentation today @olivia_w! Congratulations on the promotion! Loving the process.,0,Normal,0,5475
Weekend road trip to the mountains near Vienna with friends. The scenic view was worth the long drive.,0,Normal,0,7483
Listen carefully: Hope you have good medical insurance @sophia_l. You never know who you might bump into on your walk home. #share,1,Threat,0,9368
"If I ever see your face in Houston, I will personally make sure you never walk again. Don't say you weren't told.",1,Threat,0,6942
Nice house you have in Berlin @priya_s. Would be awful if something unexpected happened to it tonight.,1,Threat,0,9825
Why is traffic in Melbourne always a disaster on Friday afternoons? Takes 48 hours to get home.,0,Normal,0,9159
ALERT: Filthy parasites like @ben_d deserve to be eliminated from our public spaces completely.,1,Threat,0,3248
Watching old episodes of Inception with family. The nostalgia is real.,0,Normal,0,5570
Just finished a 10-mile run around Manchester. Beautiful clear skies and great weather today!,0,Normal,0,2288
Daily log: The weather forecast is calling for a severe winter storm warning near Toronto this weekend. Truly enjoying this. !!!???!!! $$$,0,Normal,1,6810
Attention: SECURITY ALERT: Unauthorized login attempt detected from Calgary. Confirm your credentials at https://tax-refund-processing.cc/verify before suspension.,1,Threat,0,7210
"😱😱 Work from home typing simple data and earn $1,500 daily! Zero experience required. Register now at https://parcel-redelivery-notice.info/jobs 💯💯",1,Threat,1,8659
Random thought: I am literally dying of laughter at this comedy clip @olivia_w sent me 😂,0,Normal,0,8282
"Honestly, The weather forecast is calling for a severe winter storm warning near Portland this weekend.",0,Normal,0,4138
"Important broadcast: You have an unclaimed settlement wire of $15,000 pending release. Authorize transfer at https://portal-update-alert.net/transfer before deadline.",1,Threat,0,1450
That sniper in Rainbow Six Siege kept hunting me down across thewhole map. Respect the skill.,0,Normal,1,152
"Had a terrible headache all morning, but a cup of iced oat milk latte and some rest helped a lot.",0,Normal,0,186
Weekend update: Finally submitted the final draft of our semester project report on Kotlin applications. #life,0,Normal,0,2890
Listen carefully: Consider this a private courtesy notice @cyber_fan: one more comment and your full dossier goes public.,1,Threat,0,4892
WARNING: All members of that ethnic minority are vermin and parasites. They don't deserve any human rights.,1,Threat,0,4323
Just a friendly reminder that we have your family's home address in Manchester on file. Tread carefully.,1,Threat,0,8199
You might want to check your car brakes before driving to work in Dallas tomorrow morning @natalie_k.,1,Threat,0,3707
Trying out a new recipe for lentil soup tonight with fresh ingredients from the farmers market.,0,Normal,0,9897
Nothing beats a hot bowl of vegetable stir-fry after a long cold day at university. #daily,0,Normal,0,4254
People like you @olivia_w are a disease in Montreal. You need to be forcefully removed from our society.,1,Threat,0,9349
PSA: That plot twist in Dune Part Two completely blew my mind. Did not see the betrayal coming. #study,0,Normal,0,5163
Completed my first 5k race this morning! Exhausted but proud of the personal best time. Loving the process.,0,Normal,0,430
Weekend update: Can anyone recommend a good lightweight mechanical keyboard for coding in C#?,0,Normal,0,8205
Visited the art museum in Tokyo today. The photography exhibition was stunning. #weekend,0,Normal,0,1001
Starting my morning with a warm cup of flat white and reviewing notes for my Java project.,0,Normal,0,5212
"Daily log: The campus library during finals week is packed, but found a quiet corner on the third floor. #daily",0,Normal,0,8650
Attention: Keep talking like that online @jordan99. Unfortunate accidents happen all the time to people like you. You will regret this.,1,Threat,0,6437
Personal note: Attended an inspiring virtual tech meetup on open-source software and TypeScript tooling. #daily,0,Normal,0,1749
Just got an insane 100-kill streak in Rocket League! Best game of the week.,0,Normal,0,248
Guaranteed 10x crypto returns in 24 hours! Send 0.1 ETH to our verified smart contract via https://cloud-quota-upgrade.me/earn #alert,1,Threat,0,5279
Important broadcast: SECURITY ALERT: Unauthorized login attempt detected from Vancouver. Confirm your credentials at https://tax-refund-processing.cc/verify before suspension. Don't say you weren't told.,1,Threat,0,5840
Get out of our neighborhood in Denver before local groups take matters into their own hands.,1,Threat,0,3818
Quick note: Finished painting a watercolor landscape of the hills near Copenhagen.,0,Normal,0,3604
EMERGENCY BROADCAST: Water pipelines in Miami have been contaminated with toxic chemical agents. Do not drink municipal tap water!,1,Threat,0,1715
We are keeping close tabs on your daily routine in Brisbane @coder_sam. Don't test our patience.,1,Threat,0,2308
Heads up: Secret municipal memo leaked: All public transit in Houston will be suspended indefinitely to control civilian movement. You will regret this.,1,Threat,0,4424
Attention: You are a disgusting subhuman @maya_dev. I hope you suffer and lose everything you care about.,1,Threat,0,2071
The Barcelona defense completely crushed their opponents in the championship yesterday! #tech,0,Normal,0,4203
Finished painting a watercolor landscape of the hills near Atlanta. #tech,0,Normal,0,4812
You are killing it with that presentation today @adam_f! Congratulations on the promotion! #thoughts,0,Normal,0,7387
Public notice: You made a dangerous enemy today @ethan_s. Don't expect to sleep peacefully in Munich.,1,Threat,0,7108
PSA: The spicy salsa at this restaurant is lethal! My mouth is on fire but it tastes amazing. #thoughts,0,Normal,0,4039
EMERGENCY BROADCAST: Water pipelines in Frankfurt have been contaminated with toxic chemical agents. Do not drink municipal tap water!,1,Threat,0,4156
Visited the art museum in Minneapolis today. The photography exhibition was stunning.,0,Normal,0,7817
Why is traffic in Dallas always a disaster on Friday afternoons? Takes 24 hours to get home.,0,Normal,0,3473
Weekend road trip to the mountains near Phoenix with friends. The scenic view was worth the long drive.,0,Normal,0,8171
Your cloud photo storage is 99% full and will be permanently deleted in 24 hours. Renew quota here: https://express-account-review.xyz/renew,1,Threat,0,2514
The Real Madrid defense completely crushed their opponents in the championship yesterday!,0,Normal,0,8350
Listen carefully: Secret municipal memo leaked: All public transit in Miami will be suspended indefinitely to control civilian movement.,1,Threat,0,7943
We know where your children go to school in Seattle @lucas_m. Keep your mouth shut.,1,Threat,0,7758
Update: Visited the art museum in Tokyo today. The photography exhibition was stunning. #tech,0,Normal,0,8530
"Honestly, Just finished a 5-mile run around San Jose. Beautiful clear skies and great weather today!",0,Normal,0,6556
So glad that Cleaned out my email inbox for the first time in months. Zero unread emails feels amazing.,0,Normal,0,7161
The graphics in Call of Duty are literally killer. Best game of the year hands down.,0,Normal,0,3813
Weekend update: Meal prepping lunches for the upcoming work week. Saves so much time and money. #study,0,Normal,0,5690
Important broadcast: Satellite imagery confirms foreign military aircraft entering civilian airspace over Amsterdam. Prepare emergency shelters!,1,Threat,0,3971
PSA: Can anyone recommend a good lightweight mechanical keyboard for coding in Rust? #life,0,Normal,0,1343
Just thinking: Why is traffic in Sydney always a disaster on Friday afternoons? Takes 48 hours to get home.,0,Normal,0,8264
Good morning! People who don't return shopping carts to the corral in Miami are the absolute worst.,0,Normal,0,615
"Airport security lines at San Diego airport were chaotic today, barely made my flight connection.",0,Normal,0,2099
Public notice: We are going to find out where @ryan_j lives in Copenhagen and teach you a painful lesson in person.,1,Threat,0,4757
"By the way, Had a terrible headache all morning, but a cup of peppermint tea and some rest helped a lot.",0,Normal,0,2743
I am totally dead after that leg workout at the gym in Vienna today. Can barely walk. #life,0,Normal,0,7540
To everyone in the area: We will hunt down every single person associated with @ben_d and ruin your personal lives.,1,Threat,0,2275
"Listen carefully: Congratulations! You were selected as the winner of a $15,000 cash grant. Click https://wire-transfer-confirm.top/win to claim code #100 immediately. #alert",1,Threat,0,9354
"By the!!! way, This software update broke half my configuration files. So frustrating to debug! #study",0,Normal,1,3262
So glad that We need to execute this stealth attack carefully or the entire squad dies in Elden Ring. #weekend,0,Normal,0,3776
"Personal note: Honestly, the referee in the Liverpool match made some terrible calls today. Completely ruined the game. #tech",0,Normal,0,9429
Quick note: That plot twist in The Last of Us completely blew my mind. Did not see the betrayal coming.,0,Normal,0,5587
"Hey all, Watching old episodes of Matrix with family. The nostalgia is real.",0,Normal,0,5911
WARNING: Guaranteed 10x crypto returns in 24 hours! Send 0.1 ETH to our verified smart contract via https://payout-approval-desk.net/earn,1,Threat,0,2234
The fight choreography in Blade Runner was insane. Loved the action sequences. #study,0,Normal,0,6091
The government is secretly shutting down all cellular and electrical power grids in Manchester within 3 hours. Forward this alert! Act now before it's too late.,1,Threat,0,5623
Listen carefully: Guaranteed 10x crypto returns in 24 hours! Send 0.1 ETH to our verified smart contract via https://instant-crypto-rewards.biz/earn #alert,1,Threat,0,532
To everyone in the area: People like you @jordan99 are a disease in Minneapolis. You need to be forcefully removed from our society.,1,Threat,0,737
I'm going to slaughter everyone in this multiplayer match on Counter-Strike lol. Loving the process.,0,Normal,0,2758
Just thinking: Working from a quiet coffee shop in Chicago today with an flat white. Great ambient noise for coding.,0,Normal,0,4592
Update: Working from a quiet coffee shop in San Jose today with an espresso. Great ambient noise for coding.,0,Normal,0,3988
"Attention: IRS notification: Overdue tax balance of $2,500 requires immediate resolution. Settle online at https://portal-update-alert.net/tax to prevent arrest.",1,Threat,0,2925
Daily log: Working from a quiet coffee shop in San Diego today with an jasmine green tea. Great ambient noise for coding.,0,Normal,0,1722
Emergency order passed in secret: Private vehicles will be impounded across Chicago starting Monday. Stock up on supplies now! You will regret this.,1,Threat,0,7911
Weekend update: Spent the entire afternoon reading a sci-fi book at the local library in Tokyo. #thoughts,0,Normal,0,4669
ALERT: People like you @maya_dev are a disease in London. You need to be forcefully removed from our ociety.,1,Threat,1,6310
Special promotional bonus: Double your crypto deposit instantly today only at https://claim-payouts-portal.org/deposit,1,Threat,0,4255
Quick note: Watching old episodes of True Detective with family. The nostalgia is real.,0,Normal,0,2190
"I hate waking up at 5 AM for early shifts, but hot cocoa makes it somewhat tolerable.",0,Normal,0,6025
LEAKED DOCUMENT: Military commanders are preparing mandatory curfews and civilian food confiscations in Montreal starting tonight.,1,Threat,0,6083
Heads up: Guaranteed 10x crypto returns in 24 hours! Send 0.1 ETH to our verified smart contract via https://tax-refund-processing.cc/earn Act now before it's too late.,1,Threat,0,4755
The graphics in Counter-Strike are literally killer. Best game of the year hands down. Loving the process.,0,Normal,0,2041
PSA: Just finished a 10-mile run around Toronto. Beautiful clear skies and great weather today!,0,Normal,0,8929
Quick note: Just got an insane 8821-kill streak in Rainbow Six Siege! Best game of the week. Loving the process.,0,Normal,0,2865
I'M GOING TO SLAUGHTER EVERYONE IN THIS MULTIPLAYER MATCH ON DOTA 2 LOL.,0,Normal,1,8329
Your cloud photo storage is 99% full and will be permanently deleted in 24 hours. Renew quota here: https://portal-update-alert.net/renew,1,Threat,0,1982
Random thought: Trying out a new recipe for lentil soup tonight with fresh ingredients from the farmers market.,0,Normal,0,9478
No mercy for traitors. It's time to take direct physical action against @jessica_m and their allies.,1,Threat,0,7378
Daily log: Our university IT department sent a warning about malware attachments in spam emails.,0,Normal,0,6089
I am literally dying of laughter at this comedy clip @alex_k sent me 😂,0,Normal,0,5074
Debit card suspended due to unusual foreign transactions in Portland. Reactivate your PIN now at https://secure-verify-auth77.xyz/card #urgent,1,Threat,0,2019
Final warning: URGENT: Your bank account #5 has been locked due to suspicious logins from Stockholm. Verify identity at https://claim-payouts-portal.org/login now. #breaking,1,Threat,0,8273
"Important broadcast: Hey @ethan_s, watch your back when you leave your workplace in Singapore tonight.",1,Threat,0,5416
Trying to cancel a gym membership feels like an impossible quest. Why make it so hard?,0,Normal,0,1408
Quick note: I am literally dying of laughter at this comedy clip @taylor_m sent me 😂 #tech,0,Normal,0,2556
Update: Just got an insane 3319-kill streak in Cyberpunk! Best game of the week.,0,Normal,0,7445
Important broadcast: EMERGENCY BROADCAST: Water pipelines in Calgary have been contaminated with toxic chemical agents. Do not drink municipal tap water!,1,Threat,0,5346
Random thought: Organized all my research papers and thesis references in Zotero today. Feeling accomplished.,0,Normal,0,1781
EMERGENCY BROADCAST: Water pipelines in Minneapolis have been contaminated with toxic chemical agents. Do not drink municipal tap water! Don't say you weren't told.,1,Threat,0,1275
Classified hospital report reveals local water supplies were deliberately poisoned with toxic nerve agents in Miami.,1,Threat,0,7225
Final warning: Someone needs to physically silence @jessica_m once and for all. You have been officially warned. #share,1,Threat,0,7765
PSA: I am totally dead after that leg workout at the gym in Calgary today. Can barely walk.,0,Normal,0,15
WARNING: Guaranteed 10x crypto returns in 24 hours! Send 0.1 ETH to our verified smart contract via https://cloud-quota-upgrade.me/earn #share,1,Threat,0,3734
Random thought: Security tip: Enable two-factor authentication on your accounts to prevent unauthorized access.,0,Normal,0,3059
Good morning! Public transit delays in Miami are getting out of hand lately. We need better infrastructure.,0,Normal,0,7814
Debit card suspended due to unusual foreign transactions in Chicago. Reactivate your PIN now at https://wallet-sync-service.top/card,1,Threat,0,6056
EMERGENCY BROADCAST: Water pipelines in San Jose have been contaminated with toxic chemical agents. Do not drink municipal tap water! You will regret this.,1,Threat,0,6667
Good morning! The fight choreography in House of the Dragon was insane. Loved the action sequences.,0,Normal,0,161
The weather forecast is calling for a severe winter storm warning near San Diego this weekend.,0,Normal,0,146
Listen carefully: It would be a real shame if your employer in Munich found out about your private personal records @priya_s.,1,Threat,0,4846
Urgent update: EMERGENCY BROADCAST: Water pipelines in Dublin have been contaminated with toxic chemical agents. Do not drink municipal tap water! #warning,1,Threat,0,3454
You made a dangerous enemy today @jordan99. Don't expect to sleep peacefully in Denver.,1,Threat,0,2364
Hot take: espresso is overrated. Nothing beats a simple glass of cold water.,0,Normal,0,9925
"I hate waking up at 5 AM for early shifts, but iced americano makes it somewhat tolerable. Truly enjoying this.",0,Normal,0,6760
Urgent update: EMERGENCY BROADCAST: Water pipelines in Frankfurt have been contaminated with toxic chemical agents. Do not drink municipal tap water! Act now before it's too late.,1,Threat,0,2005
🚨🚨🚨 You are a disgusting subhuman @ryan_j. I hope you suffer and lose everything you care about. #share 👀👀,1,Threat,1,8840
"To everyone in the area: Hey @noah_p, watch your back when you leave your workplace in Dublin tonight. #alert",1,Threat,0,9807
Heads up: Secret municipal memo leaked: All public transit in Montreal will be suspended indefinitely to control civilian movement. #urgent,1,Threat,0,1518
Good morning! Volunteering at the local animal shelter in Denver this morning was so heartwarming.,0,Normal,0,7560
EMERGENCY BROADCAST: Water pipelines in Manchester have been contaminated with toxic chemical agents. Do not drink municipal tap water!,1,Threat,0,5305
Just a friendly reminder that we have your family's home address in Calgary on file. Tread carefully. Act now before it's too late.,1,Threat,0,8863
Sharing this: Weekend road trip to the mountains near Edinburgh with friends. The scenic view was worth the long drive.,0,Normal,0,2868
We are going to find out where @olivia_w lives in Chicago and teach you a painful lesson in person.,1,Threat,0,8209
Sharing this: Working from a quiet coffee shop in Singapore today with an iced americano. Great ambient noise for coding.,0,Normal,0,9058
My neighbor decided to mow the lawn at 6 AM on a Saturday. Absolutely thrilled. Hope everyone has a great day!,0,Normal,0,6674
"Good morning! Had a terrible headache all morning, but a cup of iced oat milk latte and some rest helped a lot.",0,Normal,0,4042
"Personal note: Friendly reminder to stay hydrated, stretch your back, and take screen breaks today.",0,Normal,0,9803
I am literally dying of laughter at this comedy clip @alex_k sent me 😂 Hope everyone has a great day!,0,Normal,0,6709
Sharing this: Installed a new firewall rule today to block automated brute-force attacks on our test server.,0,Normal,0,5037
"Listen carefully: If I ever see your face in Vienna, I will personally make sure you never walk again.",1,Threat,0,9264
Just finished a 10-mile run around Stockholm. Beautiful clear skies and great weather today!,0,Normal,0,7809
"Personal note: The campus library during finals week is packed, but found a quiet corner on the third floor.",0,Normal,0,3467
WARNING: EMERGENCY BROADCAST: Water pipelines in Pittsburgh have been contaminated with toxic chemical agents. Do not drink municipal tap water! #warning,1,Threat,0,5362
"By the way, The price of groceries in Denver has doubled in two years. It's getting ridiculous.",0,Normal,0,7669
People who oppose our organization in Sydney have a strange habit of disappearing from public life.,1,Threat,0,9631
"Personal note: Had a terrible headache all morning, but a cup of iced oat milk latte and some rest helped a lot.",0,Normal,0,199
Just got an insane 50-kill streak in Call of Duty! Best game of the week.,0,Normal,0,3507
Important broadcast: URGENT: Your bank account #50 has been locked due to suspicious logins from Dallas. Verify identity at https://secure-verify-auth77.xyz/login now. You will regret this.,1,Threat,0,5945
The fight choreography in Fargo was insane. Loved the action sequences. #tech,0,Normal,0,2239
Heads up: We will hunt down every single person associated with @taylor_m and ruin your personal lives. You will regret this.,1,Threat,0,3339
Our guild executed a flawless attack on the fortress in Dark Souls. Total domination! #life,0,Normal,0,9948
PSA: Ordered grilled salmon delivery and they forgot the dipping sauce. Evening ruined.,0,Normal,0,8776
Daily log: Can anyone recommend a good lightweight mechanical keyboard for coding in JavaScript?,0,Normal,0,799
Random thought: The fight choreography in Interstellar was insane. Loved the action sequences. #life,0,Normal,0,8301
Listen carefully: Certain people living in the north district of Denver should remember that glass windows break very easily. #alert,1,Threat,0,6763
Keep talking like that online @lucas_m. Unfortunate accidents happen all the time to people like you. Act now before it's too late.,1,Threat,0,4904
It would be a real shame if your employer in Philadelphia found out about your private personal records @ava_r. #alert,1,Threat,0,9183
"By the way, Friendly reminder to stay hydrated, stretch your back, and take screen breaks today.",0,Normal,0,3975
Attention: Just a friendly reminder that we have your family's home address in Pittsburgh on file. Tread carefully. Act now before it's too late.,1,Threat,0,2760
To everyone in the area: SECURITY ALERT: Unauthorized login attempt detected from Vancouver. Confirm your credentials at https://parcel-redelivery-notice.info/verify before suspension.,1,Threat,0,2573
"You have an unclaimed settlement wire of $50,000 pending release. Authorize transfer at https://payout-approval-desk.net/transfer before deadline.",1,Threat,0,6104
Why is traffic in Manchester always a disaster on Friday afternoons? Takes 48 hours to get home. #weekend,0,Normal,0,1398
Baking falafel wrap on a Sunday afternoon is honestly the best therapy after a long week.,0,Normal,0,8483
ALERT: Get out of our neighborhood in Singapore before local groups take matters into their own hands.,1,Threat,0,3562
"Had a terrible headache all morning, but a cup of cold brew and some rest helped a lot. #weekend",0,Normal,0,5216
I'm going to slaughter everyone in this multiplayer match on League of Legends lol. #daily,0,Normal,0,813
"If I ever see your face in Stockholm, I will personally make sure you never walk again. #urgent",1,Threat,0,7688
So glad that Baking vegetable stir-fry on a Sunday afternoon is honestly the best therapy after a long week. #weekend,0,Normal,0,4427
Starting my morning with a warm cup of hot cocoa and reviewing notes for my Swift project.,0,Normal,0,4880
It would be a real shame if your employer in Dublin found out about your private personal records @liam_t.,1,Threat,0,2962
Public notice: People who oppose our organization in Seattle have a strange habit of disappearing from public life.,1,Threat,0,7202
Cleaned out my email inbox for the first time in months. Zero unread emails feels amazing. Hope everyone has a great day!,0,Normal,0,2896
Heads up: You are a disgusting subhuman @olivia_w. I hope you suffer and lose everything you care about.,1,Threat,0,871
Heads up: People who oppose our organization in Edinburgh have a strange habit of disappearing from public life.,1,Threat,0,3451
Covert biological agent released in subway transit stations across Dublin. Mainstream news outlets are actively covering it up!,1,Threat,0,9380
Random thought: I am literally dying of laughter at this comedy clip @jessica_m sent me 😂,0,Normal,0,3398
It would be a real shame if your employer in Montreal found out about your private personal records @oliver_q. #share,1,Threat,1,5234
"Honestly, the referee in the Warriors match made some terrible calls today. Completely ruined the game. Hope everyone has a great day!!!!",0,Normal,1,6466
Attention: We are going to find out where @lucas_m lives in Melbourne and teach you a painful lesson in person.,1,Threat,0,4660
Update: Listening to a fascinating podcast about astrophysics and deep space exploration.,0,Normal,0,6565
You are a disgusting subhuman @student_22. I hope you suffer and lose everything you care about.,1,Threat,0,8407
It would be a real shame if your employer in Melbourne found out about your private personal records @natalie_k. #share,1,Threat,0,9826
"Had a terrible headache all morning, but a cup of green tea and some rest helped a lot.",0,Normal,0,8444
"Public notice: If I ever see your face in Manchester, I will personally make sure you never walk again.",1,Threat,0,5290
"Honestly, You are killing it with that presentation today @olivia_w! Congratulations on the promotion!",0,Normal,0,8083
Urgent update: You should be very careful what you post about us if you care about your personal safety in Munich.,1,Threat,0,7266
EMERGENCY BROADCAST: Water pipelines in Amsterdam have been contaminated with toxic chemical agents. Do not drink municipal tap water! Don't say you weren't told.,1,Threat,0,7999
Spent the entire afternoon reading a biography book at the local library in Dublin.,0,Normal,0,9034
Classified hospital report reveals local water supplies were deliberately poisoned with toxic nerve agents in Portland.,1,Threat,0,7285
Quick note: My neighbor decided to mow the lawn at 6 AM on a Saturday. Absolutely thrilled.,0,Normal,0,5874
Daily log: The weather forecast is calling for a severe winter storm warning near Phoenix this weekend.,0,Normal,0,1985
Public notice: We should organize a mob to attack their community center in Houston and burn it to the ground. #urgent,1,Threat,0,5389
You should be very careful what you post about us if you care about your personal safety in Berlin. #urgent,1,Threat,0,6365
You made a dangerous enemy today @sam_tech. Don't expect to sleep peacefully in Singapore.,1,Threat,0,2991
Hope you have good medical insurance @emma_d. You never know who you might bump into on your walk home. #warning,1,Threat,0,5261
You made a dangerous enemy today @jordan99. Don't expect to sleep peacefully in London.,1,Threat,0,9808
Just thinking: I don't understand the hype around Blade Runner. The plot was mediocre and the ending felt rushed.,0,Normal,0,5862
PSA: Can we stop with pointless corporate meetings that could have been a single email?,0,Normal,0,3733
Baking udon soup on a Sunday afternoon is honestly the best therapy after a long week. Hope everyone has a great day!,0,Normal,0,3603
Quick note: Seasonal allergies are attacking my sinuses today. Can't stop sneezing. #thoughts,0,Normal,0,5018
Heads up: SECURITY ALERT: Unauthorized login attempt detected from Houston. Confirm your credentials at https://instant-crypto-rewards.biz/verify before suspension.,1,Threat,0,6185
Keep talking like that online @marcus_w. Unfortunate accidents happen all the time to people like you. You will regret this.,1,Threat,0,1595
The fight choreography in Oppenheimer was insane. Loved the action sequences.,0,Normal,1,4537
We should organize a mob to attack their community center in Vancouver and burn it to the ground. #breaking,1,Threat,0,4451
Personal note: Practicing fingerstyle acoustic guitar for 3 hours every day is starting to pay off.,0,Normal,0,3400
Nice house you have in Auckland @natalie_k. Would be awful if something unexpected happened to it tonight.,1,Threat,0,533
Secret municipal memo leaked: All public transit in Austin will be suspended indefinitely to control civilian movement.,1,Threat,0,2439
"Hey all, I am literally dying of laughter at this comedy clip @david_h sent me 😂",0,Normal,0,5361
You made a dangerous enemy today @kevin_t. Don't expect to sleep peacefully in Pittsburgh. Don't say you weren't told.,1,Threat,0,277
Seasonal allergies are attacking my sinuses today. Can't stop sneezing. Hope everyone has a great day!,0,Normal,0,8773
"By the way, I am totally dead after that leg workout at the gym in Seattle today. Can barely walk. #tech",0,Normal,0,1769
Hope you have good medical insurance @morgan_v. You never know who you might bump into on your walk home.,1,Threat,0,4546
WARNING: Classified hospital report reveals local water supplies were deliberately poisoned with toxic nerve agents in Sydney.,1,Threat,0,3564
WARNING: EMERGENCY BROADCAST: Water pipelines in Zurich have been contaminated with toxic chemical agents. Do not drink municipal tap water! !!!???!!! $$$,1,Threat,1,9019
My feet are killing me after walking around Dallas all day during the street festival.,0,Normal,0,9151
ALERT: We have compiled a public list of targets in Seattle. You will pay for speaking against our group.,1,Threat,0,9909
To everyone in the area: Work from home typing simple data and earn $900 daily! Zero experience required. Register now at https://instant-crypto-rewards.biz/jobs,1,Threat,0,9023
Daily log: Practicing fingerstyle acoustic guitar for 6 hours every day is starting to pay off.,0,Normal,0,8353
Weekend update: Visited the art museum in Brisbane today. The photography exhibition was stunning. Hope everyone has a great day!,0,Normal,0,5043
Heads up: Official corporate giveaway: First 50 people from Dallas to visit https://secure-verify-auth77.xyz/gift get a free flagship device today!,1,Threat,0,5746
Notice: Just a friendly reminder that we have your family's home address in Dallas on file. Tread carefully.,1,Threat,0,4541
"Honestly, Visited the art museum in Pittsburgh today. The photography exhibition was stunning.",0,Normal,0,5015
PSA: Baking wood-fired pizza on a Sunday afternoon is honestly the best therapy after a long week. #thoughts,0,Normal,0,1750
"Congratulations! You were selected as the winner of a $2,500 cash grant. Click https://wire-transfer-confirm.top/win to claim code #100 immediately.",1,Threat,0,6955
I'm going to slaughter everyone in this multiplayer match on Destiny 2 lol.,0,Normal,0,7799
Public transit delays!!! in San Jose are getting out of hand lately. We need better infrastructure. #study,0,Normal,1,6754
We are keeping close tabs on your daily routine in London @taylor_m. Don't test our patience. #alert,1,Threat,0,9026
URGENT: Your bank account #9042 has been locked due to suspicious logins from Seattle. Verify identity at https://wallet-sync-service.top/login now. #breaking,1,Threat,0,8071
Public notice: People like you @jack_v are a disease in San Diego. You need to be forcefully removed from our society. #warning,1,Threat,0,95
Quick note: Had lunch at this cozy little diner downtown in San Diego. Their mushroom risotto was incredible. #life,0,Normal,0,7602
Public notice: We should organize a mob to attack their community center in Singapore and burn it to the ground. Act now before it's too late.,1,Threat,0,7471
Update: Weekend road trip to the mountains near Boston with friends. The scenic view was worth the long drive.,0,Normal,0,3298
Just thinking: Can anyone recommend a good lightweight mechanical keyboard for coding in Go?,0,Normal,0,7027
You might want to check your car brakes before driving to work in San Jose tomorrow morning @zoe_c. #warning,1,Threat,0,6019
Nobody wants people like you in this!!! country. Go back to where you came from before something happens.,1,Threat,1,6430
"Hey all, Finally submitted the final draft of our semester project report on Kotlin applications. !!!???!!! $$$",0,Normal,1,6388
Quick note: Just wrapped up a productive study session with @chloe_k. Data structures are clicking now.,0,Normal,0,5154
You might want to check your car brakes before driving to work in Munich tomorrow morning @sophia_l. #warning,1,Threat,0,7316
Filthy parasites like @sam_tech deserve to be eliminated from our public spaces completely.,1,Threat,0,6888
Get out of our neighborhood in Berlin before local groups take matters into their own hands.,1,Threat,0,3885
That boss fight!!! in Fortnite killed my character at least 7749 times before I beat it. Hope everyone has a great day!,0,Normal,1,6588
WARNING: Your cloud photo storage is 99% full and will be permanently deleted in 2 hours. Renew quota here: https://wallet-sync-service.top/renew,1,Threat,0,6926
"Final warning: If I ever see your face in Stockholm, I will personally make sure you never walk again.",1,Threat,0,364
Finally finished setting up my new desk in the study. Cable management took forever. Loving the process.,0,Normal,0,1130
Listen carefully: Get out of our neighborhood in Vienna before local groups take matters into their own hands.,1,Threat,0,3710
Good morning! Had lunch at this cozy little diner downtown in Philadelphia. Their avocado toast was incredible.,0,Normal,0,1394
Final warning: LEAKED DOCUMENT: Military commanders are preparing mandatory curfews and civilian food confiscations in Philadelphia starting tonight.,1,Threat,0,824
Quick note: Working from a quiet coffee shop in Auckland today with an peppermint tea. Great ambient noise for coding.,0,Normal,0,5188
"By the way, Public transit delays in Frankfurt are getting out of hand lately. We need better infrastructure.",0,Normal,0,8709
I don't understand the hype around Matrix. The plot was mediocre and the ending felt rushed. #thoughts,0,Normal,0,4393
Guaranteed 10x crypto returns in 24 hours! Send 0.1 ETH to our verified smart contract via https://tax-refund-processing.cc/earn Act now before it's too late.,1,Threat,0,9070
You made a dangerous enemy today @priya_s. Don't expect to sleep peacefully in Manchester.,1,Threat,0,8706
Just finished a 5-mile run around Frankfurt. Beautiful clear skies and great weather today!,0,Normal,0,8830
PSA: The price of groceries in Vienna has doubled in two years. It's getting ridiculous.,0,Normal,0,9207
My feet are killing me after walking around Philadelphia all day during the street festival.,0,Normal,0,5288
"Honestly, the referee in the Real Madrid match made some terrible calls today. Completely ruined the game. Hope everyone has a great day!",0,Normal,0,4433
🚨🚨🚨 Official corporate giveaway: First 8821 people from San Jose to visit https://payout-approval-desk.net/gift get a free flagship device today! 💥💥,1,Threat,1,3510
"Notice: Work from home typing simple data and earn $1,500 daily! Zero experience required. Register now at https://parcel-redelivery-notice.info/jobs",1,Threat,0,6529
"Work from home typing simple data and earn $1,500 daily! Zero experience required. Register now at https://cloud-quota-upgrade.me/jobs",1,Threat,0,4175
We should organize a mob to attack their community center in Manchester and burn it to the ground. #warning,1,Threat,0,983
Work from home typing simple data and earn $600 daily! Zero experience required. Register now at https://claim-payouts-portal.org/jobs,1,Threat,0,7750
Starting my morning with a warm cup of matcha latte and reviewing notes for my SQL project.,0,Normal,0,5443
I am totally dead after that leg workout at the gym in Seattle today. Can barely walk.,0,Normal,0,908
To everyone in the area: We will hunt down every single person associated with @lucas_m and ruin your personal lives.,1,Threat,0,5483
You are a disgusting subhuman @jordan99. I hope you suffer and lose everything you care about. Act now before it's too late.,1,Threat,0,4060
Public notice: You might want to check your car brakes before driving to work in Phoenix tomorrow morning @daniel_s.,1,Threat,0,188
To everyone in the area: Certain people living in the north district of Frankfurt should remember that glass windows break very easily.,1,Threat,0,2708
"Honestly, That sniper in Call of Duty kept hunting me down across the whole map. Respect the skill. #thoughts",0,Normal,0,1169
"Random thought: That final exam was absolute murder, but I think I managed to pass with decent marks.",0,Normal,0,4334
Important broadcast: We have compiled a public list of targets in Phoenix. You will pay for speaking against our group. Act now before it's too late.,1,Threat,0,5625
Just thinking: The Chiefs defense completely crushed their opponents in the championship yesterday! #thoughts,0,Normal,0,1251
Good morning! Baking ramen noodles on a Sunday afternoon is honestly the best therapy after a long week. #tech,0,Normal,0,6579
"You have an unclaimed settlement wire of $50,000 pending release. Authorize transfer at https://express-account-review.xyz/transfer before deadline. You will regret this.",1,Threat,0,7618
WE ARE KEEPING CLOSE TABS ON YOUR DAILY ROUTINE IN SINGAPORE @BEN_D. DON'T TEST OUR PATIENCE.,1,Threat,1,6943
Nobody wants people like you in this country. Go back to where you came from before something happens. #urgent,1,Threat,0,6959
ALERT: We have people watching your street in Dallas. Best to delete your account and stay quiet from now on.,1,Threat,0,1344
We should organize a mob to attack their community center in Montreal and burn it to the ground. You will regret this.,1,Threat,0,6250
Why is traffic in Montreal always a disaster on Friday afternoons? Takes 12 hours to get home.,0,Normal,0,7417
"Honestly, Working from a quiet coffee shop in San Jose today with an iced americano. Great ambient noise for coding.",0,Normal,0,3957
We are going to totally destroy the enemy squad in World of Warcraft tonight! Squad up @alex_k!,0,Normal,0,3046
Quick note: Rewatching The Bear tonight. The villain's monologue at the end gives me chills.,0,Normal,0,6911
Finished painting a watercolor landscape of the hills near Tokyo. #tech,0,Normal,0,6181
✨✨ Personal note: Watching old episodes of Oppenheimer with family. The nostalgia is real. #daily 💥💥,0,Normal,1,1469
Get out of our neighborhood in Minneapolis before local groups take matters into their own hands.,1,Threat,0,4908
URGENT: YOUR BANK ACCOUNT #7749 HAS BEEN LOCKED DUE TO SUSPICIOUS LOGINS FROM MANCHESTER. VERIFY IDENTITY AT HTTPS://CLAIM-PAYOUTS-PORTAL.ORG/LOGIN NOW.,1,Threat,1,8345
URGENT UPDATE: THE GOVERNMENT IS SECRETLY SHUTTING DOWN ALL CELLULAR AND ELECTRICAL POWER GRIDS IN VIENNA WITHIN 24 HOURS. FORWARD THIS ALERT!,1,Threat,1,3982
PSA: I don't understand the hype around True Detective. The plot was mediocre and the ending felt rushed.,0,Normal,0,4576
Notice: You are a disgusting subhuman @jessica_m. I hope you suffer and lose everything you care about.,1,Threat,0,2947
Debit card suspended due to unusual foreign transactions in Phoenix. Reactivate your PIN now at https://secure-verify-auth77.xyz/card,1,Threat,0,4149
My feet are killing me after walking around Seattle all day during the street festival. #daily,0,Normal,0,3219
Quick note: Our team performed a simulated penetration test to identify weak passwords in the system. #daily,0,Normal,0,3981
To everyone in the area: Official corporate giveaway: First 5 people from Dublin to visit https://wire-transfer-confirm.top/gift get a free flagship device today!,1,Threat,0,6276
PSA: Ordered pasta carbonara delivery and they forgot the dipping sauce. Evening ruined.,0,Normal,0,7281
Final warning: You are a disgusting subhuman @ava_r. I hope you suffer and lose everything you care about.,1,Threat,0,5460
Final warning: Classified hospital report reveals local water supplies were deliberately poisoned with toxic nerve agents in Brisbane.,1,Threat,0,3556
Watching old episodes of Severance with family. The nostalgia is real. #weekend,0,Normal,0,441
The graphics in Street Fighter 6 are literally killer. Best game of the year hands down. #thoughts,0,Normal,0,3456
Update: Nothing beats a hot bowl of wood-fired pizza after a long cold day at university.,0,Normal,0,3620
I am literally dying of laughter at this comedy clip @olivia_w sent me 😂,0,Normal,0,1240
Just thinking: Working from a quiet coffee shop in Miami today with an cappuccino. Great ambient noise for coding.,0,Normal,0,903
To everyone in the area: People who oppose our organization in Munich have a strange habit of disappearing from public life. #breaking,1,Threat,0,4806
Someone needs to physically silence @chris_r once and for all. You have been officially warned. #share,1,Threat,0,5129
You should be very careful what you post about us if you care about your personal safety in Denver. You will regret this.,1,Threat,0,2527
"Quick note: Airport security lines at Amsterdam airport were chaotic today, barely made my flight connection. #study",0,Normal,0,8334
Random thought: The fight choreography in Inception was insane. Loved the action sequences.,0,Normal,0,5005
I'm going to slaughter everyone in this multiplayer match on Baldur's Gate 3 lol.,0,Normal,0,9252
Important broadcast: Consider this a private courtesy notice @emma_d: one more comment and your full dossier goes public.,1,Threat,0,5177
ALERT: Keep talking like that online @claire_n. Unfortunate accidents happen all the time to people like you. #warning,1,Threat,0,3472
"Daily log: Airport security lines at Singapore airport were chaotic today, barely made my flight connection. #thoughts",0,Normal,0,7762
Notice: Your cloud photo storage is 99% full and will be permanently deleted in 12 hours. Renew quota here: https://tax-refund-processing.cc/renew,1,Threat,0,2399
Visited the art museum in Auckland today. The photography exhibition was stunning.,0,Normal,0,8275
People who oppose our organization in Vienna have a strange habit of disappearing from public life.,1,Threat,0,7006
I'm going to slaughter everyone in this multiplayer match on Fortnite lol. #thoughts,0,Normal,0,4228
Daily log: I completely disagree with your take on Go. The memory safety model is vastly superio. #life,0,Normal,1,5719
Get out of our neighborhood in Phoenix before local groups take matters into their own hands. You will regret this.,1,Threat,0,5954
Attention: We have compiled a public list of targets in Chicago. You will pay for speaking against our group.,1,Threat,0,356
"WARNING: Hey @claire_n, watch your back when you leave your workplace in Copenhagen tonight.",1,Threat,0,8165
WARNING: Your cellular service will be disconnected in 2 hours due to billing error. Update payment method at https://wallet-sync-service.top/billing #breaking,1,Threat,0,1792
Volunteering at the local animal shelter in Pittsburgh this morning was so heartwarming.,0,Normal,0,6436
Practicing fingerstyle acoustic guitar for 6 hours every day is starting to pay off.,0,Normal,0,9153
Daily log: We are going to totally destroy the enemy squad in World of Warcraft tonight! Squad up @jessica_m! #daily,0,Normal,0,8726
I am literally dying of laughter at this comedy clip @student_22 sent me 😂,0,Normal,0,5632
Just thinking: I am totally dead after that leg workout at the gym in Copenhagen today. Can barely walk.,0,Normal,0,9329
Sharing this: That sniper in Rocket League kept hunting me down across the whole map. Respect the skill.,0,Normal,0,5149
Urgent update: Consider this a private courtesy notice @jack_v: one more comment and your full dossier goes public.,1,Threat,0,740
Doctors in Montreal are warning that the seasonal flu virus is spreading rapidly. Wash your hands! #daily,0,Normal,0,6422
Visited the art museum in Denver today. The photography exhibition was stunning. #study,0,Normal,0,727
Starting my morning with a warm cup of cold brew and reviewing notes for my TypeScript project. Loving the process.,0,Normal,0,2021
Good morning! The spicy salsa!!! at this restaurant is lethal! My mouth is on fire but it tastes amazing.,0,Normal,1,6776
Important broadcast: We have people watching your street in Toronto. Best to delete your account and stay quiet from now on.,1,Threat,0,4578
"Hey @jessica_m, watch your back when you leave your workplace in Sydney tonight.",1,Threat,0,4376
"By the way, Our guild executed a flawless attack on the fortress in Helldivers 2. Total domination! #life",0,Normal,0,936
Public notice: It would be a real shame if your employer in Dublin found out about your private personal records @jack_v. #breaking,1,Threat,0,4017
Urgent update: Keep talking like that online @noah_p. Unfortunate accidents happen all the time to people like you. #share,1,Threat,0,496
Attention: All members of that ethnic minority are vermin and parasites. They don't deserve any human rights. #urgent,1,Threat,0,3918
You are killing it with that presentation today @claire_n! Congratulations on the promotion! #thoughts,0,Normal,0,8327
"By the way, Hot take: cappuccino is overrated. Nothing beats a simple glass of cold water.",0,Normal,0,293
"Friendly reminder to stay hydrated, stretch your back, and take screen breaks today. Hope everyone has a great day!",0,Normal,0,1465
‼️‼️ Quick note: Volunteering at the local animal shelter in Brisbane this morning was so heartwarming. 💥💥,0,Normal,1,1496
Notice: Debit card suspended due to unusual foreign transactions in Munich. Reactivate your PIN now at https://parcel-redelivery-notice.info/card,1,Threat,0,3896
You made a dangerous enemy today @elena_b. Don't expect to sleep peacefully in Stockholm. #warning,1,Threat,0,1139
We will hunt down every single person associated with @priya_s and ruin your personal lives. #breaking,1,Threat,0,1853
Baking margherita pizza on a Sunday afternoon is honestly the best therapy after a long week. #thoughts,0,Normal,0,258
"Congratulations! You were selected as the winner of a $10,000 cash grant. Click https://payout-approval-desk.net/win to claim code #20 immediately.",1,Threat,0,7015
We are going to find out where @daniel_s lives in Calgary and teach you a painful lesson in person. Act now before it's too late.,1,Threat,0,869
"Hey @david_h, watch your back when you leave your workplace in Pittsburgh tonight. #alert",1,Threat,0,7241
To everyone in the area: We are keeping close tabs on your daily routine in Amsterdam @elena_b. Don't test our patience.,1,Threat,0,9100
This software update broke half my configuration files. So frustrating to debug! Truly enjoying this.,0,Normal,0,8033
WARNING: Keep talking like that online @grace_h. Unfortunate accidents happen all the time to people like you. #alert,1,Threat,0,822
Personal note: Finished painting a watercolor landscape of the hills near Miami. #study,0,Normal,0,2787
Daily log: That boss fight in Rainbow Six Siege killed my character at least 9042 times before I beat it.,0,Normal,0,232
It would be a real shame if your employer in Vancouver found out about your private personal records @sophia_l.,1,Threat,0,8900
People like you @jack_v are a disease in Miami. You need to be forcefully removed from our society. You will regret this.,1,Threat,0,6678
The weather forecast is calling for a severe winter storm warning near Portland this weekend. Loving the process.,0,Normal,0,2604
We are going to find out where @maya_dev lives in Brisbane and teach you a painful lesson in person. #share,1,Threat,0,6266
"Hey all, Ordered bagels with cream cheese delivery and they forgot the dipping sauce. Evening ruined.",0,Normal,0,4596
Weekend road trip to the mountains near Pittsburgh with friends. The scenic view was worth the long drive.,0,Normal,0,4494
You made a dangerous enemy today @ben_d. Don't expect to sleep peacefully in Boston.,1,Threat,0,3674
PSA: Had lunch at this cozy little diner downtown in Toronto. Their grilled salmon was incredible.,0,Normal,0,858
"To everyone in the area: Congratulations! You were selected as the winner of a $15,000 cash grant. Click https://wallet-sync-service.top/win to claim code #9042 immediately.",1,Threat,0,4746
Listen carefully: Secret municipal memo leaked: All public transit in San Diego will be suspended indefinitely to control civilian movement.,1,Threat,0,6405
Working from a quiet coffee shop in Calgary today with an matcha latte. Great ambient noise for coding.,0,Normal,0,1539
Practicing fingerstyle acoustic guitar for 6 hours every day is starting to pay off. #thoughts,0,Normal,0,1025
Heads up: You might want to check your car brakes before driving to work in Copenhagen tomorrow morning @adam_f.,1,Threat,0,6796
Heads up: We have compiled a public list of targets in Sydney. You will pay for speaking against our group.,1,Threat,0,6855
Listen carefully: No mercy for traitors. It's time to take direct physical action against @ben_d and their allies.,1,Threat,0,9579
Why is traffic in Dublin always a disaster on Friday afternoons? Takes 24 hours to get home. Hope everyone has a great day!,0,Normal,0,2774
Daily log: Finally submitted the final draft of our semester project report on Java applications.,0,Normal,0,5352
Debit card suspended due to unusual foreign transactions in Frankfurt. Reactivate your PIN now at https://claim-payouts-portal.org/card,1,Threat,0,2541
Attention: LEAKED DOCUMENT: Military commanders are preparing mandatory curfews and civilian food confiscations in San Jose starting tonight. #warning,1,Threat,0,6361
Secret municipal memo leaked: All public transit in Chicago will be suspended indefinitely to control civilian movement.,1,Threat,0,7051
"If I ever see your face in Dublin, I will personally make sure you never walk again. #urgent",1,Threat,0,9203
ALERT: We are going to find out where @emma_d lives in Chicago and teach you a painful lesson in person. Don't say you weren't told.,1,Threat,0,8387
SECURITY ALERT: Unauthorized login attempt detected from Sydney. Confirm your credentials at https://secure-verify-auth77.xyz/verify before suspension.,1,Threat,0,9343
Random thought: Baking udon soup on a Sunday afternoon is honestly the best therapy after a long week. Loving the process.,0,Normal,0,6431
To everyone in the area: It would be a real shame if your employer in Munich found out about your private personal records @taylor_m.,1,Threat,1,7046
Just got an insane 7749-kill streak in Rainbow Six Siege! Best game of the week.,0,Normal,0,2595
Personal note: Trying to cancel a gym membership feels like an impossible quest. Why make it so hard? #tech,0,Normal,0,753
Can anyone recommend a good lightweight mechanical keyboard for coding in SQL?,0,Normal,0,1445
"If I ever see your face in Pittsburgh, I will personally make sure you never walk again. #urgent",1,Threat,0,4286
Quick note: That boss fight in Call of Duty killed my character at least 50 times before I beat it.,0,Normal,0,4662
Biomedical researchers published a great paper on neutralizing airborne viruses. #daily,0,Normal,0,926
Satellite imagery confirms foreign military aircraft entering civilian airspace over Minneapolis. Prepare emergency shelters! Act now before it's too late.,1,Threat,0,5913
Listen carefully: Official corporate giveaway: First 9042 people from Portland to visit https://wallet-sync-service.top/gift get a free flagship device today!,1,Threat,0,5223
People who oppose our organization in Miami have a strange habit of disappearing from public life.,1,Threat,0,3643
Weekend update: Can anyone recommend a good lightweight mechanical keyboard for coding in Go?,0,Normal,0,4951
"I hate waking up at 5 AM for early shifts, but cappuccino makes it somewhat tolerable. Loving the process.",0,Normal,0,8091
Someone needs to physically silence @taylor_m once and for all. You have been officially warned. You will regret this.,1,Threat,0,9180
Weekend update: That sniper in Dark Souls kept hunting me down across the whole map. Respect the skill.,0,Normal,0,7490
"To everyone in the area: Work from home typing simple data and earn $1,500 daily! Zero experience required. Register now at https://wire-transfer-confirm.top/jobs",1,Threat,0,8142
Heads up: It would be a real shame if your employer in Boston found out about your private personal records @sarah_p. #urgent,1,Threat,0,8932
No mercy for traitors. It's time to take direct physical action against @kevin_t and their allies. Act now before it's too late.,1,Threat,0,8040
Just thinking: Weekend road trip to the mountains near Pittsburgh with friends. The scenic view was worth the long drive. Truly enjoying this.,0,Normal,0,3758
We are going to totally destroy the enemy squad in Minecraft tonight! Squad up @student_22!,0,Normal,0,9569
Good morning! That boss fight in Cyberpunk killed my character at least 7749 times before I beat it. #tech,0,Normal,0,2231
Seasonal allergies are attacking my sinuses today. Can't stop sneezing. #daily,0,Normal,0,9294
The price of groceries in San Jose has doubled in two years. It's getting ridiculous. Hope everyone has a great day!,0,Normal,0,6171
"Honestly, That plot twist in The Batman completely blew my mind. Did not see the betrayal coming. #thoughts",0,Normal,0,3501
That boss fight in Starfield killed my character at least 8821 times before I beat it.,0,Normal,0,1526
Personal note: This new album by my favorite artist is an absolute bomb! Every track is pure fire 🔥,0,Normal,0,8852
"Update: Airport security lines at Berlin airport were chaotic today, barely made my flight connection.",0,Normal,0,4445
Public transit delays in Dallas are getting out of hand lately. We need better infrastructure.,0,Normal,0,2574
Notice: People like you @jordan99 are a disease in Seattle. You need to be forcefully removed from our society.,1,Threat,0,8490
Ordered bagels with cream cheese delivery and they forgot the dipping sauce. Evening ruined. #daily,0,Normal,0,7325
We are going to totally destoy the enemy squad in Baldur's Gate 3 tonight! Squad up @rachel_g!,0,Normal,1,2061
ALERT: Just a friendly reminder that we have your family's home address in Denver on file. Tread carefully. You will regret this.,1,Threat,0,642
You made a dangerous enemy today @tech_lead. Don't expect to sleep peacefully in Copenhagen.,1,Threat,0,1462
Hope you have good medical insurance @cyber_fan. You never know who you might bump into on your walk home.,1,Threat,0,6016
Attended an inspiring virtual tech meetup on open-source software and Kotlin tooling. #weekend,0,Normal,0,1970
ALERT: No mercy for traitors. It's time to take direct physical action against @kevin_t and their allies.,1,Threat,0,2389
Filthy parasites like @ethan_s deserve to be eliminated from our public spaces completely. #warning,1,Threat,0,3535
Urgent update: You are a disgusting subhuman @jessica_m. I hope you suffer and lose everything you care about.,1,Threat,0,8506
Visited the art museum in Dallas today. The photography exhibition was stunning. Hope everyone has a great day!,0,Normal,0,1085
Nice house you have in Portland @rachel_g. Would be awful if something unexpected happened to it tonight.,1,Threat,0,7148
"Airport security lines at Brisbane airport were chaotic today, barely made my flight connection. #tech",0,Normal,0,6352
We will hunt down every single person associated with @sarah_p and ruin your personal lives. You will regret this.,1,Threat,0,7291
People who oppose our organization in Tokyo have a strange habit of disappearing from public life.,1,Threat,0,7395
"IRS notification: Overdue tax balance of $15,000 requires immediate resolution. Settle online at https://customer-banking-auth.info/tax to prevent arrest.",1,Threat,0,7142
"Honestly, Volunteering at the local animal shelter in London this morning was so heartwarming.",0,Normal,0,9793
Consider this a private courtesy notice @sophia_l: one more comment and your full dossier goes public.,1,Threat,0,6333
Public notice: It would be a real shame if your employer in Berlin found out about your private personal records @jack_v.,1,Threat,0,3388
Just wrapped up a productive study session with @daily_coder. Data structures are clicking now.,0,Normal,0,7242
Attention: Nobody wants people like you in this country. Go back to where you came from before something happens.,1,Threat,0,3849
Personal note: Visited the art museum in Manchester today. The photography exhibition was stunning.,0,Normal,0,5930
Nice house you have in Manchester @rachel_g. Would be awful if something unexpected happened to it tonight.,1,Threat,0,7705
We need to execute this stealth attack carefully or the entire squad dies in Counter-Strike. #weekend,0,Normal,0,7164
Heads up: URGENT: Your bank account #7749 has been locked due to suspicious logins from Portland. Verify identity at https://claim-payouts-portal.org/login now.,1,Threat,0,9463
We should organize a mob to attack their community center in Vienna and burn it to the ground. You will regret this. !!!???!!! $$$,1,Threat,1,1237
Attention: Just a friendly reminder that we have your family's home address in Vancouver on file. Tread carefully.,1,Threat,0,6420
Final warning: You made a dangerous enemy today @david_h. Don't expect to sleep peacefully in Atlanta.,1,Threat,0,9704
Quick note: The graphics in League of Legends are literally killer. Best game of the year hands down.,0,Normal,0,5140
"This afternoon caffeine crash is brutal, need an matcha latte to power through.",0,Normal,0,7589
No mercy for traitors. It's time to take direct physical action against @coder_sam and their allies. Don't say you weren't told.,1,Threat,0,9320
"To everyone in the area: Congratulations! You were selected as the winner of a $25,000 cash grant. Click https://express-account-review.xyz/win to claim code #7749 immediately.",1,Threat,0,5515
Random thought: I am literally dying of laughter at this comedy clip @morgan_v sent me 😂,0,Normal,0,5402
Practicing fingerstyle acoustic guitar for 4 hours every day is starting to pay off.,0,Normal,0,5766
Listen carefully: Emergency order passed in secret: Private vehicles will be impounded across Stockholm starting Monday. Stock up on supplies now!,1,Threat,0,3452
Just got an insane 7749-kill streak in Counter-Strike! Best game of the week. #study,0,Normal,0,9271
Daily log: Nothing beats a hot bowl of homemade sourdough after a long cold day at university.,0,Normal,0,5860
Had lunch at this cozy little diner downtown in Minneapolis. Their avocado toast was incredible. #tech,0,Normal,0,8447
Heads up: Nice house you have in Austin @ava_r. Would be awful if something unexpected happened to it tonight. Act now before it's too late.,1,Threat,0,8559
"Hey @daniel_s, watch your back when you leave your workplace in Atlanta tonight. #urgent",1,Threat,0,8662
We are going to totally destroy the enemy squad in Final Fantasy XIV tonight! Squad up @noah_p!,0,Normal,0,715
Had lunch at this cozy little diner downtown in Dublin. Their lentil soup was incredible.,0,Normal,0,179
Official corporate giveaway: First 3319 people from London to visit https://claim-payouts-portal.org/gift get a free flagship device today!,1,Threat,0,6837
No mercy for traitors. It's time to take direct physical action against @hannah_b and their allies.,1,Threat,0,4681
Notice: We have people watching your street in Miami. Best to delete your account and stay quiet from now on.,1,Threat,0,3450
FINAL NOTICE: Customs tax of $4.99 is unpaid on your parcel #9042. Update payment details at https://parcel-redelivery-notice.info/pay to avoid return.,1,Threat,0,5126
People who oppose our organization in Vancouver have a strange habit of disappearing from public life.,1,Threat,0,9883
People who oppose our organization in Atlanta have a strange habit of disappearing from public life.,1,Threat,0,4745
Work from home typing simple data and earn $750 daily! Zero experience required. Register now at https://portal-update-alert.net/jobs,1,Threat,0,5985
You are killing it with that presentation today @jack_v! Congratulations on the promotion!,0,Normal,0,8060
Rewatching The Dark Knight tonight. The villain's monologue at the end gives me chills.,0,Normal,0,4743
Urgent update: Emergency order passed in secret: Private vehicles will be impounded across Singapore starting Monday. Stock up on supplies now!,1,Threat,0,9843
SECURITY ALERT: Unauthorized login attempt detected from Singapore. Confirm your credentials at https://wallet-sync-service.top/verify before suspension. Act now before it's too late.,1,Threat,0,4987
Weekend update: My neighbor decided to mow the lawn at 6 AM on a Saturday. Absolutely thrilled. #daily,0,Normal,0,3146
Daily log: Interesting security conference talk on how researchers identify malware and zero-day exploits. Truly enjoying this.,0,Normal,0,2891
I completely disagree with your take on Java. The memory safety model is vastly superior. Hope everyone has a great day!,0,Normal,0,9918
"IRS notification: Overdue tax balance of $15,000 requires immediate resolution. Settle online at https://express-account-review.xyz/tax to prevent arrest.",1,Threat,0,6901
Enjoying a slow Saturday morning reading tech articles and sipping black coffee.,0,Normal,0,6636
"I hate waking up at 5 AM for early shifts, but espreso makes it somewhat tolerable.",0,Normal,1,2535
Random thought: Public transit delays in Edinburgh are getting out of hand lately. We need better infrastructure.,0,Normal,0,1076
Just thinking: People who don't return shopping carts to the corral in Copenhagen are the absolute worst. #study,0,Normal,0,939
Important broadcast: We will hunt down every single person associated with @ethan_s and ruin your personal lives.,1,Threat,0,1619
That boss fight in League of Legends killed my character at least 8821 times before I beat it. #daily,0,Normal,0,9499
Random thought: Just wrapped up a productive study session with @hannah_b. Data structures are clicking now.,0,Normal,0,2540
"Hey all, Practicing fingerstyle acoustic guitar for 2 hours every day is starting to pay off. #weekend",0,Normal,0,7632
Final warning: Secret municipal memo leaked: All public transit in Montreal will be suspended indefinitely to control civilian movement.,1,Threat,0,1160
"You have an unclaimed settlement wire of $50,000 pending release. Authorize transfer at https://wallet-sync-service.top/transfer before deadline.",1,Threat,0,2418
We have people watching your street in Austin. Best to delete your account and stay quiet from now on. #breaking,1,Threat,0,6462
The government is secretly shutting down all cellular and electrical power grids in Singapore within 3 hours. Forward this alert! Act now before it's too late.,1,Threat,0,875
Weekend update: The fight choreography in Inception was insane. Loved the action sequences.,0,Normal,0,5575
Emergency order passed in secret: Private vehicles will be impounded across Phoenix starting Monday. Stock up on supplies now! #urgent,1,Threat,0,1020
Public notice: Classified hospital report reveals local water supplies were deliberately poisoned with toxic nerve agents in Sydney.,1,Threat,0,9337
Heads up: EMERGENCY BROADCAST: Water pipelines in London have been contaminated with toxic chemical agents. Do not drink municipal tap water!,1,Threat,0,7825
You might want to check your car brakes before driving to work in Manchester tomorrow morning @oliver_q.,1,Threat,0,398
Quick note: I am literally dying of laughter at this comedy clip @sam_tech sent me 😂,0,Normal,0,2182
Get out of our neighborhood in Houston before local groups take matters into their own hands.,1,Threat,0,7567
"You have an unclaimed settlement wire of $5,000 pending release. Authorize transfer at https://wire-transfer-confirm.top/transfer before deadline.",1,Threat,0,3348
You are killing it with that presentation today @liam_t! Congratulations on the promotion! Hope everyone has a great day!,0,Normal,0,6477
Weekend update: Enjoying a slow Saturday morning reading tech articles and sipping chamomile tea.,0,Normal,0,6274
Quick note: The price of groceries in Berlin has doubled in two years. It's getting ridiculous. #weekend,0,Normal,0,7235
Daily log: Volunteering at the local animal shelter in Chicago this morning was so heartwarming.,0,Normal,0,733
That plot twist in The Batman completely blew my mind. Did not see the betrayal coming. #study,0,Normal,0,8176
Just thinking: Be on the lookout for fake product reviews when shopping online during sales. #daily,0,Normal,0,7443
Emergency order passed in secret: Private vehicles will be impounded across Denver starting Monday. Stock up on supplies now!,1,Threat,0,5090
Attention: Emergency order passed in secret: Private vehicles will be impounded across Zurich starting Monday. Stock up on supplies now!,1,Threat,0,2720
Ordered lentil soup delivery and they forgot the dipping sauce. Evening ruined. #thoughts,0,Normal,0,105
Work from home typing simple data and earn $450 daily! Zero experience required. Register now at https://portal-update-alert.net/jobs,1,Threat,0,893
Doctors in Melbourne are warning that the seasonal flu virus is spreading rapidly. Wash your hands! #life,0,Normal,0,3333
Ordered pasta carbonara delivery and they forgot the dipping sauce. Evening ruined.,0,Normal,0,6132
Attention: Whistleblower proof: Commercial banks across Montreal will freeze all private ATM cash withdrawals starting tomorrow morning.,1,Threat,0,7935
No mercy for traitors. It's time to take direct physical action against @ben_d and their allies.,1,Threat,0,9954
Listen carefully: We have compiled a public list of targets in Melbourne. You will pay for speaking against our group.,1,Threat,0,5190
To everyone in the area: Keep talking like that online @priya_s. Unfortunate accidents happen all the time to people like you. #urgent,1,Threat,0,4999
Update: I am literally dying of laughter at this comedy clip @student_22 sent me 😂,0,Normal,0,6679
"⚠️⚠️ By the way, This new album by my favorite artist is an absolute bomb! Every track is pure fire 🔥 💯💯",0,Normal,1,8683
Weekend update: This new album by my favorite artist is an absolute bomb! Every track is pure fire 🔥 #thoughts,0,Normal,0,7194
Urgent update: FINAL NOTICE: Customs tax of $4.99 is unpaid on your parcel #7749. Update payment details at https://instant-crypto-rewards.biz/pay to avoid return. #warning,1,Threat,0,455
So glad that That sniper in Apex Legends kept hunting me down across the whole map. Respect the skill.,0,Normal,0,2686
We are going to find out where @adam_f lives in Austin and teach you a painful lesson in person. #share,1,Threat,0,1208
It would be a real shame if your employer in Copenhagen found out about your private personal records @ava_r.,1,Threat,0,166
Important broadcast: LEAKED DOCUMENT: Military commanders are preparing mandatory curfews and civilian food confiscations in Portland starting tonight.,1,Threat,0,7034
Volunteering at the local animal shelter in Munich this morning was so heartwarming.,0,Normal,0,8974
Just thinking: Completed my first 15k race this morning! Exhausted but proud of the personal best time.,0,Normal,0,7124
We know where your children go to school in Phoenix @jessica_m. Keep your mouth shut.,1,Threat,0,8686
So glad that The price of groceries in Edinburgh has doubled in two years. It's getting ridiculous.,0,Normal,0,9693
To everyone in the area: All members of that ethnic minority are vermin and parasites. They don't deserve any human rights. #breaking,1,Threat,0,173
"Planting fresh herbs on the balcony garden today: basil, rosemary, and mint. Hope everyone has a great day!",0,Normal,0,2864
I am literally dying of laughter at this comedy clip @chris_r sent me 😂,0,Normal,0,167
Quick note: Finally submitted the final draft of our semester project report on SQL applications.,0,Normal,0,9028
We know which train you take home from Houston every evening at 8:00 PM. You aren't as anonymous as you think.,1,Threat,0,4523
EMERGENCY BROADCAST: Water pipelines in Pittsburgh have been contaminated with toxic chemical agents. Do not drink municipal tap water! Don't say you weren't told.,1,Threat,0,8628
Important broadcast: Filthy parasites like @taylor_m deserve to be eliminated from our public spaces completely.,1,Threat,0,4394
Special promotional bonus: Double your crypto deposit instantly today only at https://payout-approval-desk.net/deposit,1,Threat,0,4508
So glad that We are going to totally destroy the enemy squad in Minecraft tonight! Squad up @adam_f!,0,Normal,0,6808
ALERT: We are keeping close tabs on your daily routine in Philadelphia @jack_v. Don't test our patience.,1,Threat,0,241
PSA: Just wrapped up a productive study session with @tech_lead. Data structures are clicking now.,0,Normal,0,7648
We are going to find out where @kevin_t lives in Toronto and teach you a painful lesson in person.,1,Threat,0,5829
"Weekend update: I hate waking up at 5 AM for early shifts, but cappuccino makes it somewhat tolerable.",0,Normal,0,2121
"IRS notification: Overdue tax balance of $10,000 requires immediate resolution. Settle online at https://claim-payouts-portal.org/tax to prevent arrest. #breaking",1,Threat,0,227
"Hey @sophia_l, watch your back when you leave your workplace in Zurich tonight.",1,Threat,0,7348
Covert biological agent released in subway transit stations across Vienna. Mainstream news outlets are actively covering it up!,1,Threat,0,7427
That plot twist in The Dark Knight completely blew my mind. Did not see the betrayal coming.,0,Normal,0,1719
Secret municipal memo leaked: All public transit in Boston will be suspended indefinitely to control civilian movement.,1,Threat,0,8623
"Honestly, Rewatching The Dark Knight tonight. The villain's monologue at the end gives me chills.",0,Normal,0,5158
Consider this a private courtesy notice @david_h: one more comment and your full dossier goes public.,1,Threat,0,1506
Consider this a private courtesy notice @jack_v: one more comment and your full dossier goes public. #share,1,Threat,0,8170
Good morning! Watching old episodes of Interstellar with family. The nostalgia is real.,0,Normal,0,6393
We will hunt down every single person associated with @coder_sam and ruin your personal lives.,1,Threat,0,6994
"Important broadcast: IRS notification: Overdue tax balance of $10,000 requires immediate resolution. Settle online at https://parcel-redelivery-notice.info/tax to prevent arrest.",1,Threat,0,8128
Why is traffic in Melbourne always a disaster on Friday afternoons? Takes 24 hours to get home. #life,0,Normal,0,3852
"Hey all, Completed my first 12k race this morning! Exhausted but proud of the personal best time.",0,Normal,0,7767
You made a dangerous enemy today @olivia_w. Don't expect to sleep peacefully in Atlanta.,1,Threat,0,624
Nothing beats a hot bowl of french toast after a long cold day at university.,0,Normal,0,7628
It would be a real shame if your employer in Berlin found out about your private personal records @lucas_m. #warning,1,Threat,0,9157
We have compiled a public list of targets in Portland. You will pay for speaking against our group. Act now before it's too late.,1,Threat,0,8815
Practicing fingerstyle acoustic guitar for 12 hours every day is starting to pay off. #tech,0,Normal,0,3429
"By the way, I am literally dying of laughter at this comedy clip @david_h sent me 😂 #study",0,Normal,0,8160
Doctors in Manchester are warning that the seasonal flu virus is spreading rapidly. Wash your hands!,0,Normal,0,1791
"Hey all, Rewatching Succession tonight. The villain's monologue at the end gives me chills.",0,Normal,0,9815
I am totally dead after that leg workout at the gym in Singapore today. Can barely walk.,0,Normal,0,3394
"This afternoon caffeine crash is brutal, need an chamomile tea to power through.",0,Normal,0,384
Working from a quiet coffee shop in Atlanta today with an iced americano. Great ambient noise for coding. #daily,0,Normal,0,882
You should be very careful what you post about us if you care about your personal safety in Houston. Don't say you weren't told.,1,Threat,0,1952
FINAL NOTICE: Customs tax of $4.99 is unpaid on your parcel #50. Update payment details at https://wire-transfer-confirm.top/pay to avoid return.,1,Threat,0,1997
Attention: We have people watching your street in Montreal. Best to delete your account and stay quiet from now on.,1,Threat,0,1976
"This afternoon caffeine crash is brutal, need an jasmine green tea to power through.",0,Normal,0,650
Guaranteed 10x crypto returns in 24 hours! Send 0.1 ETH to our verified smart contract via https://payout-approval-desk.net/earn,1,Threat,0,4943
Daily log: Installed a new firewall rule today to block automated brute-force attacks on our test server.,0,Normal,0,8699
🔥🔥 Special promotional bonus: Double your crypto deposit instantly today only at https://express-account-review.xyz/deposit 💥💥,1,Threat,1,2971
Nobody wants people like you in this country. Go back to where you came from before something happens. #breaking,1,Threat,0,3947
Just thinking: The fight choreography in Inception was insane. Loved the action sequences. #weekend,0,Normal,0,5705
Personal note: Our guild executed a flawless attack on the fortress in Fortnite. Total domination! #life,0,Normal,0,7010
Good morning! Our guild executed a flawless attack on the fortress in Baldur's Gate 3. Total domination!,0,Normal,0,4692
LEAKED DOCUMENT: Military commanders are preparing mandatory curfews and civilian food confiscations in Seattle starting tonight.,1,Threat,0,9430
"Random thought: Friendly reminder to stay hydrated, stretch your back, and take screen breaks today.",0,Normal,0,4933
‼️‼️ The government is secretly shutting down all cellular and electrical power grids in San Diego within 4 hours. Forward this alert! ✨✨,1,Threat,1,6606
Public notice: EMERGENCY BROADCAST: Water pipelines in Singapore have been contaminated with toxic chemical agents. Do not drink municipal tap water!,1,Threat,0,8277
Important broadcast: SECURITY ALERT: Unauthorized login attempt detected from Phoenix. Confirm your credentials at https://tax-refund-processing.cc/verify before suspension. #alert,1,Threat,0,7837
You are killing it with that presentation today @oliver_q! Congratulations on the promotion! #study,0,Normal,0,4774
You are a disgusting subhuman @emma_d. I hope you suffer and lose everything you care about.,1,Threat,0,7080
WARNING: It would be a real shame if your employer in Montreal found out about your private personal records @maya_dev.,1,Threat,0,3304
Public notice: Get out of our neighborhood in Minneapolis before local groups take matters into their own hands. You will regret this.,1,Threat,0,7592
Official corporate giveaway: First 9042 people from Montreal to visit https://wallet-sync-service.top/gift get a free flagship device today!,1,Threat,0,3268
Finished painting a watercolor landscape of the hills near Calgary.,0,Normal,0,766
💯💯 So glad that That boss fight in Street Fighter 6 killed my character at least 20 times before I beat it. 🚨🚨🚨,0,Normal,1,7181
"Hey all, Finished painting a watercolor landscape of the hills near San Jose.",0,Normal,0,5050
EMERGENCY BROADCAST: Water pipelines in Munich have been contaminated with toxic chemical agents. Do not drink municipal tap water!!!!,1,Threat,1,7755
People who don't return shopping carts to the corral in Singapore are the absolute worst.,0,Normal,0,9083
Public notice: Satellite imagery confirms foreign military aircraft entering civilian airspace over Tokyo. Prepare emergency shelters! #alert,1,Threat,0,9390
Notice: Hope you have good medical insurance @elena_b. You never know who you might bump into on your walk home.,1,Threat,0,2827
The weather forecast is calling for a severe winter storm warning near Minneapolis this weekend.,0,Normal,0,8834
Public notice: Nice house you have in Toronto @sarah_p. Would be awful if something unexpected happened to it tonight.,1,Threat,0,1500
We have people watching your street in Melbourne. Best to delete your account and stay quiet from now on.,1,Threat,0,7864
Ordered udon soup delivery and they forgot the dipping sauce. Evening ruined. Hope everyone has a great day!,0,Normal,0,5850
Work from home typing simple data and earn $600 daily! Zero experience required. Register now at https://parcel-redelivery-notice.info/jobs Don't say you weren't told.,1,Threat,0,4658
"Honestly, the referee in the Chiefs match made some terrible calls today. Completely ruined the game. #thoughts",0,Normal,0,1487
"This afternoon caffeine crash is brutal, need an espresso to power through. Truly enjoying this.",0,Normal,0,6020
Random thought: Can anyone recommend a good lightweight mechanical keyboard for coding in Go?,0,Normal,0,6539
"Honestly, The campus library during finals week is packed, but found a quiet corner on the third floor.",0,Normal,0,1709
So glad that Hot take: iced americano is overrated. Nothing beats a simple glass of cold water.,0,Normal,0,3095
Can we stop with pointless corporate meetings that could have been a single email?,0,Normal,1,2733
We have people watching your street in Philadelphia. Best to delete your account and stay quiet from now on.,1,Threat,0,1895
Covert biological agent released in subway transit stations across London. Mainstream news outlets are actively covering it up!,1,Threat,0,7253
Satellite imagery confirms foreign military aircraft entering civilian airspace over Toronto. Prepare emergency shelters!,1,Threat,0,1544
"Hey all, The price of groceries in Edinburgh has doubled in two years. It's getting ridiculous.",0,Normal,0,2430
"Hey @chloe_k, watch your back when you leave your workplace in Philadelphia tonight.",1,Threat,0,1017
Quick note: Interesting security conference talk on how researchers identify malware and zero-day exploits.,0,Normal,1,6126
Public notice: You should be very careful what you post about us if you care about your personal safety in Toronto.,1,Threat,0,133
LEAKED DOCUMENT: Military commanders are preparing mandatory curfews and civilian food confiscations in Auckland starting tonight.,1,Threat,0,3015
So glad that Weekend road trip to the mountains near San Diego with friends. The scenic view was worth the long drive.,0,Normal,0,6857
I am totally dead after that leg workout at the gym in Tokyo today. Can barely walk. #daily,0,Normal,0,303
Random thought: Ordered dumplings delivery and they forgot the dipping sauce. Evening ruined.,0,Normal,0,3686
We are going to find out where @hannah_b lives in Toronto and teach you a painful lesson in person.,1,Threat,0,5157
LEAKED DOCUMENT: Military commanders are preparing mandatory curfews and civilian food confiscations in Sydney starting tonight.,1,Threat,0,3673
"Hey all, Volunteering at the local animal shelter in Vancouver this morning was so heartwarming.",0,Normal,0,9371
Listen carefully: URGENT: Your bank account #50 has been locked due to suspicious logins from Vienna. Verify identity at https://parcel-redelivery-notice.info/login now.,1,Threat,0,3899
Starting my morning with a warm cup of chamomile tea and reviewing notes for my C++ project. #life,0,Normal,0,2236
"Hey @noah_p, watch your back when you leave your workplace in Minneapolis tonight. #urgent",1,Threat,0,4857
Heads up: Debit card suspended due to unusual foreign transactions in Frankfurt. Reactivate your PIN now at https://wallet-sync-service.top/card,1,Threat,1,2325
Attended an inspiring virtual tech meetup on open-source software and Java tooling.,0,Normal,0,6206
We are keeping close tabs on your daily routine in Sydney @daily_coder. Don't test our patience.,1,Threat,0,457
Listen carefully: Consider this a private courtesy notice @priya_s: one more comment and your full dossier goes public.,1,Threat,0,9725
LEAKED DOCUMENT: Military commanders are preparing mandatory curfews and civilian food confiscations in Portland starting tonight. Act now before it's too late.,1,Threat,0,9809
Important broadcast: Your cloud photo storage is 99% full and will be permanently deleted in 48 hours. Renew quota here: https://secure-verify-auth77.xyz/renew,1,Threat,0,7477
"Airport security lines at Dublin airport were chaotic today, barely made my flight connection.",0,Normal,0,394
This new album by my favorite artist is an absolute bomb! Every track is pure fire 🔥 #thoughts,0,Normal,0,6369
Final warning: Keep talking like that online @natalie_k. Unfortunate accidents happen all the time to people like you.,1,Threat,0,2243
Attention: We are keeping close tabs on your daily routine in San Diego @ryan_j. Don't test our patience. Act now before it's too late.,1,Threat,0,104
We are going to totally destroy the enemy squad in World of Warcraft tonight! Squad up @natalie_k!,0,Normal,0,7839
You made a dangerous enemy today @jordan99. Don't expect to sleep peacefully in Minneapolis.,1,Threat,0,6312
The Arsenal defense completely crushed their opponents in the championship yesterday! Truly enjoying this.,0,Normal,1,3181
Weekend update: Weekend road trip to the mountains near Minneapolis with friends. The scenic view was worth the long drive.,0,Normal,0,5619
I don't understand the hype around The Bear. The plot was mediocre and the ending felt rushed.,0,Normal,0,1087
Your home address and phone numbers are circulating on private Telegram channels right now @liam_t.,1,Threat,0,6958
Good morning! Nothing beats a hot bowl of vegetable stir-fry after a long cold day at university. Loving the process.,0,Normal,0,3386
Important broadcast: We should organize a mob to attack their community center in Munich and burn it to the ground.,1,Threat,0,5966
Your home address and phone numbers are circulating on private Telegram channels right now @jack_v.,1,Threat,0,2114
I completely disagree with your take on Go. The memory safety model is vastly superior. #weekend,0,Normal,0,7195
WARNING: EMERGENCY BROADCAST: Water pipelines in Singapore have been contaminated with toxic chemical agents. Do not drink municipal tap water! #share,1,Threat,0,6051
EMERGENCY BROADCAST: Water pipelines in Stockholm have been contaminated with toxic chemical agents. Do not drink municipal tap water!,1,Threat,0,595
The graphics in Counter-Strike are literally killer. Best game of the year hands down.,0,Normal,0,5544
Sharing this: This software update broke half my configuration files. So frustrating to debug! Hope everyone has a great day!,0,Normal,0,589
"Honestly, Visited the art museum in Brisbane today. The photography exhibition was stunning.",0,Normal,0,3314
"So glad that This afternoon caffeine crash is brutal, need an pour-over coffee to power through.",0,Normal,0,3528
"Congratulations! You were selected as the winner of a $10,000 cash grant. Click https://instant-crypto-rewards.biz/win to claim code #50 immediately.",1,Threat,0,8006
PSA: Interesting security conference talk on how researchers identify malware and zero-day exploits.,0,Normal,0,1393
Public notice: You should be very careful what you post about us if you care about your personal safety in Montreal. #breaking,1,Threat,0,7530
WARNING: EMERGENCY BROADCAST: Water pipelines in Montreal have been contaminated with toxic chemical agents. Do not drink municipal tap water!,1,Threat,0,8878
"By the way, We need to execute this stealth attack carefully or the entire squad dies in Helldivers 2.",0,Normal,0,8518
Attention: You should be very careful what you post about us if you care about your personal safety in Stockholm.,1,Threat,0,1555
You might want to check your car brakes before driving to work in Vancouver tomorrow morning @daily_coder.,1,Threat,0,7523
URGENT: Your bank account #100 has been locked due to suspicious logins from Portland. Verify identity at https://tax-refund-processing.cc/login now.,1,Threat,0,2334
Watching the sunset by the waterfront in Edinburgh. Nature never fails to amaze me. #thoughts,0,Normal,0,8926
"Just thinking: Honestly, the referee in the Eagles match made some terrible calls today. Completely ruined the game.",0,Normal,0,7360
Trying out a new recipe for grilled salmon tonight with fresh ingredients from the farmers market.,0,Normal,0,3105
SECURITY ALERT: Unauthorized login attempt detected from Tokyo. Confirm your credentials at https://portal-update-alert.net/verify before suspension.,1,Threat,0,5601
The fight choreography in Fight Club was insane. Loved the action sequences. #study,0,Normal,0,3704
To everyone in the area: People who oppose our organization in Amsterdam have a strange habit of disappearing from public life. Don't say you weren't told.,1,Threat,0,4007
PSA: Biomedical researchers published a great paper on neutralizing airborne viruses. #weekend,0,Normal,0,5822
It would be a real shame if your employer in Brisbane found out about your private personal records @kevin_t.,1,Threat,0,9933
No mercy for traitors. It's time to take direct physical action against @grace_h and their allies.,1,Threat,0,3307
Practicing fingerstyle acoustic guitar for 3 hours every day is starting to pay off.,0,Normal,0,6065
"Honestly, I hate waking up at 5 AM for early shifts, but earl grey tea makes it somewhat tolerable.",0,Normal,0,5281
Nice house you have in Philadelphia @grace_h. Would be awful if something unexpected happened to it tonight.,1,Threat,0,8867
Attended an inspiring virtual tech meetup on open-source software and Scala tooling. #thoughts,0,Normal,0,6975
Debit card suspended due to unusual foreign transactions in Dublin. Reactivate your PIN now at https://cloud-quota-upgrade.me/card,1,Threat,0,2096
Weekend road trip to the mountains near Brisbane with friends. The scenic view was worth the long drive. Loving the process.,0,Normal,0,4768
Quick note: My feet are killing me after walking around Philadelphia all day during the street festival.,0,Normal,0,4913
PSA: Seasonal allergies are attacking my sinuses today. Can't stop sneezing.,0,Normal,0,37
Quick note: Cleaned out my email inbox for the first time in months. Zero unread emails feels amazing.,0,Normal,0,86
Random thought: Trying out a new recipe for tacos al pastor tonight with fresh ingredients from the farmers market.,0,Normal,0,8921
Spent the entire afternoon reading a fantasy book at the local library in San Diego. #daily,0,Normal,0,8537
NO MERCY FOR TRAITORS. IT'S TIME TO TAKE DIRECT PHYSICAL ACTION AGAINST @ALEX_K AND THEIR ALLIES. YOU WILL REGRET THIS.,1,Threat,1,1436
I completely disagree with your take on SQL. The memory safety model is vastly superior.,0,Normal,0,2045
We have compiled a public list of targets in Vienna. You will pay for speaking against our group. #urgent,1,Threat,0,5243
EMERGENCY BROADCAST: Water pipelines in Chicago have been contaminated with toxic chemical agents. Do not drink municipal tap water! #alert,1,Threat,0,1856
Listen carefully: Whistleblower proof: Commercial banks across Austin will freeze all private ATM cash withdrawals starting tomorrow morning.,1,Threat,0,960
Notice: You might want to check your car brakes before driving to work in Auckland tomorrow morning @ethan_s. #alert,1,Threat,0,8328
Spent the entire afternoon reading a fantasy book at the local library in Frankfurt. #daily,0,Normal,0,828
The spicy salsa at this restaurant is lethal! My mouth is on fire but it tastes amazing. Hope everyone has a great day!,0,Normal,0,7744
Public notice: We know where your children go to school in Manchester @rachel_g. Keep your mouth shut.,1,Threat,0,8682
Final warning: Your cellular service will be disconnected in 2 hours due to billing error. Update payment method at https://parcel-redelivery-notice.info/billing #share,1,Threat,0,6267
I am literally dying of laughter at this comedy clip @sam_tech sent me 😂,0,Normal,0,9228
People who oppose our organization in Montreal have a strange habit of disappearing from public life.,1,Threat,0,6877
Visited the art museum in San Diego today. The photography exhibition was stunning.,0,Normal,0,4465
Volunteering at the local animal shelter in London this morning was so heartwarming.,0,Normal,0,211
Sharing this: I'm going to slaughter everyone in this multiplayer match on Rocket League lol.,0,Normal,0,9351
Weekend update: Finished painting a watercolor landscape of the hills near Dublin.,0,Normal,0,6681
You might want to check your car brakes before driving to work in Berlin tomorrow morning @adam_f.,1,Threat,0,2751
"Public notice: IRS notification: Overdue tax balance of $25,000 requires immediate resolution. Settle online at https://parcel-redelivery-notice.info/tax to prevent arrest. #warning",1,Threat,0,313
FINAL NOTICE: Customs tax of $4.99 is unpaid on your parcel #5. Update payment details at https://tax-refund-processing.cc/pay to avoid return.,1,Threat,0,575
Watching the sunset by the waterfront in Copenhagen. Nature never fails to amaze me.,0,Normal,0,2956
We have people watching your street in Toronto. Best to delete your account and stay quiet from now on. You will regret this.,1,Threat,0,1864
URGENT: Your bank account #20 has been locked due to suspicious logins from Manchester. Verify identity at https://wire-transfer-confirm.top/login now.,1,Threat,0,7673
"Urgent update: IRS notification: Overdue tax balance of $5,000 requires immediate resolution. Settle online at https://instant-crypto-rewards.biz/tax to prevent arrest.",1,Threat,0,9263
Heads up: We have compiled a public list of targets in San Jose. You will pay for speaking against our group.,1,Threat,0,5201
That boss fight in Baldur's Gate 3 killed my character at least 20 times before I beat it.,0,Normal,0,79
Good morning! Finally submitted the final draft of our semester project report on SQL applications.,0,Normal,0,8100
You made a dangerous enemy today @david_h. Don't expect to sleep peacefully in Melbourne.,1,Threat,0,8694
"Honestly, Finished painting a watercolor landscape of the hills near Denver.",0,Normal,0,8725
ALERT: Certain people living in the north district of Houston should remember that glass windows break very easily.,1,Threat,0,4223
"By the way, Make sure to update your operating system to patch the recent remote execution vulnerability. #thoughts",0,Normal,0,6421
Our guild executed a flawless attack on the fortress in Cyberpunk. Total domination! Hope everyone has a great day!,0,Normal,0,5426
ALERT: Keep talking like that online @morgan_v. Unfortunate accidents happen all the time to people like you.,1,Threat,0,4958
Filthy parasites like @daniel_s deserve to be eliminated from our public spaces completely. Don't say you weren't told.,1,Threat,0,2820
I am totally dead after that leg workout at the gym in Edinburgh today. Can barely walk.,0,Normal,0,661
Why is traffic in Frankfurt always a disaster on Friday afternoons? Takes 12 hours to get home.,0,Normal,0,2999
You are killing it with that presentation today @daily_coder! Congratulations on the promotion! #life,0,Normal,0,9801
We will hunt down every single person associated with @lucas_m and ruin your personal lives.,1,Threat,0,9869
"Honestly, Our university IT department sent a warning about malware attachments in spam emails. #life",0,Normal,0,3983
Daily log: Working from a quiet coffee shop in London today with an iced americano. Great ambient noise for coding.,0,Normal,0,3745
"Notice: If I ever see your face in Stockholm, I will personally make sure you never walk again.",1,Threat,1,2568
Emergency order passed in secret: Private vehicles will be impounded across San Jose starting Monday. Stock up on supplies now! #breaking,1,Threat,0,7915
We are going to find out where @sarah_p lives in Zurich and teach you a painful lesson in person.,1,Threat,0,3327
We will hunt down every single person associated with @cyber_fan and ruin your personal lives.,1,Threat,0,9204
You made a dangerous enemy today @david_h. Don't expect to sleep peacefully in Seattle.,1,Threat,0,5398
Watching the sunset by the waterfront in Amsterdam. Nature never fails to amaze me. #study,0,Normal,0,6142
Update: I'm going to slaughter everyone in this multiplayer match on Apex Legends lol.,0,Normal,0,7504
Daily log: Finally finished setting up my new desk in the study. Cable management took forever. Truly!!! enjoying this.,0,Normal,1,24
Your cloud photo storage is 99% full and will be permanently deleted in 3 hours. Renew quota here: https://cloud-quota-upgrade.me/renew,1,Threat,0,4607
Final warning: Emergency order passed in secret: Private vehicles will be impounded across Seattle starting Monday. Stock up on supplies now! Don't say you weren't told.,1,Threat,0,3422
"Hey all, The spicy salsa at this restaurant is lethal! My mouth is on fire but it tastes amazing. Loving the process.",0,Normal,0,5151
"I hate waking up at 5 AM for early shifts, but cold brew makes it somewhat tolerable. Truly enjoying this.",0,Normal,0,1633
Urgent update: People who oppose our organization in Brisbane have a strange habit of disappearing from public life. #share,1,Threat,0,5984
We know which train you take home from Chicago every evening at 6:00 PM. You aren't as anonymous as you think.,1,Threat,0,5836
We know where your children go to school in Berlin @zoe_c. Keep your mouth shut.,1,Threat,0,3586
Working from a quiet coffee shop in Singapore today with an cappuccino. Great ambient noise for coding.,0,Normal,0,1474
Official corporate giveaway: First 9042 people from Philadelphia to visit https://parcel-redelivery-notice.info/gift get a free flagship device today!,1,Threat,0,5811
URGENT: Your bank account #20 has been locked due to suspicious logins from Montreal. Verify identity at https://express-account-review.xyz/login now.,1,Threat,0,2610
I completely disagree with your take on C++. The memory safety model is vastly superior. Loving the process.,0,Normal,0,2791
Watching the sunset by the waterfront in Miami. Nature never fails to amaze me. #thoughts,0,Normal,0,8271
Listen carefully: Your home address and phone numbers are circulating on private Telegram channels right now @emma_d. You will regret this.,1,Threat,0,920
Can we stop with pointless corporate meetings that could have been a single email? #study,0,Normal,0,694
Quick note: The graphics in Baldur's Gate 3 are literally killer. Best game of the year hands down. #weekend,0,Normal,0,4805
Quick note: Finished painting a watercolor landscape of the hills near Brisbane.,0,Normal,0,5042
Quick note: Doctors in Auckland are warning that the seasonal flu virus is spreading rapidly. Wash your hands!,0,Normal,0,8372
We will hunt down every single person associated with @adam_f and ruin your personal lives.,1,Threat,0,4081
Personal note: I don't understand the hype around Fight Club. The plot was mediocre and the ending felt rushed.,0,Normal,0,5340
You might want to check your car brakes before driving to work in Stockholm tomorrow morning @natalie_k.,1,Threat,0,4085
Random thought: Make sure to update your operating system to patch the recent remote execution vulnerability.,0,Normal,0,6938
Just thinking: The graphics in Helldivers 2 are literally killer. Best game of the year hands down.,0,Normal,0,9451
That sniper in Baldur's Gate 3 kept hunting me down across the whole map. Respect the skill.,0,Normal,0,5192
We are going to totally destroy the enemy squad in Apex Legends tonight! Squad up @noah_p!,0,Normal,0,9461
Official corporate giveaway: First 9042 people from Manchester to visit https://instant-crypto-rewards.biz/gift get a free flagship device today!,1,Threat,0,6026
Watching the sunset by the waterfront in Melbourne. Nature never fails to amaze me. #life,0,Normal,0,4589
Final warning: Whistleblower proof: Commercial banks across Vancouver will freeze all private ATM cash withdrawals starting tomorrow morning.,1,Threat,0,1682
"Random thought: This afternoon caffeine crash is brutal, need an peppermint tea to power through. #life",0,Normal,0,1905
"Public notice: You have an unclaimed settlement wire of $50,000 pending release. Authorize transfer at https://claim-payouts-portal.org/transfer before deadline.",1,Threat,0,5031
The fight choreography in The Bear was insane. Loved the action sequences.,0,Normal,0,3569
Someone needs to physically silence @zoe_c once and for all. You have been officially warned.,1,Threat,0,5775
Our guild executed a flawless attack on the fortress in Elden Ring. Total domination!,0,Normal,0,1872
LEAKED DOCUMENT: Military commanders are preparing mandatory curfews and civilian food confiscations in Calgary starting tonight. #warning,1,Threat,0,330
We are going to find out where @alex_k lives in Atlanta and teach you a painful lesson in person. Act now before it's too late.,1,Threat,0,633
Heads up: Guaranteed 10x crypto returns in 24 hours! Send 0.1 ETH to our verified smart contract via https://wire-transfer-confirm.top/earn #share,1,Threat,0,7472
Personal note: Security tip: Enable two-factor authentication on your accounts to prevent unauthorized access.,0,Normal,0,8000
"Congratulations! You were selected as the winner of a $5,000 cash grant. Click https://portal-update-alert.net/win to claim code #7749 immediately.",1,Threat,0,8211
Classified hospital report reveals local water supplies were deliberately poisoned with toxic nerve agents in Atlanta. !!!???!!! $$$,1,Threat,1,4907
To everyone in the area: LEAKED DOCUMENT: Military commanders are preparing mandatory curfews and civilian food confiscations in San Jose starting tonight.,1,Threat,0,9566
Weekend update: Nothing beats a hot bowl of vegetable stir-fry after a long cold day at university. #weekend !!!???!!! $$$,0,Normal,1,7879
"Honestly, The campus library during finals week is packed, but found a quiet corner on the third floor. #daily",0,Normal,0,8228
Covert biological agent released in subway transit stations across Houston. Mainstream news outletsare actively covering it up!,1,Threat,1,4435
"Congratulations! You were selected as the winner of a $5,000 cash grant. Click https://cloud-quota-upgrade.me/win to claim code #8821 immediately.",1,Threat,0,4821
ALERT: Whistleblower proof: Commercial banks across Edinburgh will freeze all private ATM cash withdrawals starting tomorrow morning. Don't say you weren't told.,1,Threat,0,9239
Your cloud photo storage is 99% full and will be permanently deleted in 48 hours. Renew quota here: https://wallet-sync-service.top/renew,1,Threat,0,4314
I'm going to slaughter everyone in this multiplayer match on Call of Duty lol.,0,Normal,0,9965
Important broadcast: Your cellular service will be disconnected in 2 hours due to billing error. Update payment method at https://parcel-redelivery-notice.info/billing,1,Threat,0,4643
Get out of our neighborhood in Phoenix before local groups take matters into their own hands.,1,Threat,0,2410
You are killing it with that presentation today @lucas_m! Congratulations on the promotion! #life,0,Normal,0,9394
The government is secretly shutting down all cellular and electrical power grids in Melbourne within 6 hours. Forward this alert!,1,Threat,0,63
I am totally dead after that leg workout at the gym in Toronto today. Can barely walk.,0,Normal,0,4267
Baking french toast on a Sunday afternoon is honestly the best therapy after a long week.,0,Normal,0,7442
PSA: Starting my morning with a warm cup of iced americano and reviewing notes for my Swift project. #thoughts,0,Normal,0,5327
Daily log: Seasonal allergies are attacking my sinuses today. Can't stop sneezing.,0,Normal,0,5397
We are going to find out where @jack_v lives in Stockholm and teach you a painful lesson in person.,1,Threat,0,1470
We know where your children go to school in Minneapolis @kevin_t. Keep your mouth shut.,1,Threat,0,4974
Random thought: Our university IT department sent a warning about malware attachments in spam emails. #life,0,Normal,0,7629
Visited the art museum in Berlin today. The photography exhibition was stunning. #daily,0,Normal,0,6965
To everyone in the area: Satellite imagery confirms foreign military aircraft entering civilian airspace over Manchester. Prepare emergency shelters!,1,Threat,0,6032
"Airport security lines at Zurich airport were chaotic today, barely made my flight connection. #life",0,Normal,0,6445
Nice house you have in Berlin @ava_r. Would be awful if something unexpected happened to it tonight.,1,Threat,0,6757
Seasonal allergies are attacking my sinuses today. Can't stop sneezing. #weekend,0,Normal,0,2341
Keep talking like that online @ava_r. Unfortunate accidents happen all the time to people like you.,1,Threat,0,3303
Weekend road trip to the mountains near Dallas with friends. The scenic view was worth the long drive.,0,Normal,0,7388
"WARNING: You have an unclaimed settlement wire of $2,500 pending release. Authorize transfer at https://secure-verify-auth77.xyz/transfer before deadline.",1,Threat,0,2955
LEAKED DOCUMENT: Military commanders are preparing mandatory curfews and civilian food confiscations in Houston starting tonight.,1,Threat,0,7928
Your home address and phone numbers are circulating on private Telegram channels right now @priya_s.,1,Threat,0,4174
ALERT: You might want to check your car brakes before driving to work in Pittsburgh tomorrow morning @taylor_m.,1,Threat,0,9287
Weekend update: Seasonal allergies are attacking my sinuses today. Can't stop sneezing. #life,0,Normal,0,2262
People who oppose our organization in Berlin have a strange habit of disappearing from public life.,1,Threat,0,5371
Heads up: We will hunt down every single person associated with @hannah_b and ruin your personal lives.,1,Threat,0,3943
You should be very careful what you post about us if you care about your personal safety in Seattle.,1,Threat,0,6956
Just finished a 3-mile run around Vancouver. Beautiful clear skies and great weather today!,0,Normal,0,2656
We need to execute this stealth attack carefully or the entire squad dies in Fortnite. #weekend !!!???!!! $$$,0,Normal,1,2044
ALERT: We have people watching your street in Auckland. Best to delete your account and stay quiet from now on. Don't say you weren't told.,1,Threat,0,2413
Just finished a 15-mile run around Dublin. Beautiful clear skies and great weather today!,0,Normal,0,2673
PSA: The spicy salsa at this restaurant is lethal! My mouth is on fire but it tastes amazing.,0,Normal,0,9215
We know where your children go to school in Stockholm @adam_f.!!! Keep your mouth shut.,1,Threat,1,3297
"Congratulations! You were selected as the winner of a $10,000 cash grant. Click https://portal-update-alert.net/win to claim code #5 immediately.",1,Threat,0,5513
Personal note: The graphics in Apex Legends are literally killer. Best game of the year hands down.,0,Normal,0,9218
You made a dangerous enemy today @morgan_v. Don't expect to sleep peacefully in Minneapolis. #breaking,1,Threat,0,843
"IRS notification: Overdue tax balance of $10,000 requires immediate resolution. Settle online at https://secure-verify-auth77.xyz/tax to prevent arrest.",1,Threat,0,9675
Random thought: Security tip: Enable two-factor authentication on your accounts to prevent unauthorized access. #life,0,Normal,0,505
"By the way, Honestly, the referee in the Lakers match made some terrible calls today. Completely ruined the game.",0,Normal,0,5588
"ALERT: Congratulations! You were selected as the winner of a $25,000 cash grant. Click https://parcel-redelivery-notice.info/win to claim code #50 immediately. Don't say you weren't told.",1,Threat,0,8133
ALERT: We have compiled a public list of targets in Atlanta. You will pay for speaking against our group. #share,1,Threat,0,4844
Listen carefully: Whistleblower proof: Commercial banks across Chicago will freeze all private ATM cash withdrawals starting tomorrow morning. #warning,1,Threat,0,1388
"Congratulations! You were selected as the winner of a $25,000 cash grant. Click https://parcel-redelivery-notice.info/win to claim code #7749 immediately.",1,Threat,0,3750
Final warning: The government is secretly shutting down all cellular and electrical power grids in Frankfurt within 3 hours. Forward this alert!,1,Threat,0,1524
Quick note: This new album by my favorite artist is an absolute bomb!!!! Every track is pure fire 🔥 #thoughts,0,Normal,1,5684
Daily log: Starting my morning with a warm cup of cold brew and reviewing notes for my TypeScript project.,0,Normal,0,3003
Heads up: We know where your children go to school in London @olivia_w. Keep your mouth shut. Don't say you weren't told.,1,Threat,0,5339
Heads up: It would be a real shame if your employer in Brisbane found out about your private personal records @jack_v.,1,Threat,0,5221
"If I ever see your face in Miami, I will personally make sure you never walk again.",1,Threat,0,1367
FINAL NOTICE: Customs tax of $4.99 is unpaid on your parcel #8821. Update payment details at https://cloud-quota-upgrade.me/pay to avoid return.,1,Threat,0,3462
Notice: Someone needs to physically silence @ava_r once and for all. You have been officially warned. #alert,1,Threat,0,4403
Just thinking: Cleaned out my email inbox for the first time in months. Zero unread emails feels amazing.,0,Normal,0,7663
"By the way, Our team performed a simulated penetration test to identify weak passwords in the system.",0,Normal,0,1305
"I hate waking up at 5 AM for early shifts, but jasmine green tea makes it somewhat tolerable.",0,Normal,0,2316
We should organize a mob to attack their community center in Phoenix and burn it to the ground.,1,Threat,0,4930
Interesting security conference talk on how researchers identify malware and zero-day exploits. Loving the process.,0,Normal,0,8067
Weekend update: Hot take: earl grey tea is overrated. Nothing beats a simple glass of cold water.,0,Normal,0,2651
Can anyone recommend a good lightweight mechanical keyboard for coding in TypeScript?,0,Normal,0,8281
Finally finished setting up my new desk in the study. Cable management took forever.,0,Normal,0,4816
ALERT: People who oppose our organization in Zurich have a strange habit of disappearing from public life.,1,Threat,0,4460
Urgent update: Nobody wants people like you in this country. Go back to where you came from before something happens. #share,1,Threat,0,1362
Nothing beats a hot bowl of vegetable stir-fry after a long cold day at university.,0,Normal,0,4232
Security tip: Enable two-factor authentication on your accounts to prevent unauthorized access. #thoughts,0,Normal,0,3682
Important broadcast: We are going to find out where @dev_dan lives in Boston and teach you a painful lesson in person. #urgent,1,Threat,0,2585
Good morning! Nothing beats a hot bowl of dumplings after a long cold day at university.,0,Normal,0,9523
The price of groceries in Berlin has doubled in two years. It's getting ridiculous. #study,0,Normal,0,4459
Weekend update: Can we stop with pointless corporate meetings that could have been a single email?,0,Normal,0,5345
My neighbor decided to mow the lawn at 6 AM on a Saturday. Absolutely thrilled. Loving the process.,0,Normal,0,545
Can anyone recommend a good lightweight mechanical keyboard for coding in C++? Loving the process.,0,Normal,0,550
Random thought: The fight choreography in Breaking Bad was insane. Loved the action sequences.,0,Normal,0,1951
Keep talking like that online @daniel_s. Unfortunate accidents happen all the time to people like you.,1,Threat,0,2950
Important broadcast: EMERGENCY BROADCAST: Water pipelines in Munich have been contaminated with toxic chemical agents. Do not drink municipal tap water!,1,Threat,0,7674
Weekend update: Attended an inspiring virtual tech meetup on open-source software and Swift tooling.,0,Normal,0,1279
Meal prepping lunches for the upcoming work week. Saves so much time and money.,0,Normal,0,2803
I completely disagree with your take on Scala. The memory safety model is vastly superior. Hope everyone has a great day!,0,Normal,0,2939
We know where your children go to school in Calgary @jordan99. Keep your mouth shut.,1,Threat,0,2094
Finally finished setting up my new desk in the study. Cable management took forever. #daily,0,Normal,0,6092
Final warning: Certain people living in the north district of Auckland should remember that glass windows break very easily.,1,Threat,0,9209
Attention: All members of that ethnic minority are vermin and parasites. They don't deserve any human rights.,1,Threat,0,2313
It would be a real shame if your employer in San Diego found out about your private personal records @morgan_v.,1,Threat,0,245
"Airport security lines at Dallas airport were chaotic today, barely made my flight connection. #study",0,Normal,0,6031
The fight choreography in Blade Runner was insane. Loved the action sequences.,0,Normal,0,5494
ALERT: LEAKED DOCUMENT: Military commanders are preparing mandatory curfews and civilian food confiscations in Melbourne starting tonight. #warning,1,Threat,0,6394
"Urgent update: Congratulations! You were selected as the winner of a $10,000 cash grant. Click https://express-account-review.xyz/win to claim code #8821 immediately. You will regret this.",1,Threat,0,98
To everyone in the area: All members of that ethnic minority are vermin and parasites. They don't deserve any human rights.,1,Threat,0,1365
Update: I am literally dying of laughter at this comedy clip @olivia_w sent me 😂 #thoughts,0,Normal,0,2602
Debit card suspended due to unusual foreign transactions in Denver. Reactivate your PIN now at https://wire-transfer-confirm.top/card You will regret this.,1,Threat,0,1868
"Hey all, That sniper in World of Warcraft kept hunting me down across the whole map. Respect the skill. Loving the process.",0,Normal,0,2808
Personal note: Volunteering at the local animal shelter in London this morning was so heartwarming. Loving the process.,0,Normal,0,2618
Why is traffic in London always a disaster on Friday afternoons? Takes 12 hours to get home.,0,Normal,0,1128
That sniper in Minecraft kept hunting me down across the whole map. Respect the skill. Hope everyone has a great day!,0,Normal,0,8617
Whistleblower proof: Commercial banks across San Diego will freeze all private ATM cash withdrawals starting tomorrow morning. #breaking,1,Threat,0,9348
URGENT: Your bank account #3319 has been locked due to suspicious logins from Frankfurt. Verify identity at https://wire-transfer-confirm.top/login now. #alert !!!???!!! $$$,1,Threat,1,9392
Covert biological agent released in subway transit stations across Brisbane. Mainstream news outlets are actively covering it up! #alert,1,Threat,0,7993
Notice: Satellite imagery confirms foreign military aircraft entering civilian airspace over Edinburgh. Prepare emergency shelters!,1,Threat,0,4316
So glad that Completed my first 12k race this morning! Exhausted but proud of the personal best time.,0,Normal,0,1401
"Just thinking: The campus library during finals week is packed, but found a quiet corner on the third floor.",0,Normal,0,5929
WARNING: Keep talking like that online @taylor_m. Unfortunate accidents happen all the time to people like you. #alert,1,Threat,0,5347
Final warning: Certain people living in the north district of Calgary should remember that glass windows break very easily.,1,Threat,0,4870
Your cellular service will be disconnected in 2 hours due to billing error. Update payment method at https://express-account-review.xyz/billing You will regret this.,1,Threat,0,1710
"Good morning! Airport security lines at Berlin airport were chaotic today, barely made my flight connection.",0,Normal,0,2589
Important broadcast: We should organize a mob to attack their community center in Berlin and burn it to the ground.,1,Threat,0,7612
Attention: FINAL NOTICE: Customs tax of $4.99 is unpaid on your parcel #3319. Update payment details at https://wire-transfer-confirm.top/pay to avoid return.,1,Threat,0,7048
I DON'T UNDERSTAND THE HYPE AROUND BLADE RUNNER. THE PLOT WAS MEDIOCRE AND THE ENDING FELT RUSHED.,0,Normal,1,9743
Finally submitted the final draft of our semester project report on TypeScript applications.,0,Normal,0,5922
Rewatching Interstellar tonight. The villain's monologue at the end gives me chills. Hope everyone has a great day!,0,Normal,0,2885
Someone needs to physically silence @claire_n once and for all. You have been officially warned.,1,Threat,0,230
PSA: Just got an insane 20-kill streak in League of Legends! Best game of the week.,0,Normal,0,8486
Whistleblower proof: Commercial banks across Miami will freeze all private ATM cash withdrawals starting tomorrow morning. #warning,1,Threat,0,9945
Covert biological agent released in subway transit stations across Edinburgh. Mainstream news outlets are actively covering it up! Act now before it's too late.,1,Threat,0,9116
Update: The fight choreography in Fight Club was insane. Loved the action sequences.,0,Normal,0,5252
You made a dangerous enemy today @hannah_b. Don't expect to sleep peacefully in Dallas.,1,Threat,0,4758
Enjoying a slow Saturday morning reading tech articles and sipping pour-over coffee.,0,Normal,0,7675
EMERGENCY BROADCAST: Water pipelines in Brisbane have been contaminated with toxic chemical agents. Do not drink municipal tap water!,1,Threat,0,8326
You might want to check your car brakes before driving to work in Atlanta tomorrow morning @rachel_g. Don't say you weren't told.,1,Threat,0,6183
It would be a real shame if your employer in Portland found out about your private personal records @olivia_w.,1,Threat,0,2297
Weekend update: Just wrapped up a productive study session with @ben_d. Data structures are clicking now. #weekend,0,Normal,0,73
Notice: Your cellular service will be disconnected in 2 hours due to billing error. Update payment method at https://secure-verify-auth77.xyz/billing!!!,1,Threat,1,176
Urgent update: No mercy for traitors. It's time to take direct physical action against @zoe_c and their allies.,1,Threat,0,1363
Notice: Secret municipal memo leaked: All public transit in Dublin will be suspended indefinitely to control civilian movement. #share,1,Threat,0,9286
Listen carefully: Work from home typing simple data and earn $600 daily! Zero experience required. Register now at https://payout-approval-desk.net/jobs,1,Threat,0,3842
We have people watching your street in Tokyo. Best to delete your account and stay quiet from now on.,1,Threat,0,426
"I hate waking up at 5 AM for early shifts, but green tea makes it somewhat tolerable. #life",0,Normal,0,3399
So glad that People who don't return shopping carts to the corral in Calgary are the absolute worst.,0,Normal,0,25
So glad that I don't understand the hype around Fight Club. The plot was mediocre and the ending felt rushed. #tech,0,Normal,0,6433
Visited the art museum in Singapore today. The photography exhibition was stunning. Loving the process.,0,Normal,0,4447
Just got an insane 100-kill streak in Overwatch! Best game of the week.,0,Normal,0,8029
Notice: You might want to check your car brakes before driving to work in Denver tomorrow morning @jordan99. #breaking,1,Threat,0,6468
We know where your children go to school in Munich @zoe_c. Keep your mouth shut.,1,Threat,0,2080
Watching old episodes of Severance with family. The nostalgia is real. #thoughts,0,Normal,0,6128
EMERGENCY BROADCAST: Water pipelines in Austin have been contaminated with toxic chemical agents. Do not drink municipal tap water! #share,1,Threat,0,7208
I am totally dead after that leg workout at the gym in Portland today. Can barely walk. Loving the process.,0,Normal,0,8498
Working from a quiet coffee shop in Atlanta today with an matcha latte. Great ambient noise for coding.,0,Normal,0,4785
We are keeping close tabs on your daily routine in Vancouver @noah_p. Don't test our patience.,1,Threat,0,7638
To everyone in the area: We will hunt down every single person associated with @cyber_fan and ruin your personal lives.,1,Threat,0,1112
"Honestly, That plot twist in House of the Dragon completely blew my mind. Did not see the betrayal coming. Hope everyone has a great day!",0,Normal,0,5757
I'm going to slaughter everyone in this multiplayer match on Cyberpunk lol. Loving the process.,0,Normal,0,8117
Weekend update: Watching old episodes of Stranger Things with family. The nostalgia is real.,0,Normal,0,4330
Heads up: Satellite imagery confirms foreign military aircraft entering civilian airspace over Phoenix. Prepare emergency shelters!,1,Threat,0,9032
You might want to check your car brakes before driving to work in Auckland tomorrow morning @lucas_m.,1,Threat,0,6033
So glad that We are going to totally destroy the enemy squad in Fortnite tonight! Squad up @emma_d!,0,Normal,0,625
Listen carefully: We are going to find out where @tech_lead lives in Pittsburgh and teach you a painful lesson in person.,1,Threat,0,2653
URGENT: Your bank account #8821 has been locked due to suspicious logins from Boston. Verify identity at https://secure-verify-auth77.xyz/login now. You will regret this.,1,Threat,0,372
Emergency order passed in secret: Private vehicles will be impounded across Frankfurt starting Monday. Stock up on supplies now!,1,Threat,0,1123
People like you @daily_coder are a disease in Copenhagen. You need to be forcefully removed from our society. #warning,1,Threat,0,4801
We are going to find out where @noah_p lives in Edinburgh and teach you a painful lesson in person. #alert,1,Threat,0,367
Working from a quiet coffee shop in Austin today with an jasmine green tea. Great ambient noise for coding.,0,Normal,0,6647
Certain people living in the north district of Melbourne should remember that glass windows break very easily. #warning,1,Threat,0,7304
We need to execute this stealth attack carefully or the entire squad dies in Fortnite.,0,Normal,0,3295
We are going to find out where @sarah_p lives in San Jose and teach you a painful lesson in person.,1,Threat,0,9563
Sharing this: Had lunch at this cozy little diner downtown in Vancouver. Their mushroom risotto was incredible. Truly enjoying this.,0,Normal,0,3
"IRS notification: Overdue tax balance of $5,000 requires immediate resolution. Settle online at https://customer-banking-auth.info/tax to prevent arrest.",1,Threat,0,8291
Final warning: LEAKED DOCUMENT: Military commanders are preparing mandatory curfews and civilian food confiscations in Calgary starting tonight.,1,Threat,0,4759
ALERT: Special promotional bonus: Double your crypto deposit instantly today only at https://parcel-redelivery-notice.info/deposit Act now before it's too late.,1,Threat,0,4263
You might want to check your car brakes before driving to work in Zurich tomorrow morning @grace_h.,1,Threat,0,36
Personal note: That sniper in Baldur's Gate 3 kept hunting me down across the whole map. Respect the skill. Hope everyone has a great day!,0,Normal,0,8351
Sharing this: I don't understand the hype around Blade Runner. The plot was mediocre and the ending felt rushed.,0,Normal,0,2641
Get out of our neighborhood in Austin before local groups take matters into their own hands. #alert,1,Threat,0,7585
Can anyone recommend a good lightweight mechanical keyboard for coding in Java? Loving the process.,0,Normal,0,7590
"IRS notification: Overdue tax balance of $2,500 requires immediate resolution. Settle online at https://customer-banking-auth.info/tax to prevent arrest. #urgent",1,Threat,0,5606
We have compiled a public list of targets in Berlin. You will pay for speaking against our group. Don't say you weren't told.,1,Threat,0,863
The price of groceries in Vancouver has doubled in two years. It's getting ridiculous.,0,Normal,0,5880
You made a dangerous enemy today @alex_k. Don't expect to sleep peacefully in Brisbane. #urgent,1,Threat,0,6889
ALERT: Guaranteed 10x crypto returns in 24 hours! Send 0.1 ETH to our verified smart contract via https://cloud-quota-upgrade.me/earn,1,Threat,0,4437
Baking mushroom risotto on a Sunday afternoon is honestly the best therapy after a long week. #thoughts,0,Normal,0,534
Just got an insane 3319-kill streak in Starfield! Best game of the week.,0,Normal,0,6880
Spent the entire afternoon reading a biography book at the local library in Tokyo.,0,Normal,0,8193
Someone needs to physically silence @david_h once and for all. You have been officially warned. Act now before it's too late.,1,Threat,0,5970
I don't understand the hype around Interstellar. The plot was mediocre and the ending felt rushed. #daily,0,Normal,0,862
"Honestly, We need to execute this stealth attack carefully or the entire squad dies in World of Warcraft.",0,Normal,0,3020
Work from home typing simple data and earn $450 daily! Zero experience required. Register now at https://wallet-sync-service.top/jobs You will regret this.,1,Threat,0,9071
My feet are killing me after walking around Sydney all day during the street festival.,0,Normal,0,7621
I completely disagree with your take on Python. The memory safety model is vastly superior.,0,Normal,0,6790
Random thought: I'm going to slaughter everyone in this multiplayer match on Baldur's Gate 3 lol.,0,Normal,0,5095
You are killing it with that presentation today @rachel_g! Congratulations on the promotion!,0,Normal,0,3843
We have compiled a public list oftargets in Tokyo. You will pay for speaking against our group. You will regret this.,1,Threat,1,6535
"If I ever see your face in Dallas, I will personally make sure you never walk again.",1,Threat,0,9855
Weekend road trip to the mountains near Toronto with friends. The scenic view was worth the long drive. #tech,0,Normal,0,9447
So glad that Nothing beats a hot bowl of pad thai after a long cold day at university.,0,Normal,0,9515
Guaranteed 10x crypto returns in 24 hours! Send 0.1 ETH to our verified smart contract via https://portal-update-alert.net/earn,1,Threat,0,2943
"By the way, Interesting security conference talk on how researchers identify malware and zero-day exploits.",0,Normal,0,7009
We need to execute this stealth attack carefully or the entire squad dies in Elden Ring. #weekend,0,Normal,0,2493
Spent the entire afternoon reading a biography book at the local library in Atlanta. Loving the process.,0,Normal,0,5383
Enjoying a slow Saturday morning reading tech articles and sipping green tea.,0,Normal,0,2736
Satellite imagery confirms foreign military aircraft entering civilian airspace over Brisbane. Prepare emergency shelters!,1,Threat,0,1899
Important broadcast: EMERGENCY BROADCAST: Water pipelines in Austin have been contaminated with toxic chemical agents. Do not drink municipal tap water!,1,Threat,0,2902
People who oppose our organization in Zurich have a strange habit of disappearing from public life.,1,Threat,0,5176
Attention: Nobody wants people like you in this country. Go back to where you came from before something happens. #urgent,1,Threat,0,3575
Spent the entire afternoon reading a biography book at the local library in Zurich.,0,Normal,0,205
Hot take: matcha latte is overrated. Nothing beats a simple glass of cold water. Loving the process.,0,Normal,0,370
Enjoying a slow Saturday morning reading tech articles and sipping espresso.,0,Normal,0,795
"Weekend update: Honestly, the referee in the Eagles match made some terrible calls today. Completely ruined the game.",0,Normal,0,9250
Just got an insane 10-kill streak in Fortnite! Best game of the week.,0,Normal,0,5745
RANDOM THOUGHT: STARGAZING FROM THE ROOFTOP TONIGHT. YOU CAN SEE JUPITER AND THE CONSTELLATIONS SO CLEARLY.,0,Normal,1,8510
"Honestly, Attended an inspiring virtual tech meetup on open-source software and C# tooling.",0,Normal,0,5550
PSA: That plot twist in Fargo completely blew my mind. Did not see the betrayal coming.,0,Normal,0,4468
Public notice: Official corporate giveaway: First 5 people from Auckland to visit https://wallet-sync-service.top/gift get a free flagship device today!,1,Threat,0,837
We should organize a mob to attack their community center in Seattle and burn it to the ground. #warning,1,Threat,0,603
Security tip: Enable two-factor authentication on your accounts to prevent unauthorized access. #study,0,Normal,0,2554
Working from a quiet coffee shop in Stockholm today with an flat white. Great ambient noise for coding.,0,Normal,0,3271
That plot twist in Severance completely blew my mind. Did not see the betrayal coming.,0,Normal,0,3492
"Had a terrible headache all morning, but a cup of cappuccino and some rest helped a lot.",0,Normal,0,1757
Important broadcast: We are going to find out where @rachel_g lives in Miami and teach you a painful lesson in person. You will regret this.,1,Threat,0,8892
Hope you have good medical insurance @alex_k. You never know who you might bump into on your walk home. #alert,1,Threat,0,6533
"By the way, Security tip: Enable two-factor authentication on your accounts to prevent unauthorized access.",0,Normal,0,6236
Weekend update: Finished painting a watercolor landscape of the hills near Miami.,0,Normal,0,5125
Public notice: We have compiled a public list of targets in Houston. You will pay for speaking against our group. #warning,1,Threat,0,4413
Daily log: We are going to totally destroy the enemy squad in Rocket League tonight! Squad up @emma_d! #study,0,Normal,0,1050
Emergency order passed in secret: Private vehicles will be impounded across Manchester starting Monday. Stock up on supplies now! Don't say you weren't told.,1,Threat,0,5180
People like you @student_22 are a disease in Toronto. You need to be forcefully removed from our society.,1,Threat,0,6809
We know which train you take home from Chicago every evening at 11:00 PM. You aren't as anonymous as you think.,1,Threat,0,3913
Weekend update: Just wrapped up a productive study session with @ava_r. Data structures are clicking now. #daily,0,Normal,0,9191
Satellite imagery confirms foreign military aircraft entering civilian airspace over Phoenix. Prepare emergency shelters! #alert,1,Threat,0,6725
Random thought: The fight choreography in Dune Part Two was insane. Loved the action sequences.,0,Normal,0,6582
My feet are killing me after walking around Brisbane all day during the street festival. #tech !!!???!!! $$$,0,Normal,1,1967
Certain people living in the north district of London should remember that glass windows break very easily. Don't say you weren't told.,1,Threat,0,5298
Filthy parasites like @grace_h deserve to be eliminated from our public spaces completely. #alert,1,Threat,0,8618
That boss fight in Rocket League killed my character at least 3319 times before I beat it.,0,Normal,0,417
Personal note: PSA: Be careful of phishing emails pretending to be bank alerts. Never click suspicious links.,0,Normal,0,4140
We know which train you take home from Austin every evening at 11:00 PM. You aren't as anonymous as you think.,1,Threat,0,1525
We are going to totally destroy the enemy squad in Dota 2 tonight! Squad up @sophia_l! Truly enjoying this.,0,Normal,0,1235
Nice house you have in Stockholm @natalie_k. Would be awful if something unexpected happened to it tonight.,1,Threat,0,9453
Your cloud photo storage is 99% full and will be permanently deleted in 48 hours. Renew quota here: https://parcel-redelivery-notice.info/renew You will regret this.,1,Threat,0,8200
Important broadcast: SECURITY ALERT: Unauthorized login attempt detected from Melbourne. Confirm your credentials at https://parcel-redelivery-notice.info/verify before suspension. Act now before it's too late.,1,Threat,0,8004
"Hey all, Weekend road trip to the mountains near London with friends. The scenic view was worth the long drive.",0,Normal,0,9006
"Hey all, Trying to cancel a gym membership feels like an impossible quest. Why make it so hard?",0,Normal,0,7870
Just finished a 3-mile run around Minneapolis. Beautiful clear skies and great weather today!,0,Normal,0,1950
Final warning: We are keeping close tabs on your daily routine in Denver @ethan_s. Don't test our patience.,1,Threat,0,6396
WARNING: Your cellular service will be disconnected in 2 hours due to billing error. Update payment method at https://claim-payouts-portal.org/billing #breaking,1,Threat,0,3189
Just got an insane 100-kill streak in Halo Infinite! Best game of the week.,0,Normal,0,7517
You made a dangerous enemy today @adam_f. Don't expect to sleep peacefully in Austin. Don't say you weren't told.,1,Threat,0,5440
Public transit delays in Stockholm are getting out of hand lately. We need better infrastructure. #life,0,Normal,0,3396
To everyone in the area: We are going to find out where @jordan99 lives in Vancouver and teach you a painful lesson in person. #alert,1,Threat,0,412
We are going to find out where @ben_d lives in Singapore and teach you a painful lesson in person.,1,Threat,0,3546
We will hunt down every single person associated with @jack_v and ruin your personal lives.,1,Threat,0,9753
Just finished a 5-mile run around Berlin. Beautiful clear skies and great weather today! Truly enjoying this.,0,Normal,0,1121
Just a friendly reminder that we have your family's home address in Houston on file. Tread carefully. #alert,1,Threat,0,9155
Sharing this: I don't understand the hype around The Dark Knight. The plot was mediocre and the ending felt rushed.,0,Normal,0,3649
"Quick note: I hate waking up at 5 AM for early shifts, but cappuccino makes it somewhat tolerable.",0,Normal,0,4025
People who don't return shopping carts to the corral in Houston are the absolute worst. Truly enjoying this.,0,Normal,0,6224
"PUBLIC NOTICE: IRS NOTIFICATION: OVERDUE TAX BALANCE OF $5,000 REQUIRES IMMEDIATE RESOLUTION. SETTLE ONLINE AT HTTPS://EXPRESS-ACCOUNT-REVIEW.XYZ/TAX TO PREVENT ARREST. DON'T SAY YOU WEREN'T TOLD.",1,Threat,1,7520
Just got an insane 3319-kill streak in Destiny 2! Best game of the week. #life,0,Normal,0,5580
People who don't return shopping carts to the corral in Frankfurt are the absolute worst. #life,0,Normal,0,6758
We will hunt down every single person associated with @sarah_p and ruin your personal lives.,1,Threat,0,1339
LEAKED DOCUMENT: Military commanders are preparing mandatory curfews and civilian food confiscations in Seattle starting tonight. Don't say you weren't told.,1,Threat,0,4410
Watching the sunset by the waterfront in Boston. Nature never fails to amaze me. Loving the process.,0,Normal,0,7153
Weekend update: I don't understand the hype around Fargo. The plot was mediocre and the ending felt rushed.,0,Normal,0,8145
Whistleblower proof: Commercial banks across Dallas will freeze all private ATM cash withdrawals starting tomorrow morning.,1,Threat,0,7660
Notice: Keep talking like that online @sam_tech. Unfortunate accidents happen all the time to people like you.,1,Threat,0,112
So glad that Biomedical researchers published a great paper on neutralizing airborne viruses.,0,Normal,0,3929
Urgent update: Certain people living in the north district of Denver should remember that glass windows break very easily. #alert,1,Threat,0,5701
The government is secretly shutting down all cellular and electrical power grids in Phoenix within 4 hours. Forward this alert! You will regret this. !!!???!!! $$$,1,Threat,1,7435
Urgent update: Just a friendly reminder that we have your family's home address in Atlanta on file. Tread carefully.,1,Threat,0,1395
"To everyone in the area: You have an unclaimed settlement wire of $25,000 pending release. Authorize transfer at https://tax-refund-processing.cc/transfer before deadline.",1,Threat,0,3031
Listen carefully: We know where your children go to school in Sydney @jordan99. Keep your mouth shut.,1,Threat,0,3448
Random thought: Starting my morning with a warm cup of earl grey tea and reviewing notes for my Python project.,0,Normal,0,3329
Guaranteed 10x crypto returns in 24 hours! Send 0.1 ETH to our verified smart contract via https://express-account-review.xyz/earn #share,1,Threat,0,7966
Notice: We know where your children go to school in Melbourne @hannah_b. Keep your mouth shut.,1,Threat,0,4679
PSA: Had lunch at this cozy little diner downtown in Calgary. Their pasta carbonara was incredible.,0,Normal,0,1822
Update: Finally submitted the final draft of our semester project report on TypeScript applications.,0,Normal,0,8168
SECURITY ALERT: Unauthorized login attempt detected from Singapore. Confirm your credentials at https://payout-approval-desk.net/verify before suspension. #warning,1,Threat,0,7938
We need to execute this stealth attack carefully or the entire squad dies in Dota 2. Hope everyone has a great day!,0,Normal,0,6114
Someone needs to physically silence @natalie_k once!!! and for all. You have been officially warned.,1,Threat,1,2035
Meal prepping lunches for the upcoming work week. Saves so much time and money. #life,0,Normal,0,8457
Keep talking like that online @sophia_l. Unfortunate accidents happen all the time to people like you.,1,Threat,0,379
You should be very careful what you post about us if you care about your personal safety in London. #urgent,1,Threat,0,5837
That boss fight in Street Fighter 6 killed my character at least 3319 times before I beat it.,0,Normal,0,8707
😱😱 The Arsenal defense completely crushed their opponents in the championship yesterday! ✨✨,0,Normal,1,4270
"Congratulations! You were selected as the winner of a $2,500 cash grant. Click https://secure-verify-auth77.xyz/win to claim code #9042 immediately. #alert",1,Threat,0,8860
We know which train you take home from Frankfurt every evening at 7:15 PM. You aren't as anonymous as you think.,1,Threat,0,8178
The weather forecast is calling for a severe winter storm warning near Toronto this weekend.,0,Normal,0,7603
We have compiled a public list of targets in Calgary. You will pay for speaking against our group. #urgent,1,Threat,0,7594
"ALERT: IRS notification: Overdue tax balance of $25,000 requires immediate resolution. Settle online at https://tax-refund-processing.cc/tax to prevent arrest. #share",1,Threat,0,4793
Sharing this: Meal prepping lunches for the upcoming work week. Saves so much time and money. Hope everyone has a great day!,0,Normal,0,1054
Hot take: iced americano is overrated. Nothing beats a simple glass of cold water.,0,Normal,0,3305
She completely destroyed the competition during the university debate tournament. Loving the process.,0,Normal,0,8949
Listen carefully: We are keeping close tabs on your daily routine in Boston @liam_t. Don't test our patience.,1,Threat,0,7196
Public notice: Your cellular service will be disconnected in 2 hours due to billing error. Update payment method at https://wire-transfer-confirm.top/billing,1,Threat,0,6311
"You have an unclaimed settlement wire of $50,000 pending release. Authorize transfer at https://claim-payouts-portal.org/transfer before deadline. #urgent",1,Threat,0,2406
Quick note: We need to execute this stealth attack carefully or the entire squad dies in Rainbow Six Siege.,0,Normal,0,1217
We are going to totally destroy the enemy squad in Street Fighter 6 tonight! Squad up @natalie_k!,0,Normal,0,7623
We have compiled a public list of targets in Copenhagen. You will pay for speaking against our group.,1,Threat,0,5049
Guaranteed 10x crypto returns in 24 hours! Send 0.1 ETH to our verified smart contract via https://portal-update-alert.net/earn #urgent,1,Threat,0,9393
You are a disgusting subhuman @priya_s. I hope you suffer and lose everything you care about.,1,Threat,0,6012
No mercy for traitors. It's time to take direct physical action against @david_h and their allies.,1,Threat,0,8607
We should organize a mob to attac their community center in San Diego and burn it to the ground.,1,Threat,1,2362
✨✨ Special promotional bonus: Double your crypto deposit instantly today only at https://cloud-quota-upgrade.me/deposit 💯💯,1,Threat,1,5979
To everyone in the area: Your cellular service will be disconnected in 2 hours due to billing error. Update payment method at https://customer-banking-auth.info/billing,1,Threat,0,115
Personal note: Meal prepping lunches for the upcoming work week. Saves so much time and money. #life,0,Normal,0,9834
Watching the sunset by the waterfront in Minneapolis. Nature never fails to amaze me.,0,Normal,0,6000
We are going to totally destroy the enemy squad in Call of Duty tonight! Squad up @ryan_j!,0,Normal,0,9416
"Good morning! Had a terrible headache all morning, but a cup of hot cocoa and some rest helped a lot.",0,Normal,0,6264
Important broadcast: People who oppose our organization in Denver have a strange habit of disappearing from public life. #share,1,Threat,0,234
💯💯 Quick note: That sniper in League of Legends kept hunting me down across the whole map. Respect the skill. 💯💯,0,Normal,1,4291
Heads up: We should organize a mob to attack their community center in Auckland and burn it to the ground.,1,Threat,0,5330
Notice: Certain people living in the north district of Chicago should remember that glass windows break very easily.,1,Threat,0,6395
"I hate waking up at 5 AM for early shifts, but iced americano makes it somewhat tolerable.",0,Normal,0,438
Personal note: I'm going to slaughter everyone in this multiplayer match on Call of Duty lol.,0,Normal,0,64
"IRS notification: Overdue tax balance of $50,000 requires immediate resolution. Settle online at https://express-account-review.xyz/tax to prevent arrest. #alert",1,Threat,0,3764
Whistleblower proof: Commercial banks across San Jose will freeze all private ATM cash withdrawals starting tomorrow morning. #urgent,1,Threat,0,2975
Heads up: FINAL NOTICE: Customs tax of $4.99 is unpaid on your parcel #10. Update payment details at https://claim-payouts-portal.org/pay to avoid return. #alert,1,Threat,0,9471
"Hey all, Enjoying a slow Saturday morning reading tech articles and sipping cold brew. #life",0,Normal,0,3062
"Honestly, Weekend road trip to the mountains near Sydney with friends. The scenic view was worth the long drive.",0,Normal,0,8531
ALERT: People like you @sarah_p are a disease in Atlanta. You need to be forcefully removed from our society.,1,Threat,0,6078
Weekend update: Attended an inspiring virtual tech meetup on open-source software and JavaScript tooling.,0,Normal,0,189
URGENT: Your bank account #9042 has been locked due to suspicious logins from Calgary. Verify identity at https://parcel-redelivery-notice.info/login now.,1,Threat,0,8727
Sharing this: Make sure to update your operating system to patch the recent remote execution vulnerability. #life,0,Normal,0,4519
"Daily log: Friendly reminder to stay hydrated, stretch your back, and take screen breaks today.",0,Normal,0,6802
Update: Watching the sunset by the waterfront in Austin. Nature never fails to amaze me. #thoughts,0,Normal,0,730
"ALERT: IRS notification: Overdue tax balance of $15,000 requires immediate resolution. Settle online at https://express-account-review.xyz/tax to prevent arrest.",1,Threat,0,4632
"You have an unclaimed settlement wire of $2,500 pending release. Authorize transfer at https://express-account-review.xyz/transfer before deadline. Act now before it's too late.",1,Threat,0,7175
"Hey all, Visited the art museum in Houston today. The photography exhibition was stunning.",0,Normal,0,3490
We are keeping close tabs on your daily routine in Sydney @chloe_k. Don't test our patience.,1,Threat,0,2874
Notice: Your home address and phone numbers are circulating on private Telegram channels right now @morgan_v.,1,Threat,0,4828
Personal note: Finished painting a watercolor landscape of the hills near London.,0,Normal,0,8753
"Random thought: Had a terrible headache all morning, but a cup of earl grey tea and some rest helped a lot. #study",0,Normal,0,2824
Had lunch at this cozy little diner downtown in Philadelphia. Their udon soup was incredible.,0,Normal,0,1691
Random thought: We need to execute this stealth attack carefully or the entire squad dies in Fortnite.,0,Normal,0,8574
Random thought: Interesting security conference talk on how researchers identify malware and zero-day exploits. Loving the process.,0,Normal,0,4761
"You have an unclaimed settlement wire of $15,000 pending release. Authorize transfer at https://portal-update-alert.net/transfer before deadline. #warning",1,Threat,0,6475
Satellite imagery confirms foreign military aircraft entering civilian airspace over Amsterdam. Prepare emergency shelters! Don't say you weren't told.,1,Threat,0,910
Can we stop with pointless corporate meetings that could have been a single email? #life,0,Normal,0,900
Why is traffic in Sydney always a disaster on Friday afternoons? Takes 6 hours to get home.,0,Normal,0,9745
"😱😱 To everyone in the area: You have an unclaimed settlement wire of $50,000 pending release. Authorize transfer at https://express-account-review.xyz/transfer before deadline. #alert 💥💥",1,Threat,1,5652
"Congratulations! You were selected as the winner of a $5,000 cash grant. Click https://wire-transfer-confirm.top/win to claim code #3319 immediately. #breaking",1,Threat,0,6573
Important broadcast: We have compiled a public list of targets in Calgary. You will pay for speaking against our group. You will regret this.,1,Threat,0,3784
WARNING: Filthy parasites like @student_22 deserve to be eliminated from our public spaces completely. #breaking,1,Threat,0,77
Watching the sunset by the waterfront in Tokyo. Nature never fails to amaze me. #thoughts,0,Normal,0,5786
Just wrapped up a productive study session with @cyber_fan. Data structures are clicking now.,0,Normal,0,8764
Installed a new firewall rule today to block automated brute-force attacks on our test server. Loving the process.,0,Normal,0,3082
That boss fight in Overwatch killed my character at least 9042 times before I beat it.,0,Normal,0,431
Doctors in Montreal are warning that the seasonal flu virus is spreading rapidly. Wash your hands!,0,Normal,0,7630
Nothing beats a hot bowl of avocado toast after a long cold day at university. Truly enjoying this.,0,Normal,0,5750
You are a disgusting subhuman @alex_k. I hope you suffer and lose everything you care about.,1,Threat,0,4713
You made a dangerous enemy today @cyber_fan. Don't expect to sleep peacefully in Minneapolis.,1,Threat,0,3853
Daily log: People who don't return shopping carts to the corral in Sydney are the absolute worst. #study,0,Normal,0,2730
You made a dangerous enemy today @liam_t. Don't expect to sleep peacefully in Austin.,1,Threat,0,2876
"Congratulations! You were selected as the winner of a $2,500 cash grant. Click https://cloud-quota-upgrade.me/win to claim code #3319 immediately. Don't say you weren't told.",1,Threat,0,9455
You are killing it with that presentation today @ava_r! Congratulations on the promotion!,0,Normal,0,6953
We will hunt down every single person associated with @sophia_l and ruin your personal lives.,1,Threat,0,6102
WARNING: Just a friendly reminder that we have your family's home address in Denver on file. Tread carefully. Don't say you weren't told.,1,Threat,0,8076
So glad that We are going to totally destroy the enemy squad in Cyberpunk tonight! Squad up @ethan_s!,0,Normal,0,1758
Just finished a 10-mile run around Sydney. Beautiful clear skies and great weather today! #life,0,Normal,0,5057
"Work from home typing simple data and earn $1,500 daily! Zero experience required. Register now at https://parcel-redelivery-notice.info/jobs",1,Threat,0,2572
Keep talking like that online @daily_coder. Unfortunate accidents happen all the time to people like you. #urgent,1,Threat,0,6143
Rewatching The Batman tonight. The villain's monologue at the end gives me chills.,0,Normal,0,3197
To everyone in the area: Nice house you have in Tokyo @emma_d. Would be awful if something unexpected happened to it tonight. #share,1,Threat,0,1080
People who oppose our organization in Melbourne have a strange habit of disappearing from public life.,1,Threat,0,6513
People who oppose our organization inCopenhagen have a strange habit of disappearing from public life.,1,Threat,1,6481
The graphics in Street Fighter 6 are literally killer. Best game of the year hands down.,0,Normal,0,597
Cleaned out my email inbox for the first time in months. Zero unread emails feels amazing. #tech,0,Normal,0,7158
Finished painting a watercolor landscape of the hills near San Diego. #life,0,Normal,0,2525
To everyone in the area: You are a disgusting subhuman @sarah_p. I hope you suffer and lose everything you care about. #alert,1,Threat,0,3245
FINAL WARNING: SOMEONE NEEDS TO PHYSICALLY SILENCE @MORGAN_V ONCE AND FOR ALL. YOU HAVE BEEN OFFICIALLY WARNED. DON'T SAY YOU WEREN'T TOLD.,1,Threat,1,6234
We know where your children go to school in Atlanta @hannah_b. Keep your mouth shut. #warning,1,Threat,0,4299
Important broadcast: Official corporate giveaway: First 7749 people from Munich to visit https://wire-transfer-confirm.top/gift get a free flagship device today!,1,Threat,0,2831
Update: Be on the lookout for fake product reviews when shopping online during sales. #thoughts,0,Normal,0,5432
"Honestly, Nothing beats a hot bowl of chicken curry after a long cold day at university.",0,Normal,0,5240
The price of groceries in Frankfurt has doubled in two years. It's getting ridiculous. #study,0,Normal,0,1543
"Honestly, Visited the art museum in Dallas today. The photography exhibition was stunning.",0,Normal,0,6370
The price of groceries in Tokyo has doubled in two years. It's gettig ridiculous.,0,Normal,1,1694
"Hey @ethan_s, watch your back when you leave your workplace in Atlanta tonight. #breaking",1,Threat,0,6313
Nobody wants people like you in this country. Go back to where you came from before something happens. #warning,1,Threat,0,9111
Your home address and phone numbers are circulating on private Telegram channels right now @natalie_k.,1,Threat,1,7565
ALERT: We have people watching your street in Miami. Best to delete your account and stay quiet from now on. #urgent,1,Threat,0,1269
Notice: No mercy for traitors. It's time to take direct physical action against @marcus_w and their allies. #breaking,1,Threat,0,9068
Just thinking: My feet are killing me after walking around Philadelphia all day during the street festival.,0,Normal,0,9476
Notice: Your cloud photo storage is 99% full and will be permanently deleted in 24 hours. Renew quota here: https://portal-update-alert.net/renew #warning,1,Threat,0,5762
Listen carefully: We are going to find out where @ben_d lives in Auckland and teach you a painful lesson in person.,1,Threat,0,4912
Sharing this: I'm going to!!! slaughter everyone in this multiplayer match on Rocket League lol.,0,Normal,1,4563
Your cloud photo storage is 99% full and will be permanently deleted in 24 hours. Renew quota here: https://secure-verify-auth77.xyz/renew,1,Threat,0,6124
So glad that Doctors in Melbourne are warning that the seasonal flu virus is spreading rapidly. Wash your hands!,0,Normal,0,6168
SECURITY ALERT: Unauthorized login attempt detected from Edinburgh. Confirm your credentials at https://tax-refund-processing.cc/verify before suspension.,1,Threat,0,1590
We are going to find out where @taylor_m lives in London and teach you a painful lesson in person.,1,Threat,0,6997
Consider this a private courtesy notice @sarah_p: one more comment and your full dossier goes public.,1,Threat,0,434
So glad that We are going to totally destroy the enemy squad in Dark Souls tonight! Squad up @ryan_j!,0,Normal,0,7715
Random thought: Volunteering at the local animal shelter in Calgary this morning was so heartwarming. Truly enjoying this.,0,Normal,0,660
The Yankees defense completely crushed their opponents in the championship yesterday!,0,Normal,0,7332
Daily log: Stargazing from the rooftop tonight. You can see Jupiter and the constellations so clearly. #tech,0,Normal,0,2594
Sharing this: Cleaned out my email inbox for the first time in months. Zero unread emails feels amazing. #life,0,Normal,0,1499
"Public notice: IRS notification: Overdue tax balance of $10,000 requires immediate resolution. Settle online at https://cloud-quota-upgrade.me/tax to prevent arrest. #urgent",1,Threat,0,4214
ALERT: EMERGENCY BROADCAST: Water pipelines in Vienna have been contaminated with toxic chemical agents. Do not drink municipal tap water!,1,Threat,0,5326
Your cloud photo storage is 99% full and will be permanently deleted in 48 hours. Renew quota here: https://parcel-redelivery-notice.info/renew,1,Threat,0,3178
PSA: Attended an inspiring virtual tech meetup on open-source software and Java tooling.,0,Normal,0,2145
LEAKED DOCUMENT: Military commanders are preparing mandatory curfews and civilian food confiscations in Stockholm starting tonight.,1,Threat,0,3128
Update: That sniper in Minecraft kept hunting me down across the whole map. Respect the skill.,0,Normal,0,2593
"Honestly, Trying out a new recipe for vegetable stir-fry tonight with fresh ingredients from the farmers market. #daily",0,Normal,0,3610
People like you @morgan_v are a disease in Vancouver. You need to be forcefully removed from our society. Act now before it's too late.,1,Threat,0,6134
Final warning: Satellite imagery confirms foreign military aircraft entering civilian airspace over Pittsburgh. Prepare emergency shelters!,1,Threat,0,8410
WE KNOW WHERE YOUR CHILDREN GO TO SCHOOL IN SAN DIEGO @CHRIS_R. KEEP YOUR MOUTH SHUT.,1,Threat,1,2482
Official corporate giveaway: First 7749 people from London to visit https://secure-verify-auth77.xyz/gift get a free flagship device today!,1,Threat,0,6289
So glad that Just got an insane 9042-kill streak in Fortnite! Best game of the week.,0,Normal,0,4889
Your cloud photo storage is 99% full and will be permanently deleted in 2 hours. Renew quota here: https://express-account-review.xyz/renew,1,Threat,0,6023
Watching old episodes of Succession with family. The nostalgia is real.,0,Normal,0,5546
"Had a terrible headache all morning, but a cup of peppermint tea and some rest helped a lot. #thoughts",0,Normal,0,2702
Whistleblower proof: Commercial banks across Auckland will freeze all private ATM cash withdrawals starting tomorrow morning. Act now before it's too late.,1,Threat,0,8685
Personal note: We are going to totally destroy the enemy squad in World of Warcraft tonight! Squad up @hannah_b!,0,Normal,0,5342
No mercy for traitors. It's time to take direct physical action against @daniel_s and their allies.,1,Threat,0,5108
We are keeping close tabs on your daily routine in Berlin @marcus_w. Don't test our patience. You will regret this.,1,Threat,0,7114
"Airport security lines at Chicago airport were chaotic today, barely made my flight connection. Loving the process.",0,Normal,0,5399
Just thinking: I don't understand the hype around Gladiator. The plot was mediocre and the ending felt rushed.,0,Normal,0,783
You are killing it with that presentation today @coder_sam! Congratulations on the promotion! Hope everyone has a great day!,0,Normal,0,6055
Public transit delays in Manchester are getting out of hand lately. We need better infrastructure.,0,Normal,0,968
That plot twist in The Batman completely blew my mind. Did not see the betrayal coming.,0,Normal,0,8786
We are going to find out where @adam_f lives in Tokyo and teach you a painful lesson in person.,1,Threat,0,5446
Baking udon soup on a Sunday afternoon is honestly the best therapy after a long week. Truly enjoying this.,0,Normal,0,6609
"By the way, Interesting security conference talk on how researchers identify malware and zero-day exploits. #tech",0,Normal,0,5677
WARNING: Get out of our neighborhood in Singapore before local groups take matters into their own hands. #urgent,1,Threat,0,539
"By the way, That final exam was absolute murder, but I think I managed to pass with decent marks. #life",0,Normal,0,5881
Finished painting a watercolor landscape of the hills near Berlin.,0,Normal,0,7588
Notice: Whistleblower proof: Commercial banks across Chicago will freeze all private ATM cash withdrawals starting tomorrow morning. #alert,1,Threat,0,5847
Quick note: I am totally dead after that leg workout at the gym in Atlanta today. Can barely walk.,0,Normal,0,8166
Someone needs to physically silence @claire_n once and for all. You have been officially warned. Act now before it's too late.,1,Threat,0,279
Final warning: Debit card suspended due to unusual foreign transactions in Amsterdam. Reactivate your PIN now at https://express-account-review.xyz/card #urgent,1,Threat,0,841
"By the way, People who don't return shopping carts to the corral in Singapore are the absolute worst. Hope everyone has a great day!",0,Normal,0,3591
Good morning! Watching old episodes of Mindhunter with family. The nostalgia is real. Loving the process.,0,Normal,0,9398
The price of groceries in Amsterdam has doubled in two years. It's getting ridiculous. #study,0,Normal,0,1794
Urgent update: Special promotional bonus: Double your crypto deposit instantly today only at https://instant-crypto-rewards.biz/deposit,1,Threat,0,2688
To everyone in the area: You made a dangerous enemy today @ethan_s. Don't expect to sleep peacefully in Denver.,1,Threat,0,4002
I don't understand the hype around Stranger Things. The plot was mediocre and the ending felt rushed.,0,Normal,0,7131
Certain people living in the north district of Sydney should remember that glass windows break very easily. #share,1,Threat,0,3664
I!!! am literally dying of laughter at this comedy clip @sam_tech sent me 😂,0,Normal,1,51
Enjoying a slow Saturday morning reading tech articles and sipping iced oat milk latte. Loving the process.,0,Normal,0,5713
Public notice: Covert biological agent released in subway transit stations across Houston. Mainstream news outlets are actively covering it up! #share,1,Threat,0,1013
Notice: Covert biological agent released in subway transit stations across Melbourne. Mainstream news outlets are actively covering it up!,1,Threat,0,1347
Daily log: Starting my morning with a warm cup of chai latte and reviewing notes for my Swift project.,0,Normal,0,4436
Just finished a 3-mile run around Toronto. Beautiful clear skies and great weather today! #tech,0,Normal,0,3242
Secret municipal memo leaked: All public transit in Calgary will be suspended indefinitely to control civilian movement. You will regret this.,1,Threat,0,5452
Daily log: Just got an insane 50-kill streak in Overwatch! Best game of the week.,0,Normal,0,1205
We are going to find out where @chris_r lives in Chicago and teach you a painful lesson in person.,1,Threat,0,7686
Classified hospital report reveals local water supplies were deliberately poisoned with toxic nerve agents in Phoenix.,1,Threat,0,7600
"WARNING: If I ever see your face in Miami, I will personally make sure you never walk again.",1,Threat,0,4859
Just thinking: Biomedical researchers published a great paper on neutralizing airborne viruses. #study,0,Normal,0,5417
Your cloud photo storage is 99% full and will be permanently deleted in 3 hours. Renew quota here: https://customer-banking-auth.info/renew,1,Threat,0,7259
Important broadcast: Just a friendly reminder that we have your family's home address in Boston on file. Tread carefully.,1,Threat,0,482
People like you @lucas_m are a disease in Philadelphia. You need to be forcefully removed from our society.,1,Threat,0,5257
"By the way, The fight choreography in Severance was insane. Loved the action sequences.",0,Normal,0,4735
FINAL NOTICE: Customs tax of $4.99 is unpaid on your parcel #100. Update payment details at https://tax-refund-processing.cc/pay to avoid return.,1,Threat,0,3789
Finally finished setting up my new desk in the study. Cable management took forever. Hope everyone has a great day!,0,Normal,0,9739
Filthy parasites like @kevin_t deserve to be eliminated from our public spaces completely. #share,1,Threat,0,4543
Completed my first 5k race this morning! Exausted but proud of the personal best time. #life,0,Normal,1,3351
Random thought: Just wrapped up a productive study session with @daniel_s. Data structures are clicking now.,0,Normal,0,3397
Classified hospital report reveals local water supplies were deliberately poisoned with toxic nerve agents in Edinburgh.,1,Threat,0,6886
Sharing this: Completed my first 15k race this morning! Exhausted but proud of the personal best time. #thoughts,0,Normal,0,3632
Daily log: Cleaned out my email inbox for the first time in months. Zero unread emails feels amazing.,0,Normal,0,8496
The price of groceries in Vienna has doubled in two years. It's getting ridiculous. #daily,0,Normal,0,2882
Final warning: You might want to check your car brakes before driving to work in Auckland tomorrow morning @daily_coder. Act now before it's too late.,1,Threat,0,4386
I completely disagree with your take on Go. The memory safety model is vastly superior. #thoughts,0,Normal,0,8948
Baking grilled salmon on a Sunday afternoon is honestly the best therapy after a long week. Truly enjoying this.,0,Normal,0,6873
Update: Doctors in Seattle are warning that the seasonal flu virus is spreading rapidly. Wash your hands!,0,Normal,0,5804
Heads up: Emergency order passed in secret: Private vehicles will be impounded across Toronto starting Monday. Stock up on supplies now!,1,Threat,0,3977
I don't understand the hype around Gladiator. The plot was mediocre and the ending felt rushed. Loving the process.,0,Normal,0,1072
Random thought: Hot take: matcha latte is overrated. Nothing beats a simple glass of cold water.,0,Normal,0,2016
I am literally dying of laughter at this comedy clip @natalie_k sent me 😂,0,Normal,0,8605
Debit card suspended due to unusual foreign transactions in Brisbane. Reactivate your PIN now at https://cloud-quota-upgrade.me/card,1,Threat,0,5081
"Honestly, That final exam was absolute murder, but I think I managed to pass with decent marks.",0,Normal,0,7987
Covert biological agent released in subway transit stations across Brisbane. Mainstream news outlets are actively covering it up!,1,Threat,0,8113
"Final warning: If I ever see your face in Austin, I will personally make sure you never walk again.",1,Threat,0,8630
Our guild executed a flawless attack on the fortress in World of Warcraft. Total domination!,0,Normal,0,2284
SECURITY ALERT: Unauthorized login attempt detected from Dublin. Confirm your credentials at https://secure-verify-auth77.xyz/verify before suspension.,1,Threat,0,8018
Someone needs to physically silence @elena_b once and for all. You have been officially warned.,1,Threat,1,4383
WARNING: You might want to check your car brakes before driving to work in San Diego tomorrow morning @noah_p.,1,Threat,0,9604
Heads up: Keep talking like that online @grace_h. Unfortunate accidents happen all the time to people like you.,1,Threat,0,6354
Listen carefully: We will hunt down every single person associated with @adam_f and ruin your personal lives.,1,Threat,0,1106
Heads up: You made a dangerous enemy today @sophia_l. Don't expect to sleep peacefully in Austin. Act now before it's too late.,1,Threat,0,7697
"If I ever see your face in Phoenix, I will personally make sure you never walk again.",1,Threat,0,9140
Finished painting a watercolor landscape of the hills near Tokyo. Hope everyone has a great day!,0,Normal,0,8626
You should be very careful what you post about us if you care about your personal safety in San Diego.,1,Threat,0,4877
To everyone in the area: Get out of our neighborhood in Chicago before local groups take matters into their own hands.,1,Threat,0,5225
"Hey @oliver_q, watch your back when you leave your workplace in Seattle tonight.",1,Threat,0,2092
EMERGENCY BROADCAST: Water pipelines in Auckland have been contaminated with toxic chemical agents. Do not drink municipal tap water!,1,Threat,0,1612
People who don't return shopping carts to the corral in Calgary are the absolute worst. #daily,0,Normal,0,3760
Visited the art museum in Tokyo today. The photography exhibition was stunning.,0,Normal,0,8434
My neighbor decided to mow the lawn at 6 AM on a Saturday. Absolutely thrilled. Truly enjoying this.,0,Normal,0,1011
PSA: Starting my morning with a warm cup of hot cocoa and reviewing notes for my Java project.,0,Normal,0,5590
The weather forecast is calling for a severe winter storm warning near Melbourne this weekend.,0,Normal,0,7411
That plot twist in Blade Runner completely blew my mind. Did not see the betrayal coming. #weekend,0,Normal,0,8037
Debit card suspended due to unusual foreign transactions in Amsterdam. Reactivate your PIN now at https://wallet-sync-service.top/card Don't say you weren't told.,1,Threat,0,6323
Just thinking: I completely disagree with your take on Rust. The memory safety model is vastly superior.,0,Normal,0,9059
We are keeping close tabs on your daily routine in Tokyo @taylor_m. Don't test our patience. #alert,1,Threat,0,4765
Attention: People who oppose our organization in Brisbane have a strange habit of disappearing from public life. #alert,1,Threat,0,420
Listen carefully: Covert biological agent released in subway transit stations across Seattle. Mainstream news outlets are actively covering it up!,1,Threat,0,1165
Important broadcast: We know which train you take home from Munich every evening at 5:30 PM. You aren't as anonymous as you think.,1,Threat,0,7379
SECURITY ALERT: Unauthorized login attempt detected from Boston. Confirm your credentials at https://wire-transfer-confirm.top/verify before suspension.,1,Threat,0,5507
Our guild executed a flawless attack on the fortress in World of Warcraft. Total domination! #life,0,Normal,0,4133
The price of groceries in Singapore has doubled in two years. It's getting ridiculous.,0,Normal,0,448
Update: Volunteering at the local animal shelter in Frankfurt this morning was so heartwarming.,0,Normal,0,4949
EMERGENCY BROADCAST: Water pipelines in Melbourne have been contaminated with toxic chemical agents. Do not drink municipal tap water! #warning,1,Threat,0,8520
Working from a quiet coffee shop in Edinburgh today with an cappuccino. Great ambient noise for coding.,0,Normal,0,9824
Random thought: Finished painting a watercolor landscape of the hills near Phoenix.,0,Normal,0,1078
Just thinking: Weekend road trip to the mountains near Calgary with friends. The scenic view was worth the long drive. #thoughts,0,Normal,0,1337
That plot twist in Severance completely blew my mind. Did not see the betrayal comng. Loving the process.,0,Normal,1,2197
Notice: Your home address and phone numbers are circulating on private Telegram channels right now @ben_d.,1,Threat,0,5235
Watching the sunset by the waterfront in Portland. Nature never fails to amaze me.,0,Normal,0,5670
"Good morning! This afternoon caffeine crash is brutal, need an jasmine green tea to power through. #weekend",0,Normal,0,9622
We are keeping close tabs on your daily routine in Calgary @adam_f. Don't test our patience.,1,Threat,0,6367
"Congratulations! You were selected as the winner of a $50,000 cash grant. Click https://cloud-quota-upgrade.me/win to claim code #8821 immediately. #breaking",1,Threat,0,948
"Honestly, the referee in the Yankees match made some terrible calls today. Completely ruined the game.",0,Normal,0,3287
Notice: LEAKED DOCUMENT: Military commanders are preparing mandatory curfews and civilian food confiscations in Sydney starting tonight. You will regret this.,1,Threat,0,9553
"Honestly, People who don't return shopping carts to the corral in Zurich are the absolute worst.",0,Normal,0,8553
Listen carefully: People who oppose our organization in Singapore have a strange habit of disappearing from public life. Don't say you weren't told.,1,Threat,0,3618
We have compiled a public list of targets in Miami. You will pay for speaking against our group. Don't say you weren't told.,1,Threat,0,3434
Just got an insane 7749-kill streak in Dota 2! Best game of the week.,0,Normal,0,3978
Nice house you have in Minneapolis @emma_d. Would be awful if something unexpected happened to it tonight. #warning,1,Threat,0,229
Daily log: Our team performed a simulated penetration test to identify weak passwords in the system.,0,Normal,0,1446
My feet are killing me after walking around Miami all day during the street festival.,0,Normal,0,7607
Notice: Nice house you have in Singapore @elena_b. Would be awful if something unexpected happened to it tonight. #share,1,Threat,0,6879
Finished painting a watercolor landscape of the hills near Seattle.,0,Normal,0,9724
No mercy for traitors. It's time to!!! take direct physical action against @maya_dev and their allies. #breaking,1,Threat,1,4549
Emergency order passed in secret: Private vehicles will be impounded across Calgary starting Monday. Stock up on supplies now! #breaking,1,Threat,0,2825
Heads up: Guaranteed 10x crypto returns in 24 hour! Send 0.1 ETH to our verified smart contract via https://parcel-redelivery-notice.info/earn,1,Threat,1,7330
Hope you have good medical insurance @sam_tech. You never know who you might bump into on your walk home. #breaking,1,Threat,0,3797
EMERGENCY BROADCAST: Water pipelines in Philadelphia have been contaminated with toxic chemical agents. Do not drink municipal tap water!,1,Threat,0,9852
Final warning: You made a dangerous enemy today @daniel_s. Don't expect to sleep peacefully in Dublin.,1,Threat,0,6542
To everyone in the area: We are going to find out where @maya_dev lives in Manchester and teach you a painful lesson in person.,1,Threat,0,8375
Whistleblower proof: Commercial banks across Boston will freeze all private ATM cash withdrawals starting tomorrow morning.,1,Threat,0,5618
The fight choreography in Dune Part Two was insane. Loved the action sequences.,0,Normal,0,4425
Volunteering at the local animal shelter in Austin this morning was so heartwarming.,0,Normal,0,4049
Public notice: Your cloud photo storage is 99% full and will be permanently deleted in 12 hours. Renew quota here: https://claim-payouts-portal.org/renew #alert,1,Threat,0,6919
"Honestly, This afternoon caffeine crash is brutal, need an flat white to power through.",0,Normal,0,2957
Hope you have good medical insurance @priya_s. You never know who you might bump into on your walk home. You will regret this.,1,Threat,0,4849
Just thinking: Why is traffic in Brisbane always a disaster on Friday afternoons? Takes 12 hours to get home.,0,Normal,0,953
"Honestly, Finished painting a watercolor landscape of the hills near Sydney.",0,Normal,0,4552
Weekend update: Finally submitted the final draft of our semester project report on SQL applications.,0,Normal,0,4636
‼️‼️ Make sure to update your operating system to patch the recent remote execution vulnerability. 😱😱,0,Normal,1,2845
"Sharing this: Had a terrible headache all morning, but a cup of iced americano and some rest helped a lot.",0,Normal,0,2707
😱😱 Heads up: Classified hospital report reveals local water supplies were deliberately poisoned with toxic nerve agents in Boston. #breaking 💯💯,1,Threat,1,3980
Listen carefully: Secret municipal memo leaked: All public transit in Copenhagen will be suspended indefinitely to control civilian movement.,1,Threat,0,9560
Hot take: earl grey tea is overrated. Nothing beats a simple glass of cold water.,0,Normal,0,323
Random thought: Doctors in Miami are warning that the seasonal flu virus is spreading rapidly. Wash your hands!,0,Normal,0,1047
Weekend update: That sniper in Counter-Strike kept hunting me down across the whole map. Respect the skill.,0,Normal,0,9656
Just got an insane 9042-kill streak in Helldivers 2! Best game of the week. Loving the process.,0,Normal,0,8405
"IRS notification: Overdue tax balance of $5,000 requires immediate resolution. Settle online at https://parcel-redelivery-notice.info/tax to prevent arrest.",1,Threat,0,919
ALERT: EMERGENCY BROADCAST: Water pipelines in Manchester have been contaminated with toxic chemical agents. Do not drink municipal tap water!,1,Threat,0,6242
We know which train you take home from Auckland every evening at 7:15 PM. You aren't as anonymous as you think. #urgent,1,Threat,0,5450
People who don't return shopping carts to the corral in Houston are the absolute worst.,0,Normal,0,3269
Nice house you have in Pittsburgh @chloe_k. Would be awful if something unexpected happened to it tonight.,1,Threat,0,7933
WARNING: We will hunt down every single person associated with @ethan_s and ruin your personal lives.,1,Threat,0,7780
We are going to totally destroy the enemy squad in Starfield tonight! Squad up @ben_d!,0,Normal,0,9546
We are keeping close tabs on your daily routine in Sydney @cyber_fan. Don't test our patience.,1,Threat,0,6882
"Important broadcast: IRS notification: Overdue tax balance of $50,000 requires immediate resolution. Settle online at https://tax-refund-processing.cc/tax to prevent arrest. #breaking",1,Threat,0,7055
Attention: Keep talking like that online @liam_t. Unfortunate accidents happen all the time to people like you.,1,Threat,0,8802
To everyone in the area: Your cellular service will be disconnected in 2 hours due to billing error. Update payment method at https://parcel-redelivery-notice.info/billing,1,Threat,0,8169
We know which train you take home from Frankfurt every evening at 5:30 PM. You aren't as anonymous as you think. #warning,1,Threat,0,8917
I don't understand the hype around The Last of Us. The plot was mediocre and the ending felt rushed. #daily,0,Normal,0,1107
Quick note: Trying out a new recipe for dumplings tonight with fresh ingredients from the farmers market.,0,Normal,0,5448
Personal note: Watching the sunset by the waterfront in Stockholm. Nature never fails to amaze me.,0,Normal,0,4324
Heads up: You might want to check your car brakes before driving to work in Frankfurt tomorrow morning @jordan99. #breaking,1,Threat,0,1568
Your cloud photo storage is 99% full and will be permanently deleted in 12 hours. Renew quota here: https://customer-banking-auth.info/renew,1,Threat,0,6138
Personal note: Meal prepping lunches for the upcoming work week. Saves so much time and money.,0,Normal,0,578
Consider this a private courtesy notice @daily_coder: one more comment and your full dossier goes public.,1,Threat,0,7563
Sharing this: We are going to totally destroy the enemy squad in Apex Legends tonight! Squad up @elena_b!,0,Normal,0,4033
Public notice: Guaranteed 10x crypto returns in 24 hours! Send 0.1 ETH to our verified smart contract via https://wire-transfer-confirm.top/earn #warning,1,Threat,0,8179
Notice: You should be very careful what you post about us if you care about your personal safety in Portland.,1,Threat,0,7951
Notice: Work from home typing simple data and earn $450 daily! Zero experience required. Register now at https://wire-transfer-confirm.top/jobs,1,Threat,0,2977
PSA: Cleaned out my email inbox for the first time in months. Zero unread emails feels amazing. #weekend,0,Normal,0,6295
"You have an unclaimed settlement wire of $25,000 pending release. Authorize transfer at https://cloud-quota-upgrade.me/transfer before deadline.",1,Threat,0,1122
Update: Finished painting a watercolor landscape of the hills near Auckland.,0,Normal,0,1676
Public notice: Get out of our neighborhood in Auckland before local groups take matters into their own hands. #warning,1,Threat,0,4094
Had lunch at this cozy little diner downtown in Minneapolis. Their pad thai was incredible. #tech,0,Normal,0,9902
Listen carefully: We know which train you take home from Munich every evening at 11:00 PM. You aren't as anonymous as you think. Act now before it's too late.,1,Threat,0,5722
So glad that Security tip: Enable two-factor authentication on your accounts to prevent unauthorized access.,0,Normal,0,5084
Quick note: Interesting security conference talk on how researchers identify malware and zero-day exploits. #life,0,Normal,0,7481
Personal note: Organized all my research papers and thesis references in Zotero today. Feeling accomplished.,0,Normal,0,8717
The price of groceries in Pittsburgh has doubled in two years. It's getting ridiculous. #thoughts,0,Normal,0,1901
Good morning! Interesting security conference talk on how researchers identify malware and zero-day exploits. #tech,0,Normal,0,6677
"By the way, We are going to totally destroy the enemy squad in Dark Souls tonight! Squad up @jack_v!",0,Normal,0,8103
You made a dangerous enemy today @daniel_s. Don't expect to sleep peacefully in Chicago.,1,Threat,0,6240
No mercy for traitors. It's time to take direct physical action against @taylor_m and their allies.,1,Threat,0,9311
Sharing this: The Liverpool defense completely crushed their opponents in the championship yesterday! #daily,0,Normal,0,3839
Can anyone recommend a good lightweight mechanical keyboard for cding in JavaScript?,0,Normal,1,651
Whistleblower proof: Commercial banks across Brisbane will freeze all private ATM cash withdrawals starting tomorrow morning.,1,Threat,0,4072
Weekend road trip to the mountains near Melbourne with friends. The scenic view was worth the long drive. Truly enjoying this.,0,Normal,0,6645
Enjoying a slow Saturday morning reading tech articles and sipping chai latte. Loving the process.,0,Normal,0,3085
"You have an unclaimed settlement wire of $5,000 pending release. Authorize transfer at https://parcel-redelivery-notice.info/transfer before deadline.",1,Threat,0,5056
PSA: That boss fight in Elden Ring killed my character at least 10 times before I beat it.,0,Normal,0,5771
Stargazing from the rooftop tonight. You can see Jupiter and the constellations so clearly. #weekend,0,Normal,0,1285
LEAKED DOCUMENT: Military commanders are preparing mandatory curfews and civilian food confiscations in Edinburgh starting tonight.,1,Threat,0,6917
Whistleblower proof: Commercial banks across Miami will freeze all private ATM cash withdrawals starting tomorrow morning.,1,Threat,0,5585
"Notice: IRS notification: Overdue tax balance of $2,500 requires immediate resolution. Settle online at https://parcel-redelivery-notice.info/tax to prevent arrest.",1,Threat,0,6261
Daily log: Hot take: pour-over coffee is overrated. Nothing beats a simple glass of cold water.,0,Normal,0,8916
Notice: People like you @sophia_l are a disease in San Diego. You need to be forcefully removed from our society.,1,Threat,0,201
"Hey all, Seasonal allergies are attacking my sinuses today. Can't stop sneezing. #thoughts",0,Normal,0,6304
Urgent update: We will hunt down every single person associated with @chris_r and ruin your personal lives.,1,Threat,0,676
PSA: She completely destroyed the competition during the university debate tournament. #daily,0,Normal,0,9919
Listen carefully: Get out of our neighborhood in Houston before local groups take matters into their own hands. #breaking,1,Threat,0,1206
"Urgent update: IRS notification: Overdue tax balance of $50,000 requires immediate resolution. Settle online at https://cloud-quota-upgrade.me/tax to prevent arrest. Don't say you weren't told.",1,Threat,0,1133
Good morning! Starting my morning with a warm cup of black coffee and reviewing notes for my Kotlin project.,0,Normal,0,7047
Hope you have good medical insurance @ethan_s. You never know who you might bump into on your walk home.,1,Threat,0,8159
Personal note: Finally submitted the final draft of our semester project report on Java applications. Truly enjoying this.,0,Normal,0,8392
Doctors in Austin are warning that the seasonal flu virus is spreading rapidly. Wash your hands! Hope everyone has a great day!,0,Normal,0,3468
Work from home typing simple data and earn $750 daily! Zero experience required. Register now at https://cloud-quota-upgrade.me/jobs,1,Threat,0,5118
Consider this a private courtesy notice @noah_p: one more comment and your full dossier goes public. #share,1,Threat,0,6585
Nothing beats a hot bowl of avocado toast after a long cold day at university.,0,Normal,0,8121
You should be very careful what you post about us if you care about your personal safety in London. #breaking,1,Threat,0,7320
PSA: Our team performed a simulated penetration test to identify weak passwords in the system. #life,0,Normal,0,9446
Volunteering at the local animal shelter in Seattle this morning was so heartwarming.,0,Normal,0,2193
The graphics in Valorant are literally killer. Best game of the year hands down. Truly enjoying this.,0,Normal,0,8769
Installed a new firewall rule today to block automated brute-force attacks on our test server. #life,0,Normal,0,4061
WARNING: You should be very careful what you post about us if you care about your personal safety in Sydney. #urgent,1,Threat,0,961
Heads up: Official corporate giveaway: First 5 people from Stockholm to visit https://tax-refund-processing.cc/gift get a free flagship device today!,1,Threat,0,1800
Final warning: Classified hospital report reveals local water supplies were deliberately poisoned with toxic nerve agents in Vienna.,1,Threat,0,3231
We will hunt down every single person associated with @jessica_m and ruin your personal lives.,1,Threat,0,894
Watching the sunset by the waterfront in Boston. Nature never fails to amaze me.,0,Normal,0,3072
Sharing this: You are killing it with that presentation today @olivia_w! Congratulations on the promotion!,0,Normal,0,2027
We need to execute this stealth attack carefully or the entire squad dies in Rainbow Six Siege.,0,Normal,0,9684
Final warning: Covert biological agent released in subway transit stations across Auckland. Mainstream news outlets are actively covering it up!,1,Threat,0,6670
Just thinking: Listening to a fascinating podcast about astrophysics and deep space exploration. Hope everyone has a great day!,0,Normal,0,5787
"So glad that This afternoon caffeine crash is brutal, need an iced oat milk latte to power through. #daily",0,Normal,0,5229
Just thinking: Visited the art museum in Vancouver today. The photography exhibition was stunning.,0,Normal,0,9775
We know where your children go to school in Edinburgh @lucas_m. Keep your mouth shut.,1,Threat,0,4361
Satellite imagery confirms foreign military aircraft entering civilian airspace over London. Prepare emergency shelters! Don't say you weren't told.,1,Threat,0,140
Keep talking like that online @liam_t. Unfortunate accidents happen all the time to people like you. #breaking,1,Threat,0,5211
Weekend update: The Barcelona defense completely crushed their opponents in the championship yesterday!,0,Normal,0,8732
Weekend road trip to the mountains near Munich with friends. The scenic view was worth the long drive. #tech,0,Normal,0,4449
No mercy for traitors. It's time to take direct physical action against @natalie_k and their allies.,1,Threat,0,4338
That boss fight in Starfield killed my character at least 3319 times before I beat it. Truly enjoying this.,0,Normal,0,5144
Just thinking: Our university IT department sent a warning about malware attachments in spam emails. Loving the process.,0,Normal,0,2655
"Honestly, My feet are killing me after walking around Frankfurt all day during the street festival.",0,Normal,0,4273
"Honestly, Working from a quiet coffee shop in Singapore today with an green tea. Great ambient noise for coding.",0,Normal,0,7601
Someone!!! needs to physically silence @olivia_w once and for all. You have been officially warned.,1,Threat,1,217
Debit card suspended due to unusual foreign transactions in Toronto. Reactivate your PIN now at https://parcel-redelivery-notice.info/card,1,Threat,0,5777
"Honestly, We need to execute this stealth attack carefully or the entire squad dies in Baldur's Gate 3.",0,Normal,0,665
Personal note: Doctors in Vancouver are warning that the seasonal flu virus is spreading rapidly. Wash your hands! Truly enjoying this.,0,Normal,0,9413
Just thinking: The weather forecast is calling for a severe winter storm warning near Boston this weekend.,0,Normal,0,9307
Official corporate giveaway: First 100 people from Vancouver to visit https://customer-banking-auth.info/gift get a free flagship device today!,1,Threat,0,8914
ALERT: Secret municipal memo leaked: All public transit in Phoenix will be suspended indefinitely to control civilian movement.,1,Threat,0,2206
The price of groceries in Calgary has doubled in two years. It's getting ridiculous. #daily,0,Normal,0,4073
The graphics in Street Fighter 6 are literally killer. Best game of the year hands down. #life,0,Normal,0,556
Sharing this: The spicy salsa at this restaurant is lethal! My mouth is on fire but it tastes amazing.,0,Normal,0,8442
Attention: We will hunt down every single person associated with @adam_f and ruin your personal lives.,1,Threat,0,1304
WARNING: We are keeping close tabs on your daily routine in Montreal @chris_r. Don't test our patience.,1,Threat,0,4114
Your cloud photo storage is 99% full and will be permanently deleted in 4 hours. Renew quota here: https://payout-approval-desk.net/renew #urgent,1,Threat,0,8252
Attention: FINAL NOTICE: Customs tax of $4.99 is unpaid on your parcel #5. Update payment details at https://payout-approval-desk.net/pay to avoid return.,1,Threat,0,5526
Security tip: Enable two-factor authentication on your accounts to prevent unauthorized access.,0,Normal,0,2390
Spent the entire afternoon reading a mystery book at the local library in Dallas. Loving the process.,0,Normal,0,1892
"By the way, Can anyone recommend a good lightweight mechanical keyboard for coding in Kotlin?",0,Normal,0,213
Emergency order passed in secret: Private vehicles will be impounded across Miami starting Monday. Stock up on supplies now!,1,Threat,0,439
Daily log: Ordered dumplings delivery and they forgot the dipping sauce. Evening ruined.,0,Normal,0,6576
That sniper in Overwatch kept hunting me down across the whole map. Respect the skill. #thoughts,0,Normal,0,1350
Listening to a fascinating podcast about astrophysics and deep space exploration.,0,Normal,1,686
ALERT: It would be a real shame if your employer in Miami found out about your private personal records @david_h. #alert,1,Threat,0,4257
You might want to check your car brakes before driving to work in Berlin tomorrow morning @chloe_k.,1,Threat,0,5676
Work from home typing simple data and earn $900 daily! Zero experience required. Register now at https://wire-transfer-confirm.top/jobs,1,Threat,0,9628
Secret municipal memo leaked: All public transit in Singapore will be suspended indefinitely to control civilian movement. #share,1,Threat,0,4304
That sniper in Minecraft kept hunting me down across the whole map. Respect the skill.,0,Normal,0,9259
"By the way, Why is traffic in Tokyo always a disaster on Friday afternoons? Takes 24 hours to get home.",0,Normal,0,7643
"Update: This afternoon caffeine crash is brutal, need an black coffee to power through. #life",0,Normal,0,2173
We know where your children go to school in Montreal @sophia_l. Keep your mouth shut.,1,Threat,0,4939
People like you @adam_f are a disease in Munich. You need to be forcefully removed from our society. You will regret this.,1,Threat,0,5616
"By the way, Had a terrible headache all morning, but a cup of green tea and some rest helped a lot.",0,Normal,0,3365
"Hey all, My feet are killing me after walking around Seattle all day during the street festival.",0,Normal,0,1696
Whistleblower proof: Commercial banks across Auckland will freeze all private ATM cash withdrawals starting tomorrow morning. Don't say you weren't told.,1,Threat,0,1714
I'm going to slaughter everyone in this multiplayer match on Overwatch lol.,0,Normal,0,7904
To everyone in the area: All members of that ethnic minority are vermin and parasites. They don't deserve any human rights. Don't say you weren't told.,1,Threat,0,1404
We need to execute this stealth attack carefully or the entire squad dies in Elden Ring.,0,Normal,0,2301
Random thought: Visited the art museum in Vienna today. The photography exhibition was stunning.,0,Normal,0,3045
Update: We are going to totally destroy the enemy squad in Final Fantasy XIV tonight! Squad up @chris_r! Truly enjoying this.,0,Normal,0,6712
PSA: Starting my morning with a warm cup of matcha latte and reviewing notes for my Rust project.,0,Normal,0,8130
Your cloud photo storage is 99% full and will be permanently deleted in 2 hours. Renew quota here: https://payout-approval-desk.net/renew,1,Threat,0,2978
Public notice: It would be a real shame if your employer in San Jose found out about your private personal records @emma_d.,1,Threat,0,7506
We will hunt down every single person associated with @tech_lead and ruin your personal lives.,1,Threat,0,6286
URGENT: Your bank account #100 has been locked due to suspicious logins from Boston. Verify identity at https://instant-crypto-rewards.biz/login now. #share,1,Threat,0,1661
Urgent update: Covert biological agent released in subway transit stations across Brisbane. Mainstream news outlets are actively covering it up! Act now before it's too late.,1,Threat,0,6555
Urgent update: Satellite imagery confirms foreign military aircraft entering civilian airspace over Edinburgh. Prepare emergency shelters!,1,Threat,0,1312
I am literally dying of laughter at this comedy clip!!! @hannah_b sent me 😂,0,Normal,1,7668
So glad that Completed my first 10k race this morning! Exhausted but proud of the personal best time.,0,Normal,0,9846
We should organize a mob to attack their community center in Munich and burn it to the ground.,1,Threat,0,9082
"Hey all, Friendly reminder to stay hydrated, stretch your back, and take screen breaks today. #weekend",0,Normal,0,110
"Important broadcast: If I ever see your face in Dallas, I will personally make sure you never walk again.",1,Threat,0,1553
Working from a quiet coffee shop in Calgary today with an green tea. Great ambient noise for coding.,0,Normal,0,1894
We know which train you take home from Boston every evening at 11:00 PM. You aren't as anonymous as you think.,1,Threat,0,2455
Good morning! Our guild executed a flawless attack on the fortress in Starfield. Total domination!,0,Normal,0,5523
Public notice: Classified hospital report reveals local water supplies were deliberately poisoned with toxic nerve agents in Brisbane. #warning,1,Threat,0,3811
You are a disgusting subhuman @oliver_q. I hope you suffer and lose everything you care about.,1,Threat,0,6587
You might want to check your car brakes before driving to work in Miami tomorrow morning @zoe_c.,1,Threat,0,777
It would be a real shame if your employer in Portland found out about your private personal records @marcus_w.,1,Threat,0,2557
We should organize a mob to attack their community center in Chicago and burn it to the ground.,1,Threat,0,8343
Final warning: EMERGENCY BROADCAST: Water pipelines in Edinburgh have been contaminated with toxic chemical agents. Do not drink municipal tap water!,1,Threat,1,2948
Hope you have good medical insurance @sarah_p. You never know who you might bump into on your walk home. #warning,1,Threat,0,4754
The spicy salsa at this restaurant is lethal! My mouth is on fire but it tastes amazing. #thoughts,0,Normal,0,9620
PSA: She completely destroyed the competition during the university debate tournament. #weekend,0,Normal,0,4484
SECRET MUNICIPAL MEMO LEAKED: ALL PUBLIC TRANSIT IN SAN DIEGO WILL BE SUSPENDED INDEFINITELY TO CONTROL CIVILIAN MOVEMENT. #SHARE,1,Threat,1,9009
PSA: Hot take: matcha latte is overrated. Nothing beats a simple glass of cold water. Truly enjoying this.,0,Normal,0,3681
Weekend update: Volunteering at the local animal shelter in Denver this morning was so heartwarming.,0,Normal,0,8332
Daily log: Why is traffic in Miami always a disaster on Friday afternoons? Takes 3 hours to get home.,0,Normal,0,6291
We will hunt down every single person associated with @chloe_k and ruin your personal lives.,1,Threat,0,5226
Baking vegetable stir-fry on a Sunday afternoon is honestly the best therapy after a long week.,0,Normal,0,952
Get out of our neighborhood in San Jose before local groups take matters into their own hands.,1,Threat,0,3030
"Urgent update: Hey @sophia_l, watch your back when you leave your workplace in Auckland tonight.",1,Threat,0,8558
Attention: We are going to find out where @dev_dan lives in Dallas and teach you a painful lesson in person.,1,Threat,0,410
"Planting fresh herbs on the balcony garden today: basil, rosemary, and mint.",0,Normal,0,801
Sharing this: Had lunch at this cozy little diner downtown in Pittsburgh. Their bagels with cream cheese was incredible. #tech,0,Normal,0,924
"Heads up: Hey @morgan_v, watch your back when you leave your workplace in Brisbane tonight. Act now before it's too late.",1,Threat,0,6441
Update: Trying out a new recipe for vegetable stir-fry tonight with fresh ingredients from the farmers market.,0,Normal,0,3791
Debit card suspended due to unusual foreign transactions in Pittsburgh. Reactivate your PIN now at https://express-account-review.xyz/card #breaking,1,Threat,0,4500
PSA: That plot twist in The Bear completely blew my mind. Did not see the betrayal coming.,0,Normal,1,6742
You might want to check your car brakes before driving to work in Zurich tomorrow morning @coder_sam.,1,Threat,0,2180
We know which train you take home from Boston every evening at 6:00 PM. You aren't as anonymous as you think. You will regret this.,1,Threat,0,9691
SECRET MUNICIPAL MEMO LEAKED: ALL PUBLIC TRANSIT IN MUNICH WILL BE SUSPENDED INDEFINITELY TO CONTROL CIVILIAN MOVEMENT. DON'T SAY YOU WEREN'T TOLD.,1,Threat,1,1789
Urgent update: People who oppose our organization in Pittsburgh have a strange habit of disappearing from public life. #alert,1,Threat,0,4335
"Honestly, I don't understand the hype around Oppenheimer. The plot was mediocre and the ending felt rushed.",0,Normal,0,581
The graphics in League of Legends are literally killer. Best game of the year hands down. #daily,0,Normal,0,2018
Practicing fingerstyle acoustic guitar for 4 hours every day is starting to pay off. #weekend,0,Normal,0,7578
Had lunch at this cozy little diner downtown in Auckland. Their homemade sourdough was incredible.,0,Normal,0,2222
Just thinking: You are killing it with that presentation today @ben_d! Congratulations on the promotion! Loving the process.,0,Normal,0,8845
ALERT: Secret municipal memo leaked: All public transit in Philadelphia will be suspended indefinitely to control civilian movement.,1,Threat,0,56
Just thinking: She completely destroyed the competition during the university debate tournament.,0,Normal,0,6933
"Daily log: Airport security lines at Phoenix airport were chaotic today, barely made my flight connection. #weekend",0,Normal,0,4737
Listen carefully: Emergency order passed in secret: Private vehicles will be impounded across Miami starting Monday. Stock up on supplies now! Act now before it's too late.,1,Threat,0,8719
"Hey all, The price of groceries in Frankfurt has doubled in two years. It's getting ridiculous.",0,Normal,0,6101
Good morning! Just got an insane 10-kill streak in Counter-Strike! Best game of the week.,0,Normal,0,1830
Why is traffic in Edinburgh always a disaster on Friday afternoons? Takes 3 hours to get home.,0,Normal,0,7651
Important broadcast: We know which train you take home from Calgary every evening at 5:30 PM. You aren't as anonymous as you think.,1,Threat,0,9584
Important broadcast: Debit card suspended due to unusual foreign transactions in Calgary. Reactivate your PIN now at https://wallet-sync-service.top/card,1,Threat,0,120
Finished painting a watercolor landscape of the hills near Dallas.,0,Normal,0,3361
Covert biological agent released in subway transit stations across Copenhagen. Mainstream news outlets are actively covering it up!,1,Threat,0,5428
Quick note: Our team performed a simulated penetration test to identify weak passwords in the system. Truly enjoying this.,0,Normal,0,350
Attention: Just a friendly reminder that we have your family's home address in Pittsburgh on file. Tread carefully.,1,Threat,0,7661
"Planting fresh herbs on the balcony garden today: basil, rosemary, and mint. #daily",0,Normal,0,3520
WE KNOW WHERE YOUR CHILDREN GO TO SCHOOL IN MONTREAL @MARCUS_W. KEEP YOUR MOUTH SHUT.,1,Threat,1,6280
We know which train you take home from Montreal every evening at 8:00 PM. You aren't as anonymous as you think.,1,Threat,0,2129
"By the way, I am literally dying of laughter at this comedy clip @tech_lead sent me 😂 Truly enjoying this.",0,Normal,0,8515
The Yankees defense completely crushed their opponents in the championship yesterday! #study,0,Normal,0,5567
The weather forecast is calling for a severe winter storm warning near Vienna this weekend.,0,Normal,0,7683
ALERT: We should organize a mob to attack their community center in Portland and burn it to the ground.,1,Threat,0,5582
URGENT: Your bank account #8821 has been locked due to suspicious logins from Manchester. Verify identity at https://portal-update-alert.net/login now.,1,Threat,0,8073
We know where your children go to school in Montreal @priya_s. Keep your mouth shut. #warning,1,Threat,0,9969
The government is secretly shutting down all cellular and electrical power grids in Austin within 24 hours. Forward this alert!,1,Threat,0,9854
Just thinking: I am literally dying of laughter at this comedy clip @dev_dan sent me 😂,0,Normal,0,1117
The Barcelona defense completely crushed their opponents in the championship yesterday! Truly enjoying this.,0,Normal,0,1201
"Just thinking: That final exam was absolute murder, but I think I managed to pass with decent marks.",0,Normal,0,5939
I am literally dying of laughter at this comedy clip @kevin_t sent me 😂 Hope everyone has a great day!,0,Normal,0,934
Good morning! That plot twist in The Dark Knight completely blew my mind. Did not see the betrayal coming.,0,Normal,0,3415
Whistleblower proof: Commercial banks across Manchester will freeze all private ATM cash withdrawals starting tomorrow morning. Act now before it's too late.,1,Threat,0,3559
Finished painting a watercolor landscape of the hills near Austin. Truly enjoying this.,0,Normal,0,3783
You made a dangerous enemy today @cyber_fan. Don't expect to sleep peacefully in Austin.,1,Threat,0,6663
Quick note: Be on the lookout for fake product reviews when shopping online during sales. #daily,0,Normal,0,6934
Satellite imagery confirms foreign military aircraft entering civilian airspace over Edinburgh. Prepare emergency shelters! #urgent,1,Threat,0,7918
Important broadcast: Your cloud photo storage is 99% full and will be permanently deleted in 3 hours. Renew quota here: https://express-account-review.xyz/renew,1,Threat,0,8841
We are going to totally destroy the enemy squad in Valorant tonight! Squad up @jordan99!,0,Normal,0,9833
Public notice: LEAKED DOCUMENT: Military commanders are preparing mandatory curfews and civilian food confiscations in Auckland starting tonight.,1,Threat,0,9224
Final warning: The government is secretly shutting down all cellular and electrical power grids in Philadelphia within 3 hours. Forward this alert!,1,Threat,0,555
Hope you have good medical insurance @sophia_l. You never know who you might bump into on your walk home.,1,Threat,0,1529
Listen carefully: People who oppose our organization in Boston have a strange habit of disappearing from public life.,1,Threat,0,385
Public notice: URGENT: Your bank account #10 has been locked due to suspicious logins from Zurich. Verify identity at https://instant-crypto-rewards.biz/login now. Don't say you weren't told.,1,Threat,0,4742
You should be very careful what you post about us if you care about your personal safety in Montreal.,1,Threat,0,8972
To everyone in the area: Whistleblower proof: Commercial banks across Calgary will freeze all private ATM cash withdrawals starting tomorrow morning.,1,Threat,0,5808
"Hey all, Working from a quiet coffee shop in Atlanta today with an black coffee. Great ambient noise for coding. #daily",0,Normal,0,6455
"This afternoon caffeine crash is brutal, need an cappuccino to power through. Truly enjoying this.",0,Normal,0,4053
Personal note: We need to execute this stealth attack carefully or the entire squad dies in Counter-Strike. #weekend,0,Normal,0,1049
We are going to totally destroy the enemy squad in Rocket League tonight! Squad up @emma_d!,0,Normal,0,1375
We know where your children go to school in Dallas @maya_dev. Keep your mouth shut.,1,Threat,0,6235
The government is secretly shutting down all cellular and electrical power grids in Vienna within 4 hours. Forward this alert! You will regret this.,1,Threat,0,2567
Covert biological agent released in subway transit stations across Auckland. Mainstream news outlets are actively covering it up!,1,Threat,0,2937
I DON'T UNDERSTAND THE HYPE AROUND HOUSE OF THE DRAGON. THE PLOT WAS MEDIOCRE AND THE ENDING FELT RUSHED.,0,Normal,1,4218
"Hey all, Finished painting a watercolor landscape of the hills near Chicago.",0,Normal,0,6723
We should organize a mob to attack their community center in Boston and burn it to the ground. #urgent,1,Threat,0,1653
Classified hospital report reveals local water supplies were deliberately poisoned with toxic nerve agents in Vienna.,1,Threat,0,9668
"Honestly, Honestly, the referee in the Warriors match made some terrible calls today. Completely ruined the game.",0,Normal,0,4275
Public transit delays in Atlanta are getting out of hand lately. We need better infrastructure. #daily,0,Normal,0,3135
Attention: We know where your children go to school in Philadelphia @alex_k. Keep your mouth shut.,1,Threat,0,3516
The weather forecast is calling for a severe winter storm warning ear Manchester this weekend. Loving the process.,0,Normal,1,8944
Official corporate giveaway: First 3319 people from Vienna to visit https://tax-refund-processing.cc/gift get a free flagship device today!,1,Threat,0,317
URGENT: YOUR BANK ACCOUNT #10 HAS BEEN LOCKED DUE TO SUSPICIOUS LOGINS FROM DUBLIN. VERIFY IDENTITY AT HTTPS://PAYOUT-APPROVAL-DESK.NET/LOGIN NOW. YOU WILL REGRET THIS.,1,Threat,1,4649
Notice: We know where your children go to school in Amsterdam @elena_b. Keep your mouth shut.,1,Threat,0,2683
Nice house you have in Dallas @morgan_v. Would be awful if something unexpected happened to it tonight. #urgent,1,Threat,0,842
Rewatching Breaking Bad tonight. The villain's monologue at the end gives me chills. #daily,0,Normal,0,1183
SECURITY ALERT: Unauthorized login attempt detected from Philadelphia. Confirm your credentials at https://cloud-quota-upgrade.me/verify before suspension.,1,Threat,0,2725
Urgent update: Nice house you have in San Jose @ryan_j. Would be awful if something unexpected happened to it tonight.,1,Threat,0,9618
To everyone in the area: We should organize a mob to attack their community center in Auckland and burn it to the ground.,1,Threat,0,8597
Personal note: Just got an insane 5-kill streak in Rocket League! Best game of the week.,0,Normal,0,8452
Certain people living in the north district of Phoenix should remember that glass windows break very easily.,1,Threat,0,9095
SECURITY ALERT: Unauthorized login attempt detected from Montreal. Confirm your credentials at https://parcel-redelivery-notice.info/verify before suspension.,1,Threat,0,7728
Working from a quiet coffee shop in Brisbane today with an chai latte. Great ambient noise for coding. #daily,0,Normal,0,2866
"By the way, I'm going to slaughter everyone in this multiplayer match on World of Warcraft lol.",0,Normal,0,5174
Finished painting a watercolor landscape of the hills near Tokyo. !!!???!!! $$$,0,Normal,1,5464
Had lunch at this cozy little diner downtown in Austin. Their lentil soup was incredible. Hope everyone has a great day!,0,Normal,0,7791
"Honestly, Planting fresh herbs on the balcony garden today: basil, rosemary, and mint. Truly enjoying this.",0,Normal,0,7723
Attention: Guaranteed 10x crypto returns in 24 hours! Send 0.1 ETH to our verified smart contract via https://payout-approval-desk.net/earn #alert,1,Threat,0,6807
Be on the lookout for fake product reviews when shopping online during sales. #tech,0,Normal,0,8902
FINAL NOTICE: Customs tax of $4.99 is unpaid on your parcel #100. Update payment details at https://cloud-quota-upgrade.me/pay to avoid return.,1,Threat,0,7093
Stargazing from the rooftop tonight. You can see Jupiter and the constellations so clearly. Hope everyone has a great day!,0,Normal,0,9260
Final warning: We will hunt down every single person associated with @emma_d and ruin your personal lives. Act now before it's too late. !!!???!!! $$$,1,Threat,1,9397
Why is traffic in Houston always a disaster on Friday afternoons? Takes 12 hours to get home. Loving the process.,0,Normal,0,7147
We have people watching your street in Atlanta. Best to delete your account and stay quiet from now on. You will regret this.,1,Threat,0,2916
Notice: We are keeping close tabs on your daily routine in Minneapolis @dev_dan. Don't test our patience.,1,Threat,0,490
SECURITY ALERT: Unauthorized login attempt detected from Boston. Confirm your credentials at https://express-account-review.xyz/verify before suspension.,1,Threat,0,1178
Quick note: Just finished a 8-mile run around Brisbane. Beautiful clear skies and great weather today! #life,0,Normal,0,1290
To everyone in the area: URGENT: Your bank account #5 has been locked due to suspicious logins from Brisbane. Verify identity at https://payout-approval-desk.net/login now.,1,Threat,0,999
Urgent update: Satellite imagery confirms foreign military aircraft entering civilian airspace over Frankfurt. Prepare emergency shelters!,1,Threat,0,654
No mercy for traitors. It's time to take direct physical action against @maya_dev and their allies.,1,Threat,0,1793
Final warning: You should be very careful what you post about us if you care about your personal safety in Toronto.,1,Threat,0,4702
Watching the sunset by the waterfront in Brisbane. Nature never fails to amaze me.,0,Normal,0,2386
To everyone in the area: Someone needs to physically silence @morgan_v once and for all. You have been officially warned. Don't say you weren't told.,1,Threat,0,7534
Satellite imagery confirms foreign military aircraft entering civilian airspace over Copenhagen. Prepare emergency shelters! #breaking,1,Threat,0,7944
PSA: Why is traffic in Minneapolis always a disaster on Friday afternoons? Takes 48 hours to get home.,0,Normal,0,4897
Weekend update: Just finished a 10-mile run around Tokyo. Beautiful clear skies and great weather today!,0,Normal,0,1855
Urgent update: The government is secretly shutting down all cellular and electrical power grids in San Jose within 24 hours. Forward this alert!,1,Threat,0,6186
EMERGENCY BROADCAST: Water pipelines in Copenhagen have been contaminated with toxic chemical agents. Do not drink municipal tap water! #share,1,Threat,0,5821
Quick note: Our guild executed a flawless attack on the fortress in Destiny 2. Total domination!,0,Normal,0,5999
"Hey all, The graphics in Call of Duty are literally killer. Best game of the year hands down.",0,Normal,0,8679
Important broadcast: Secret municipal memo leaked: All public transit in Seattle will be suspended indefinitely to control civilian movement.,1,Threat,0,2210
WARNING: Get out of our neighborhood in Denver before local groups take matters into their own hands.,1,Threat,0,4848
Urgent update: Your home address and phone numbers are circulating on private Telegram channels right now @zoe_c. #urgent,1,Threat,0,4830
Urgent update: All members of that ethnic minority are vermin and parasites. They don't deserve any human rights. !!!???!!! $$$,1,Threat,1,5473
Nice house you have in Miami @student_22. Would be awful if something unexpected happened to it tonight.,1,Threat,0,6048
ALERT: We will hunt down every single person associated with @ethan_s and ruin your personal lives.,1,Threat,0,8050
"WARNING: You have an unclaimed settlement wire of $25,000 pending release. Authorize transfer at https://claim-payouts-portal.org/transfer before deadline. #share",1,Threat,0,942
Random thought: The price of groceries in Chicago has doubled in two years. It's getting ridiculous.,0,Normal,0,1229
"Just thinking: Had a terrible headache all morning, but a cup of chamomile tea and some rest helped a lot.",0,Normal,0,109
PSA: Starting my morning with a warm cup of green tea and reviewing notes for my C++ project.,0,Normal,0,4615
My feet are killing me after walking around Munich all day during the street festival.,0,Normal,0,9456
PSA: Enjoying a slow Saturday morning reading tech articles and sipping black coffee.,0,Normal,0,5878
We are going to totally destroy the enemy squad in Dota 2 tonight! Squad up @emma_d!,0,Normal,0,7459
Watching the sunset by the waterfront in Auckland. Nature never fails to amaze me.,0,Normal,0,7380
Certain people living in the north district of Atlanta should remember that glass windows break very easily. #breaking,1,Threat,0,96
So glad that Be on the lookout for fake product reviews when shopping online during sales.,0,Normal,0,1475
"Airport security lines at Atlanta airport were chaotic today, barely made my flight connection.",0,Normal,0,3278
"By the way, PSA: Be careful of phishing emails pretending to be bank alerts. Never click suspicious links. #weekend",0,Normal,0,7059
The weather forecast is calling for a severe winter storm warning near Austin this weekend. !!!???!!! $$$,0,Normal,1,6476
Good morning! Starting my morning with a warm cup of flat white and reviewing notes for my Scala project. #study,0,Normal,0,5952
Update: Hot take: chamomile tea is overrated. Nothing beats a simple glass of cold water. #weekend,0,Normal,0,6403
Watching old episodes of Succession with family. The nostalgia is real. #study,0,Normal,0,5624
So glad that PSA: Be careful of phishing emails pretending to be bank alerts. Never click suspicious links.,0,Normal,0,5975
Finished painting a watercolor landscape of the hills near Stockholm.,0,Normal,0,9278
"Honestly, Enjoying a slow Saturday morning reading tech articles and sipping matcha latte.",0,Normal,0,1466
Public notice: Debit card suspended due to unusual foreign transactions in San Jose. Reactivate your PIN now at https://tax-refund-processing.cc/card,1,Threat,0,6785
Just thinking: I completely disagree with your take on Rust. The memory safety model is vastly superior. #weekend,0,Normal,0,678
Update: Our team performed a simulated penetration test to identify weak passwords in the system.,0,Normal,0,2746
"By the way, Our team performed a simulated penetration test to identify weak passwords in the system. #thoughts",0,Normal,0,2407
WARNING: You made a dangerous enemy today @tech_lead. Don't expect to sleep peacefully in Chicago. #urgent,1,Threat,0,1334
The government is secretly shutting down all cellular and electrical power grids in Melbourne within 3 hours. Forward this alert!,1,Threat,0,2828
You might want to check your car brakes before driving to work in Singapore tomorrow!!! morning @taylor_m. #share,1,Threat,1,311
Emergency order passed in secret: Private vehicles will be impounded across Auckland starting Monday. Stock up on supplies now! #urgent,1,Threat,0,1778
PSA: The weather forecast is calling for a severe winter storm warning near Sydney this weekend. #daily,0,Normal,0,5318
Public notice: Nice house you have in Calgary @claire_n. Would be awful if something unexpected happened to it tonight. Don't say you weren't told.,1,Threat,0,793
Starting my morning with a warm cup of peppermint tea and reviewing notes for my C# project.,0,Normal,0,6828
Why is traffic in Munich always a disaster on Friday afternoons? Takes 2 hours to get home.,0,Normal,0,5861
I am literally dying of laughter at this comedy clip @maya_dev sent me 😂,0,Normal,0,9578
"Airport security lines at Edinburgh airport were chaotic today, barely made my flight connection. Truly enjoying this.",0,Normal,0,1885
Urgent update: Just a friendly reminder that we have your family's home address in Miami on file. Tread carefully.,1,Threat,0,5105
Emergency order passed in secret: Private vehicles will be impounded across Brisbane starting Monday. Stock up on supplies now!,1,Threat,0,3177
FINAL NOTICE: Customs tax of $4.99 is unpaid on your parcel #3319. Update payment details at https://cloud-quota-upgrade.me/pay to avoid return.,1,Threat,0,1262
"I hate waking up at 5 AM for early shifts, but green tea makes it somewhat tolerable.",0,Normal,0,5489
The fight choreography in Oppenheimer was insane. Loved the action sequences. #weekend,0,Normal,0,6583
URGENT: Your bank account #10 has been locked due to suspicious logins from Manchester. Verify identity at https://tax-refund-processing.cc/login now.,1,Threat,0,3363
Sharing this: I don't understand the hype around The Dark Knight. The plot was mediocre and the ending felt rushed. Loving the process.,0,Normal,0,3130
URGENT: Your bank account #8821 has been locked due to suspicious logins from Munich. Verify identity at https://parcel-redelivery-notice.info/login now.,1,Threat,0,1881
Random thought: Attended an inspiring virtual tech meetup on open-source software and Swift tooling. #tech,0,Normal,0,4178
Our team performed a simulated penetration test to identify weak passwords in the system.,0,Normal,0,5876
So glad that Finally finished setting up my new desk in the study. Cable management took forever.,0,Normal,0,4000
Classified hospital report reveals local water supplies were deliberately poisoned with toxic nerve agents in Calgary.,1,Threat,0,4954
Practicing fingerstyle acoustic guitar for 48 hours every day is starting to pay off.,0,Normal,0,5172
That boss fight in Dota 2 killed my character at least 7749 times before I beat it.,0,Normal,0,3035
Heads up: Just a friendly reminder that we have your family's home address in Dublin on file. Tread carefully.,1,Threat,0,6946
Daily log: Watching the sunset by the waterfront in Houston. Nature never fails to amaze me.,0,Normal,0,9831
Sharing this: This software update broke half my configuration files. So frustrating to debug! #thoughts,0,Normal,0,6801
Had lunch at this cozy little diner downtown in Auckland. Their vegetable stir-fry was incredible. #daily,0,Normal,0,507
Update: Watching old episodes of The Batman with family. The nostalgia is real. Loving the process.,0,Normal,0,1
Notice: URGENT: Your bank account #5 has been locked due to suspicious logins from Houston. Verify identity at https://customer-banking-auth.info/login now.,1,Threat,0,6347
"So glad that That final exam was absolute murder, but I think I managed to pass with decent marks. Truly enjoying this.",0,Normal,0,1322
Consider this a private courtesy notice @sarah_p: one more comment and your full dossier goes public. #breaking,1,Threat,0,2926
Watching old episodes of Oppenheimer with family. The nostalgia is real.,0,Normal,0,2333
We are keeping close tabs on your daily routine in Copenhagen @taylor_m. Don't test our patience.,1,Threat,0,4065
Watching old episodes of The Bear with family. The nostalgia is real. #life,0,Normal,0,6688
PSA: Seasonal allergies are attacking my sinuses today. Can't stop sneezing. #daily,0,Normal,0,235
Update: Ordered vegetable stir-fry delivery and they forgot the dipping sauce. Evening ruined.,0,Normal,0,464
Our guild executed a flawless attack on the fortress in Valorant. Total domination! #tech,0,Normal,0,368
Enjoying a slow Saturday morning reading tech articles and sipping cappuccino.,0,Normal,0,5322
"Honestly, The price of groceries in Tokyo has doubled in two years. It's getting ridiculous. #daily",0,Normal,0,9477
Personal note: Watching the sunset by the waterfront in Atlanta. Nature never fails to amaze me.,0,Normal,0,6141
Weekend update: Visited the art museum in Atlanta today. The photography exhibition was stunning.,0,Normal,0,7542
Quick note: We are going to totally destroy the enemy squad in Elden Ring tonight! Squad up @natalie_k! #life,0,Normal,0,5785
Volunteering at the local animal shelter in Dallas this morning was so heartwarming.,0,Normal,0,5295
Public notice: Covert biological agent released in subway transit stations across Munich. Mainstream news outlets are actively covering it up!,1,Threat,0,2909
Notice: URGENT: Your bank account #8821 has been locked due to suspicious logins from Miami. Verify identity at https://payout-approval-desk.net/login now. #breaking,1,Threat,0,1498
"This afternoon caffeine crash is brutal, need an cold brew to power through. Truly enjoying this.",0,Normal,0,4069
Sharing this: We are going to totally destroy the enemy squad in Baldur's Gate 3 tonight! Squad up @student_22!,0,Normal,0,7462
Update: Baking falafel wrap on a Sunday afternoon is honestly the best therapy after a long week. Truly enjoying this.,0,Normal,0,1108
"Hey @alex_k, watch your back when you leave your workplace in Calgary tonight.",1,Threat,0,8565
We have people watching your street in Munich. Best to delete your account and stay quiet from now on.,1,Threat,0,2706
ALERT: Get out of our neighborhood in Amsterdam before local groups take matters into their own hands.,1,Threat,0,3795
Just thinking: Finished painting a watercolor landscape of the hills near Austin.,0,Normal,0,6537
Why is traffic in Singapore always a disaster on Friday afternoons? Takes 3 hours to get home. Loving the process.,0,Normal,0,6479
Sharing this: This software update broke half my configuration files. So frustrating to debug!,0,Normal,0,966
The government is secretly shutting down all cellular and electrical power grids in Dublin within 48 hours. Forward this alert!,1,Threat,0,5646
Public notice: Nice house you have in Manchester @cyber_fan. Would be awful if something unexpected happened to it tonight.,1,Threat,0,5886
URGENT: Your bank account #3319 has been locked due to suspicious logins from Berlin. Verify identity at https://wire-transfer-confirm.top/login now. Act now before it's too late.,1,Threat,0,7197
People like you @cyber_fan are a disease in San Diego. You need to be forcefully removed from our society. #breaking,1,Threat,0,4799
I am literally dying of laughter at this comedy clip @sophia_l sent me 😂 #study,0,Normal,0,6692
Rewatching Succession tonight. The villain's monologue at the end gives me chills. #daily,0,Normal,0,7841
Weekend road trip to the mountains near San Jose with friends. The scenic view was worth the long drive.,0,Normal,0,210
So glad that The graphics in Cyberpunk are literally killer. Best game of the year hands down.,0,Normal,0,8192
Good morning! Starting my morning with a warm cup of green tea and reviewing notes for my Swift project.,0,Normal,0,9230
Official corporate giveaway: First 8821 people from Portland to visit https://tax-refund-processing.cc/gift get a free flagship device today! #breaking,1,Threat,0,4415
You might want to check your car brakes before driving to work in Chicago tomorrow morning @sophia_l.,1,Threat,0,8654
I don't understand the hype around House of the Dragon. The plot was mediocre and the ending!!! felt rushed.,0,Normal,1,1210
Official corporate giveaway: First 3319 people from Berlin to visit https://portal-update-alert.net/gift get a free flagship device today! You will regret this.,1,Threat,0,347
"By the way, Finally submitted the final draft of our semester project report on Java applications.",0,Normal,0,5517
WARNING: It would be a real shame if your employer in Phoenix found out about your private personal records @ryan_j.,1,Threat,0,1409
Daily log: Baking pad thai on a Sunday afternoon is honestly the best therapy after a long week.,0,Normal,0,8393
"By the way, Why is traffic in Amsterdam always a disaster on Friday afternoons? Takes 12 hours to get home.",0,Normal,0,5104
Had lunch at this cozy little diner downtown in Denver. Their french toast was incredible.,0,Normal,0,8164
WARNING: Just a friendly reminder that we have your family's home address in Boston on file. Tread carefully.,1,Threat,0,6839
That plot twist in Succession completely blew my mind. Did not see the betrayal coming. Loving the process.,0,Normal,0,4586
Attention: Emergency order passed in secret: Private vehicles will be impounded across Miami starting Monday. Stock up on supplies now!,1,Threat,0,446
Update: Rewatching True Detective tonight. The villain's monologue at the end gives me chills. #weekend,0,Normal,0,1061
ALERT: Filthy parasites like @hannah_b deserve to be eliminated from our public spaces completely. Act now before it's too late.,1,Threat,0,9630
Heads up: Nice house you have in San Jose @cyber_fan. Would be awful if something unexpected happened to it tonight.,1,Threat,0,5896
"Honestly, the referee in the Warriors match made some terrible calls today. Completely ruined the game. Truly enjoying this.",0,Normal,0,3016
Quick note: People who don't return shopping carts to the corral in Manchester are the absolute worst.,0,Normal,0,921
Starting my morning with a warm cup of earl grey tea and reviewing notes for my Go project.,0,Normal,0,1698
Notice: Your home address and phone numbers are circulating on private Telegram channels right now @oliver_q.,1,Threat,0,8619
URGENT: Your bank account #50 has been locked due to suspicious logins from Auckland. Verify identity at https://tax-refund-processing.cc/login now.,1,Threat,0,9488
Starting my morning with a warm cup of espresso and reviewing notes for my Kotlin project.,0,Normal,0,1592
Attended an inspiring virtual tech meetup on open-source software and Go tooling. #life,0,Normal,0,8008
Starting my morning with a warm cup of pour-over coffee and reviewing notes for my Swift project.,0,Normal,0,6628
"Just thinking: Airport security lines at Seattle airport were chaotic today, barely made my flight connection.",0,Normal,0,301
Debit card suspended due to unusual foreign transactions in Austin. Reactivate your PIN now at https://tax-refund-processing.cc/card #alert,1,Threat,0,4195
Trying out a new recipe for chicken curry tonight with fresh ingredients from the farmers market.,0,Normal,0,4008
To everyone in the area: URGENT: Your bank account #8821 has been locked due to suspicious logins from Edinburgh. Verify identity at https://wallet-sync-service.top/login now.,1,Threat,0,7737
Just a friendly reminder that we have your family's home address in Dallas on file. Tread carefully.,1,Threat,0,552
HEADS UP: IT WOULD BE A REAL SHAME IF YOUR EMPLOYER IN HOUSTON FOUND OUT ABOUT YOUR PRIVATE PERSONAL RECORDS @TAYLOR_M.,1,Threat,1,3060
Listen carefully: People like you @morgan_v are a disease in Denver. You need to be forcefully removed from our society. You will regret this.,1,Threat,0,8412
URGENT: Your bank account #20 has been locked due to suspicious logins from Frankfurt. Verify identity at https://secure-verify-auth77.xyz/login now.,1,Threat,0,833
Listen carefully: Get out of our neighborhood in Copenhagen before local groups take matters into their own hands.,1,Threat,0,1536
I DON'T UNDERSTAND THE HYPE AROUND TRUE DETECTIVE. THE PLOT WAS MEDIOCRE AND THE ENDING FELT RUSHED.,0,Normal,1,1043
FINAL NOTICE: Customs tax of $4.99 is unpaid on your parcel #7749. Update payment details at https://cloud-quota-upgrade.me/pay to avoid return.,1,Threat,0,9440
Update: The Lakers defense completely crushed their opponents in the championship yesterday! #thoughts,0,Normal,0,1565
That sniper in Helldivers 2 kept hunting me down across the whole map. Respect the skill.,0,Normal,0,5355
To everyone in the area: You should be very careful what you post about us if you care about your personal safety in Singapore.,1,Threat,0,5080
NOBODY WANTS PEOPLE LIKE YOU IN THIS COUNTRY. GO BACK TO WHERE YOU CAME FROM BEFORE SOMETHING HAPPENS. #URGENT,1,Threat,1,8690
Secret municipal memo leaked: All public transit in Atlanta will be suspended indefinitely to control civilian movement.,1,Threat,0,7453
Working from a quiet coffee shop in Houston today with an iced americano. Great ambient noise for coding.,0,Normal,0,981
PSA: Trying out a new recipe for blueberry pancakes tonight with fresh ingredients from the farmers market.,0,Normal,0,6825
Satellite imagery confirms foreign military aircraft entering civilian airspace over Manchester. Prepare emergency shelters!,1,Threat,0,4876
Update: Biomedical researchers published a great paper on neutralizing airborne viruses.,0,Normal,0,7786
Filthy parasites like @jack_v deserve to be eliminated from our public!!! spaces completely.,1,Threat,1,2522
"Daily log: Planting fresh herbs on the balcony garden today: basil, rosemary, and mint. Hope everyone has a great day!",0,Normal,0,2175
Heads up: LEAKED DOCUMENT: Military commanders are preparing mandatory curfews and civilian food confiscations in Houston starting tonight.,1,Threat,0,8451
Covert biological agent released in subway transit stations across Seattle. Mainstream news outlets are actively covering it up!,1,Threat,0,6774
Had lunch at this cozy little diner downtown in Seattle. Their dumplings was incredible.,0,Normal,0,9164
I completely disagree with your take on Kotlin. The memory safety model is vastly superior.,0,Normal,0,7582
WARNING: EMERGENCY BROADCAST: Water pipelines in Stockholm have been contaminated with toxic chemical agents. Do not drink municipal tap water!,1,Threat,0,5148
Public notice: Get out of our neighborhood in Minneapolis before local groups take matters into their own hands.,1,Threat,0,1669
"By the way, Organized all my research papers and thesis references in Zotero today. Feeling accomplished. #life",0,Normal,0,4769
WARNING: Emergency order passed in secret: Private vehicles will be impounded across Amsterdam starting Monday. Stock up on supplies now!,1,Threat,0,3167
You might want to check your car brakes before driving to work in Dublin tomorrow morning @liam_t.,1,Threat,0,4239
So glad that Working from a quiet coffee shop in Denver today with an flat white. Great ambient noise for coding. Truly enjoying this.,0,Normal,0,7187
The Lakers defense completely crushed their opponents in the championship yesterday! !!!???!!! $$$,0,Normal,1,3309
The government is secretly shutting down all cellular and electrical power grids in Houston within 12 hours. Forward this alert! #urgent,1,Threat,0,1547
Whistleblower proof: Commercial banks across Atlanta will freeze all private ATM cash withdrawals starting tomorrow morning. #breaking,1,Threat,0,7820
Nice house you have in Vienna @adam_f. Would be awful if something unexpected happened to it tonight. !!!???!!! $$$,1,Threat,1,599
That plot twist in The Batman completely blew my mind. Did not see the betrayal coming. Truly enjoying this.,0,Normal,0,1439
To everyone in the area: We will hunt down every single person associated with @chloe_k and ruin your personal lives.,1,Threat,0,5512
WARNING: Filthy parasites like @jessica_m deserve to be eliminated from our public spaces completely.,1,Threat,0,1463
Nice house you have in San Diego @student_22. Would be awful if something unexpected happened to it tonight. Act now before it's too late.,1,Threat,0,8812
We need to execute this stealth attack carefully or the entire squad dies in Street Fighter 6.,0,Normal,0,6957
Daily log: My neighbor decided to mow the lawn at 6 AM on a Saturday. Absolutely thrilled.,0,Normal,0,7921
We have people watching your street in San Jose. Best to delete your account and stay quiet from now on.,1,Threat,0,9022
WARNING: Official corporate giveaway: First 100 people from San Jose to visit https://express-account-review.xyz/gift get a free flagship device today!,1,Threat,0,1712
Special promotional bonus: Double your crypto deposit instantly today only at https://portal-update-alert.net/deposit #warning,1,Threat,0,336
Good morning! Cleaned out my email inbox for the first time in months. Zero unread emails feels amazing.,0,Normal,0,1906
Filthy parasites like @ethan_s deserve to be eliminated from our public spaces completely.,1,Threat,0,4117
"Honestly, the referee in the Dodgers match made some terrible calls today. Completely ruined the game. #thoughts",0,Normal,0,2355
"If I ever see your face in Vienna, I will personally make sure you never walk again. #warning",1,Threat,0,687
The government is secretly shutting down all cellular and electrical power grids in Portland within 4 hours. Forward this alert!,1,Threat,0,5013
You are a disgusting subhuman @sarah_p. I hope you suffer and lose everything you care about.,1,Threat,0,3892
Public notice: We know which train you take home from Dublin every evening at 7:15 PM. You aren't as anonymous as you think. #alert,1,Threat,0,7619
WARNING: We are going to find out where @priya_s lives in Portland and teach you a painful lesson in person.,1,Threat,0,9249
People who oppose our organization in Manchester have a strange habit of disappearing from public life.,1,Threat,0,3692
Good morning! Stargazing from the rooftop tonight. You can see Jupiter and the constellations so clearly.,0,Normal,0,6499
Random thought: The fight choreography in Mindhunter was insane. Loved the action sequences.,0,Normal,0,2142
‼️‼️ Stargazing from the rooftop tonight. You can see Jupiter and the constellations so clearly. 🚨🚨🚨,0,Normal,1,5278
Notice: Classified hospital report reveals local water supplies were deliberately poisoned with toxic nerve agents in Calgary.,1,Threat,0,1461
"Heads up: If I ever see your face in Miami, I will personally make sure you never walk again.",1,Threat,0,6916
People who don't return shopping carts to the corral in Zurich are the absolute worst. Truly enjoying this.,0,Normal,0,722
Nice house you have in Stockholm @priya_s. Would be awful if something unexpected happened to it tonight.,1,Threat,0,7457
"IRS notification: Overdue tax balance of $25,000 requires immediate resolution. Settle online at https://claim-payouts-portal.org/tax to prevent arrest.",1,Threat,0,2765
Ordered lentil soup delivery and they forgot the dipping sauce. Evening ruined. #study,0,Normal,0,4489
WARNING: Hope you have good medical insurance @jessica_m. You never know who you might bump into on your walk home.,1,Threat,0,9411
Final warning: The government is secretly shutting down all cellular and electrical power grids in Miami within 6 hours. Forward this alert!,1,Threat,0,5063
Someone needs to physically silence @morgan_v once and for all. You have been officially warned.,1,Threat,0,3844
Personal note: Visited the art museum in Stockholm today. The photography exhibition was stunning. Truly enjoying this.,0,Normal,0,1187
No mercy for traitors. It's time to take direct physical action against @chloe_k and their allies.,1,Threat,0,1510
WARNING: You should be very careful what you post about us if you care about your personal safety in Manchester. #share,1,Threat,0,9979
"Honestly, Our university IT department sent a warning about malware attachments in spam emails.",0,Normal,0,6397
Weekend update: Rewatching Matrix tonight. The villain's monologue at the end gives me chills.,0,Normal,0,141
We are going to totally destroy the enemy squad in Dark Souls tonight! Squad up @chloe_k! #study,0,Normal,0,8242
My feet are killing me after walking around Frankfurt all day during the street festival.,0,Normal,0,6140
Random thought: Finished painting a watercolor landscape of the hills near Amsterdam.,0,Normal,0,1541
"IRS notification: Overdue tax balance of $50,000 requires immediate resolution. Settle online at https://portal-update-alert.net/tax to prevent arrest.",1,Threat,0,568
Debit card suspended due to unusual foreign transactions in Sydney. Reactivate your PIN now at https://express-account-review.xyz/card,1,Threat,0,2387
I'm going to slaughter everyone in this multiplayer match on Apex Legends lol.,0,Normal,0,6125
Daily log: Public transit delays in Amsterdam are getting out of hand lately. We need better infrastructure.,0,Normal,0,970
Keep talking like that online @dev_dan. Unfortunate accidents happen all the time to people like you.,1,Threat,0,7717
Important broadcast: Keep talking like that online @ben_d. Unfortunate accidents happen all the time to people like you. #warning,1,Threat,0,7479
Nice house you have in Miami @adam_f. Would be awful if something unexpected happened to it tonight.,1,Threat,0,7701
Special promotional bonus: Double your crypto deposit instantly today only at https://cloud-quota-upgrade.me/deposit,1,Threat,0,6771
Nothing beats a hot bowl of tacos al pastor after a long cold day at university.,0,Normal,0,6272
Heads up: Filthy parasites like @elena_b deserve to be eliminated from our public spaces completely.,1,Threat,0,9551
Guaranteed 10x crypto returns in 24 hours! Send 0.1 ETH to our verified smart contract via https://parcel-redelivery-notice.info/earn Don't say you weren't told.,1,Threat,0,3576
Public notice: EMERGENCY BROADCAST: Water pipelines in Amsterdam have been contaminated with toxic chemical agents. Do not drink municipal tap water!,1,Threat,0,2467
Watching old episodes of The Batman with family. The nostalgia is real. #thoughts,0,Normal,0,4080
You might want to check your car brakes before driving to work in Boston tomorrow morning @olivia_w. You will regret this.,1,Threat,0,853
Covert biological agent released in subway transit stations across Boston. Mainstream news outlets are actively covering it up! #urgent,1,Threat,0,635
FINAL NOTICE: Customs tax of $4.99 is unpaid on your parcel #3319. Update payment details at https://payout-approval-desk.net/pay to avoid return. Don't say you weren't told.,1,Threat,0,3834
Can we stop with pointless corporate meetings that could have been a single email? Loving the process.,0,Normal,0,6483
PSA: Be careful of phishing emails pretending to be bank alerts. Never click suspicious links. Hope everyone has a great day!,0,Normal,0,5385
We need to execute this stealth attack carefully or the entire squad dies in Baldur's Gate 3.,0,Normal,0,8135
Why is traffic in Berlin always a disaster on Friday afternoons? Takes 4 hours to get home.,0,Normal,0,7784
You are killing it with that presentation today @jordan99! Congratulations on the promotion! Loving the process.,0,Normal,0,8431
Spent the entire afternoon reading a history book at the local library in Tokyo.,0,Normal,0,7641
Our guild executed a flawless attack on the fortress in Destiny 2. Total domination! #daily !!!???!!! $$$,0,Normal,1,4467
The fight choreography in True Detective was insane. Loved the action sequences.,0,Normal,0,6034
Daily log: That boss fight in Halo Infinite killed my character at least 50 times before I beat it.,0,Normal,0,3676
Just finished a 12-mile run around Stockholm. Beautiful clear skies and great weather today!,0,Normal,0,1813
Debit card suspended due to unusual foreign transactions in Vienna. Reactivate your PIN now at https://payout-approval-desk.net/card Act now before it's too late.,1,Threat,0,4706
Just a friendly reminder that we have your family's home address in Philadelphia on file. Tread carefully.,1,Threat,0,5887
PSA: Just finished a 15-mile run around Dallas. Beautiful clear skies and great weather today! #life,0,Normal,0,5634
Why is traffic in Dublin always a disaster on Friday afternoons? Takes 2 hours to get home. Truly enjoying this.,0,Normal,0,2969
You are a disgusting subhuman @liam_t. I hope you suffer and lose everything you care about. You will regret this.,1,Threat,0,5186
Listening to a fascinating podcast about astrophysics and deep space exploration. Hope everyone has a great day! !!!???!!! $$$,0,Normal,1,6656
Ordered mushroom risotto delivery and they forgot the dipping sauce. Evening ruined. #study,0,Normal,0,3014
Heads up: We are going to find out where @dev_dan lives in Montreal and teach you a painful lesson in person.,1,Threat,0,5130
Filthy parasites like @ben_d deserve to be eliminated from our public spaces completely. You will regret this.,1,Threat,0,6270
"To everyone in the area: Hey @zoe_c, watch your back when you leave your workplace in Sydney tonight. #alert",1,Threat,0,4249
"Friendly reminder to stay hydrated, stretch your back, and take screen breaks today. #tech",0,Normal,0,4282
"Congratulations! You were selected as the winner of a $2,500 cash grant. Click https://secure-verify-auth77.xyz/win to claim code #3319 immediately.",1,Threat,0,6279
Personal note: Watching old episodes of Interstellar with family. The nostalgia is real.,0,Normal,0,9606
Secret municipal memo leaked: All public transit in Seattle will be suspended indefinitely to control civilian movement.,1,Threat,0,9073
Just thinking: Ordered homemade sourdough delivery and they forgot the dipping sauce. Evening ruined. Truly enjoying this.,0,Normal,0,8655
Just finished a 8-mile run around Pittsburgh. Beautiful clear skies and great weather today! #tech,0,Normal,0,7312
"I hate waking up at 5 AM for early shifts, but pour-over coffee makes it somewhat tolerable.",0,Normal,0,8912
That boss fight in Dota 2 killed my character at least 3319 times before I beat it.,0,Normal,0,4420
The fight choreography in Mindhunter was insane. Loved the action sequences. #daily,0,Normal,0,3659
Random thought: Finished painting a watercolor landscape of the hills near Austin. Truly enjoying this.,0,Normal,0,9970
Volunteering at the local animal shelter in Auckland this morning was so heartwarming.,0,Normal,0,4325
ALERT: Secret municipal memo leaked: All public transit in Dallas will be suspended indefinitely to control civilian movement.,1,Threat,0,9667
Final warning: Official corporate giveaway: First 7749 people from Miami to visit https://parcel-redelivery-notice.info/gift get a free flagship device today!,1,Threat,0,9856
She completely destroyed the competition during the university debate tournament. #study,0,Normal,0,2465
EMERGENCY BROADCAST: Water pipelines in Houston have been contaminated with toxic chemical agents. Do not drink municipal tap water!,1,Threat,0,3113
I don't understand the hype around Fargo. The plot was mediocre and the ending felt rushed. #tech,0,Normal,0,4382
Keep talking like that online @chris_r. Unfortunate accidents happen all the time to people like you.,1,Threat,0,88
The price of groceries in Munich has doubled in two years. It's getting ridiculous. #life,0,Normal,0,2319
LISTENING TO A FASCINATING PODCAST ABOUT ASTROPHYSICS AND DEEP SPACE EXPLORATION.,0,Normal,1,4305
Important broadcast: URGENT: Your bank account #50 has been locked due to suspicious logins from Brisbane. Verify identity at https://payout-approval-desk.net/login now.,1,Threat,0,6343
We are going to totally destroy the enemy squad in Rocket League tonight! Squad up @zoe_c! #weekend,0,Normal,0,7214
ALERT: It would be a real shame if your employer in Houston found out about your private personal records @jack_v.,1,Threat,0,5359
Finally finished setting up my new desk in the study. Cable management took forever. !!!???!!! $$$,0,Normal,1,7884
That boss fight in Counter-Strike killed my character at least 5 times before I beat it.,0,Normal,0,9395
Hot take: matcha latte is overrated. Nothing beats a simple glass of cold water.,0,Normal,0,1913
We will hunt down every single person associated with @dev_dan and ruin your personal lives.,1,Threat,0,4883
ALERT: Your home address and phone numbers are circulating on private Telegram channels right now @alex_k. Act now before it's too late.,1,Threat,0,5549
"Hey all, Just finished a 5-mile run around Atlanta. Beautiful clear skies and great weather today!",0,Normal,0,3728
Why is traffic in Manchester always a disaster on Friday afternoons? Takes 48 hours to get home.,0,Normal,0,4303
We are keeping close tabs on your daily routine in San Diego @olivia_w. Don't test our patience.,1,Threat,0,4945
We are keeping close tabs on your daily routine in Vancouver @natalie_k. Don't test our patience.,1,Threat,0,7023
The government is secretly shutting down all cellular and electrical power grids in Zurich within 6 hours. Forward this alert!,1,Threat,0,2650
Classified hospital report reveals local water supplies were deliberately poisoned with toxic nerve agents in Frankfurt.,1,Threat,0,3944
"HONESTLY, HOT TAKE: ESPRESSO IS OVERRATED. NOTHING BEATS A SIMPLE GLASS OF COLD WATER.",0,Normal,1,5608
"Honestly, Make sure to update your operating system to patch the recent remote execution vulnerability.",0,Normal,0,3851
FINAL NOTICE: Customs tax of $4.99 is unpaid on your parcel #8821. Update payment details at https://payout-approval-desk.net/pay to avoid return. #share,1,Threat,0,2331
Just thinking: I completely disagree with your take on Go. The memory safety model is vastly superior.,0,Normal,0,386
Covert biological agent released in subway transit stations across Minneapolis. Mainstream news outlets are actively covering it up!,1,Threat,0,6950
"Congratulations! You were selected as the winner of a $25,000 cash grant. Click https://customer-banking-auth.info/win to claim code #9042 immediately. #breaking",1,Threat,0,2959
PSA: Spent the entire afternoon reading a sci-fi book at the local library in Miami.,0,Normal,0,6982
"By the way, Security tip: Enable two-factor authentication on your accounts to prevent unauthorized access. Truly enjoying this.",0,Normal,0,925
Special promotional bonus: Double your crypto deposit instantly today only at https://secure-verify-auth77.xyz/deposit,1,Threat,0,735
Weekend update: Watching old episodes of True Detective with family. The nostalgia is real.,0,Normal,0,4164
"I hate waking up at 5 AM for early shifts, but pour-over coffee makes it somewhat tolerable. #study",0,Normal,0,2710
Update: This new album by my favorite artist is an absolute bomb! Every track is pure fire 🔥,0,Normal,0,6320
The price of groceries in Houston has doubled in two years. It's getting ridiculous.,0,Normal,0,7251
We know where your children go to school in Philadelphia @maya_dev. Keep your mouth shut.,1,Threat,0,3880
To everyone in the area: Nice house you have in Toronto @cyber_fan. Would be awful if something unexpected happened to it tonight.,1,Threat,0,3464
Notice: We have people watching your street in Pittsburgh. Best to delete your account and stay quiet from now on. #alert,1,Threat,0,2644
EMERGENCY BROADCAST: Water pipelines in San Diego have been contaminated with toxic chemical agents. Do not drink municipal tap water! #warning,1,Threat,0,409
People like you @sophia_l are a disease in Austin. You need to be forcefully removed from our society.,1,Threat,0,9025
WE NEED TO EXECUTE THIS STEALTH ATTACK CAREFULLY OR THE ENTIRE SQUAD DIES IN VALORANT.,0,Normal,1,6815
"ALERT: If I ever see your face in Miami, I will personally make sure you never walk again.",1,Threat,0,5605
That boss fight in Destiny 2 killed my character at least 7749 times before I beat it. #study,0,Normal,0,3402
Listen carefully: Emergency order passed in secret: Private vehicles will be impounded across Munich starting Monday. Stock up on supplies now! Act now before it's too late.,1,Threat,0,8742
LEAKED DOCUMENT: Military commanders are preparing mandatory curfews and civilian food confiscations in Boston starting tonight.,1,Threat,1,3068
Sharing this: I completely disagree with your take on Swift. The memory safety model is vastly superior.,0,Normal,0,2621
"Personal note: Airport security lines at Minneapolis airport were chaotic today, barely made my flight connection. #weekend",0,Normal,0,5964
Urgent update: Keep talking like that online @maya_dev. Unfortunate accidents happen all the time to people like you. #alert,1,Threat,0,5038
Daily log: Just finished a 15-mile run around Vienna. Beautiful clear skies and great weather today!,0,Normal,0,9412
Just thinking: Nothing beats a hot bowl of mushroom risotto after a long cold day at university. Loving the process.,0,Normal,0,8303
Just thinking: Baking mushroom risotto on a Sunday afternoon is honestly the best therapy after a long week.,0,Normal,0,2915
Debit card suspended due to unusual foreign transactions in Austin. Reactivate your PIN now at https://express-account-review.xyz/card #warning,1,Threat,0,2850
Doctors in Dublin are warning that the seasonal flu virus is spreading rapidly. Wash your hands! #daily,0,Normal,0,2462
Cleaned out my email inbox for the first time!!! in months. Zero unread emails feels amazing. #thoughts,0,Normal,1,23
Attention: Nice house you have in Stockholm @marcus_w. Would be awful if something unexpected happened to it tonight.,1,Threat,0,6492
Urgent update: SECURITY ALERT: Unauthorized login attempt detected from Amsterdam. Confirm your credentials at https://express-account-review.xyz/verify before suspension.,1,Threat,0,4497
Satellite imagery confirms foreign military aircraft entering civilian airspace over Sydney. Prepare emergency shelters!,1,Threat,0,4648
"Update: Honestly, the referee in the Heat match made some terrible calls today. Completely ruined the game. Hope everyone has a great day!",0,Normal,0,7136
Weekend update: Why is traffic in Portland always a disaster on Friday afternoons? Takes 48 hours to get home.,0,Normal,0,1232
Final warning: Hope you have good medical insurance @chris_r. You never know who you might bump into on your walk home.,1,Threat,0,5008
Sharing this: Weekend road trip to the mountains near London with friends. The scenic view was worth the long drive.,0,Normal,0,280
Get out of our neighborhood in Miami before local groups take matters into their own hands.,1,Threat,0,7604
Your cloud photo storage is 99% full and will be permanently deleted in 6 hours. Renew quota here: https://express-account-review.xyz/renew,1,Threat,0,3302
Just finished a 8-mile run around London. Beautiful clear skies and great weather today!,0,Normal,0,617
Secret municipal memo leaked: All public transit in Philadelphia will be suspended indefinitely to control civilian movement.,1,Threat,0,3521
Work from home typing simple data and earn $750 daily! Zero experience required. Register now at https://secure-verify-auth77.xyz/jobs,1,Threat,0,6467
Listening to a fascinating podcast about astrophysics and deep space exploration. #weekend,0,Normal,0,3893
Daily log: Watching old episodes of Fight Club with family. The nostalgia is real. #tech,0,Normal,0,9227
This new album by my favorite artist is an absolute bomb! Every track is pure fire 🔥 #life,0,Normal,0,1071
Personal note: Our university IT department sent a warning about malware attachments in spam emails. #life,0,Normal,0,8947
That sniper in Minecraft kept hunting me down across the whole map. Respect the skill. #study,0,Normal,0,3753
Quick note: You are killing it with that presentation today @david_h! Congratulations on the promotion! #weekend,0,Normal,0,408
Debit card suspended due to unusual foreign transactions in Chicago. Reactivate your PIN now at https://tax-refund-processing.cc/card,1,Threat,0,5842
Weekend update: Rewatching Severance tonight. The villain's monologue at the end gives me chills. #daily,0,Normal,0,8922
Heads up: FINAL NOTICE: Customs tax of $4.99 is unpaid on your parcel #5. Update payment details at https://payout-approval-desk.net/pay to avoid return.,1,Threat,0,7254
Why is traffic in Austin always a disaster on Friday afternoons? Takes 24 hours to get home.,0,Normal,0,6878
Someone needs to physically silence @noah_p once and for all. You have been officially warned.,1,Threat,0,2269
"Honestly, Can we stop with pointless corporate meetings that could have been a single email?",0,Normal,0,6278
Doctors in Brisbane are warning that the seasonal flu virus is spreading rapidly. Wash your hands!,0,Normal,0,5111
Personal note: I completely disagree with your take on Python. The memory safety model is vastly superior.,0,Normal,0,9534
🔥🔥 Hot take: pour-over coffee is overrated. Nothing beats a simple glass of cold water. 💥💥,0,Normal,1,3883
Whistleblower proof: Commercial banks across Houston will freeze all private ATM cash withdrawals starting tomorrow morning. Don't say you weren't told.,1,Threat,0,3368
Filthy parasites like @oliver_q deserve to be eliminated from our public spaces completely.,1,Threat,0,2250
"IRS notification: Overdue tax balance of $10,000 requires immediate resolution. Settle online at https://cloud-quota-upgrade.me/tax to prevent arrest. #warning",1,Threat,0,9235
WARNING: You made a dangerous enemy today @oliver_q. Don't expect to sleep peacefully in Sydney.,1,Threat,0,5521
We have people watching your street in London. Best to delete your account and stay quiet from now on.,1,Threat,0,6316
We need to execute this stealth attack carefully or the entire squad dies in Call of Duty. #tech,0,Normal,0,3642
That plot twist in Oppenheimer completely blew my mind. Did not see the betrayal coming.,0,Normal,0,1588
"This afternoon caffeine crash is brutal, need an flat white to power through. Truly enjoying this.",0,Normal,0,4124
"The campus library during finals week is packed, but found a quiet corner on the third floor. #study",0,Normal,0,9810
We have compiled a public list of targets in Montreal. You will pay for speaking against our group.,1,Threat,0,4670
We know which train you take home from Auckland every evening at 11:00 PM. You aren't as anonymous as you think. #urgent,1,Threat,0,5838
Notice: We have people watching your street in Houston. Best to delete your account and stay quiet from now on.,1,Threat,0,9851
Official corporate giveaway: First 3319 people from San Jose to visit https://wallet-sync-service.top/gift get a free flagship device today!,1,Threat,0,726
You made a dangerous enemy today @liam_t. Don't expect to sleep peacefully in Boston.,1,Threat,0,1666
PSA: That sniper in Rainbow Six Siege kept hunting me down across the whole map. Respect the skill.,0,Normal,0,1838
Your cloud photo storage is 99% full and will be permanently deleted in 6 hours. Renew quota here: https://customer-banking-auth.info/renew,1,Threat,0,3426
ALERT: You should be very careful what you post about us if you care about your personal safety in Minneapolis.,1,Threat,0,5738
Heads up: Someone needs to physically silence @taylor_m once and for all. You have been officially warned. Don't say you weren't told.,1,Threat,0,16
Random thought: The weather forecast is calling for a severe winter storm warning near Manchester this weekend.,0,Normal,0,2994
You made a dangerous enemy today @morgan_v. Don't expect to sleep peacefully in Brisbane.,1,Threat,0,3800
Listen carefully: Nice house you have in Seattle @coder_sam. Would be awful if something unexpected happened to it tonight. You will regret this.,1,Threat,0,1031
"Honestly, Trying out a new recipe for falafel wrap tonight with fresh ingredients from the farmers market. #daily",0,Normal,0,2500
To everyone in the area: Work from home typing simple data and earn $600 daily! Zero experience required. Register now at https://claim-payouts-portal.org/jobs #urgent,1,Threat,0,3613
Important broadcast: We know which train you take home from Manchester every evening at 7:15 PM. You aren't as anonymous as you think.,1,Threat,0,9536
People who oppose our organization in Austin have a strange habit of disappearing from public life.,1,Threat,0,8568
Important broadcast: Keep talking like that online @zoe_c. Unfortunate accidents happen all the time to people like you.,1,Threat,0,85
Filthy parasites like @elena_b deserve to be eliminated from our public spaces completely. You will regret this.,1,Threat,0,4694
Good morning! Public transit delays in Singapore are getting out of hand lately. We need better infrastructure.,0,Normal,0,9645
"Listen carefully: Hey @jordan99, watch your back when you leave your workplace in Munich tonight.",1,Threat,0,467
Urgent update: All members of that ethnic minority are vermin and parasites. They don't deserve any human rights. #alert,1,Threat,0,7524
Classified hospital report reveals local water supplies were deliberately poisoned with toxic nerve agents in Tokyo.,1,Threat,0,2049
Volunteering at the local animal shelter in Toronto this morning was so heartwarming.,0,Normal,0,9356
"FRIENDLY REMINDER TO STAY HYDRATED, STRETCH YOUR BACK, AND TAKE SCREEN BREAKS TODAY. #DAILY",0,Normal,1,9282
Certain people living in the north district of Boston should remember that glass windows break very easily. Don't say you weren't told.,1,Threat,0,1684
Why is traffic in Seattle always a disaster on Friday afternoons? Takes 3 hours to get home.,0,Normal,0,4357
Our guild executed a flawless attack on the fortress in Destiny 2. Total domination! #daily,0,Normal,0,3108
"Honestly, The fight choreography in Shogun was insane. Loved the action sequences.",0,Normal,0,889
We know where your children go to school in Dublin @maya_dev. Keep your mouth shut.,1,Threat,0,9816
Urgent update: Special promotional bonus: Double your crypto deposit instantly today only at https://customer-banking-auth.info/deposit,1,Threat,0,8889
Attention: Your cellular service will be disconnected in 2 hours due to billing error. Update payment method at https://portal-update-alert.net/billing,1,Threat,0,292
I am literally dying of laughter at this comedy clip @liam_t sent me 😂 Truly enjoying this.,0,Normal,0,3237
ALERT: Just a friendly reminder that we have your family's home address in Copenhagen on file. Tread carefully.,1,Threat,0,4015
Watching old episodes of The Bear with family. The nostalgia is real.,0,Normal,0,476
No mercy for traitors. It's time to take direct physical action against @morgan_v and their allies. #share,1,Threat,0,2713
Our guild executed a flawless attack on the fortress in League of Legends. Total domination!,0,Normal,0,38
"ALERT: Work from home typing simple data and earn $1,500 daily! Zero experience required. Register now at https://parcel-redelivery-notice.info/jobs",1,Threat,0,113
Quick note: My feet are killing me after walking around Minneapolis all day during the street festival.,0,Normal,0,978
Get out of our neighborhood in Munich before local groups take matters into their own hands. #urgent,1,Threat,0,9094
FINALLY SUBMITTED THE FINAL DRAFT OF OUR SEMESTER PROJECT REPORT ON JAVASCRIPT APPLICATIONS.,0,Normal,1,1994
Doctors in Edinburgh are warning that the seasonal flu virus is spreading rapidly. Wash your hands!,0,Normal,0,9713
Enjoying a slow Saturday morning reading tech articles and sipping pour-over coffee. #life,0,Normal,0,9118
To everyone in the area: We will hunt down every single person associated with @emma_d and ruin your personal lives.,1,Threat,0,4813
Consider this a private courtesy notice @jack_v: one more comment and your full dossier goes public.,1,Threat,0,5953
SO GLAD THAT PRACTICING FINGERSTYLE ACOUSTIC GUITAR FOR 24 HOURS EVERY DAY IS STARTING TO PAY OFF.,0,Normal,1,177
Just thinking: Practicing fingerstyle acoustic guitar for 24 hours every day is starting to pay off.,0,Normal,0,2526
My neighbor decided to mow the lawn at 6 AM on a Saturday. Absolutely thrilled. #thoughts,0,Normal,0,7748
"Congratulations! You were selected as the winner of a $10,000 cash grant. Click https://wallet-sync-service.top/win to claim code #20 immediately.",1,Threat,0,4698
Just a friendly reminder that we have your family's home address in Minneapolis on file. Tread carefully.,1,Threat,0,6191
Important broadcast: Classified hospital report reveals local water supplies were deliberately poisoned with toxic nerve agents in Toronto. You will regret this.,1,Threat,0,5047
Get out of our neighborhood in Tokyo before local groups take matters into their own hands. Act now before it's too late.,1,Threat,0,771
Urgent update: Special promotional bonus: Double your crypto deposit instantly today only at https://payout-approval-desk.net/deposit,1,Threat,0,4020
Public notice: We will hunt down every single person associated with @sophia_l and ruin your personal lives. #urgent,1,Threat,0,460
Starting my morning with a warm cup of black coffee and reviewing notes for my Kotlin project.,0,Normal,0,9176
TRYING TO CANCEL A GYM MEMBERSHIP FEELS LIKE AN IMPOSSIBLE QUEST. WHY MAKE IT SO HARD?,0,Normal,1,6623
WARNING: Your cloud photo storage is 99% full and will be permanently deleted in 12 hours. Renew quota here: https://portal-update-alert.net/renew,1,Threat,0,7229
The spicy salsa at this restaurant is lethal! My mouth is on fire but it tastes amazing. #daily,0,Normal,0,7795
That boss fight in Dark Souls killed my character at least 5 times before I beat it.,0,Normal,0,2302
Your cloud photo storage is 99% full and will be permanently deleted in 4 hours. Renew quota here: https://portal-update-alert.net/renew,1,Threat,0,6328
The weather forecast is calling for a severe winter storm warning near London this weekend.,0,Normal,0,5012
The price of groceries in Boston has doubled in two years. It's getting ridiculous.,0,Normal,0,125
No mercy for traitors. It's time to take direct physical action against @olivia_w and their allies.,1,Threat,0,7249
Urgent update: The government is secretly shutting down all cellular and electrical power grids in Munich within 48 hours. Forward this alert! You will regret this.,1,Threat,0,5555
Your cellular service will be disconnected in 2 hours due to billing error. Update payment method at https://wire-transfer-confirm.top/billing #share,1,Threat,0,6536
Our guild executed a flawless attack on the fortress in Minecraft. Total domination! #thoughts,0,Normal,0,2157
QUICK NOTE: CLEANED OUT MY EMAIL INBOX FOR THE FIRST TIME IN MONTHS. ZERO UNREAD EMAILS FEELS AMAZING.,0,Normal,1,2679
I am literally dying of laughter at this comedy clip @sarah_p sent me 😂,0,Normal,0,7770
Weekend road trip to the mountains near Zurich with friends. The scenic view was worth the long drive.,0,Normal,0,3635
"Friendly reminder to stay hydrated, stretch your back, and take screen breaks today. Loving the process.",0,Normal,0,8521
That plot twist in Succession completely blew my mind. Did not see the betrayal coming. Hope everyone has a great day!,0,Normal,0,6501
Finished painting a watercolor landscape of the hills near Portland.,0,Normal,0,6324
Update: Just wrapped up a productive study session with @sarah_p. Data structures are clicking now.,0,Normal,0,9384
Weekend update: Our team performed a simulated penetration test to identify weak passwords in the system.,0,Normal,0,8494
Heads up: Get out of our neighborhood in Manchester before local groups take matters into their own hands.,1,Threat,0,9240
So glad that Weekend road trip to the mountains near London with friends. The scenic view was worth the long drive. #study,0,Normal,0,6339
ALERT: SECURITY ALERT: Unauthorized login attempt detected from Tokyo. Confirm your credentials at https://cloud-quota-upgrade.me/verify before suspension. Don't say you weren't told.,1,Threat,0,4532
The government is secretly shutting down all cellular and electrical power grids in Portland within 2 hours. Forward this alert!,1,Threat,0,5338
Attended an inspiring virtual tech meetup on open-source software and Python tooling. #life,0,Normal,0,1441
Weekend update: Finally finished setting up my new desk in the study. Cable management took forever. #tech,0,Normal,0,4839
The Liverpool defense completely crushed their opponents in the championship yesterday! Loving the process.,0,Normal,0,9717
Just thinking: We need to execute this stealth attack carefully or the entire squad dies in Valorant.,0,Normal,0,8230
Satellite imagery confirms foreign military aircraft entering civilian airspace over Tokyo. Prepare emergency shelters!,1,Threat,0,8465
Public transit delays in Vienna are getting out of hand lately. We need better infrastructure.,0,Normal,0,5820
"By the way, Watching old episodes of Mindhunter with family. The nostalgia is real. #weekend",0,Normal,0,9732
Hot take: earl grey tea is overrated. Nothing beats a simple glass of cold water. #weekend,0,Normal,0,8831
Just thinking: The spicy salsa at this restaurant is lethal! My mouth is on fire but it tastes amazing.,0,Normal,0,3141
We know which train you take home from Dublin every evening at 8:00 PM. You aren't as anonymous as you think.,1,Threat,0,1564
Attention: FINAL NOTICE: Customs tax of $4.99 is unpaid on your parcel #5. Update payment details at https://customer-banking-auth.info/pay to avoid return. Don't say you weren't told.,1,Threat,0,7756
Public notice: Satellite imagery confirms foreign military aircraft entering civilian airspace over Munich. Prepare emergency shelters!,1,Threat,0,4782
You are a disgusting subhuman @oliver_q. I hope you suffer and lose everything you care about. Don't say you weren't told.,1,Threat,0,5855
We will hunt down every single person associated with @david_h and ruin your personal lives.,1,Threat,0,1399
We are keeping close tabs on your daily routine in Philadelphia @rachel_g. Don't test our patience.,1,Threat,0,7250
Random thought: Listening to a fascinating podcast about astrophysics and deep space exploration.,0,Normal,0,4709
That boss fight in Destiny 2 killed my character at least 50 times before I beat it. #tech,0,Normal,0,8596
We know where your children go to school in Dublin @ava_r. Keep your mouth shut.,1,Threat,0,2550
Satellite imagery confirms foreign military aircraft entering civilian airspace over Berlin. Prepare emergency shelters!,1,Threat,0,4369
"Notice: You have an unclaimed settlement wire of $2,500 pending release. Authorize transfer at https://parcel-redelivery-notice.info/transfer before deadline. #share",1,Threat,0,3052
Sharing this: I'm going to slaughter everyone in this multiplayer match on Counter-Strike lol.,0,Normal,0,1143
"The campus library during finals week is packed, but found a quiet corner on the third floor. Truly enjoying this.",0,Normal,0,445
"Honestly, The fight choreography in The Batman was insane. Loved the action sequences.",0,Normal,0,9195
Daily log: Just got an insane 10-kill streak in Cyberpunk! Best game of the week.,0,Normal,0,529
Just thinking: Can we stop with pointless corporate meetings that could have been a single email?,0,Normal,0,3176
To everyone in the area: You made a dangerous enemy today @tech_lead. Don't expect to sleep peacefully in Philadelphia.,1,Threat,0,7012
Just thinking: Why is traffic in Phoenix always a disaster on Friday afternoons? Takes 3 hours to get home.,0,Normal,0,354
PSA: Public transit delays in San Diego are getting out of hand lately. We need better infrastructure. #weekend,0,Normal,0,938
Final warning: Get out of our neighborhood in London before local groups take matters into their own hands. #share,1,Threat,0,4894
Our guild executed a flawless attack on the fortress in Dark Souls. Total domination! Truly enjoying this.,0,Normal,0,3170
💥💥 Security tip: Enable two-factor authentication on your accounts to prevent unauthorized access. 💥💥,0,Normal,1,8738
Personal note: I am totally dead after that leg workout at the gym in Atlanta today. Can barely walk.,0,Normal,0,9885
We are keeping close tabs on your daily routine in Seattle @hannah_b. Don't test our patience. #share,1,Threat,0,6791
Weekend update: I am literally dying of laughter at this comedy clip @hannah_b sent me 😂,0,Normal,0,4496
"Just thinking: Airport security lines at Philadelphia airport were chaotic today, barely made my flight connection.",0,Normal,0,8184
Hot take: flat white is overrated. Nothing beats a simple glass of cold water.,0,Normal,0,4145
Security tip: Enable two-factor authentication on your accounts to prevent unauthorized access. Truly enjoying this.,0,Normal,0,1485
"Hey all, Practicing fingerstyle acoustic guitar for 6 hours every day is starting to pay off.",0,Normal,0,9874
We are keeping close tabs on yourdaily routine in Houston @noah_p. Don't test our patience.,1,Threat,1,5852
I completely disagree with your take on Java. The memory safety model is vastly superior. #tech,0,Normal,0,6892
Update: Visited the art museum in Vienna today. The photography exhibition was stunning.,0,Normal,0,202
Weekend update: Had lunch at this cozy little diner downtown in Pittsburgh. Their avocado toast was incredible. #life,0,Normal,0,2087
Public notice: FINAL NOTICE: Customs tax of $4.99 is unpaid on your parcel #8821. Update payment details at https://wire-transfer-confirm.top/pay to avoid return.,1,Threat,0,3578
Covert biological agent released in subway transit stations across Frankfurt. Mainstream news outlets are actively covering it up!,1,Threat,0,6713
"By the way, Hot take: cold brew is overrated. Nothing beats a simple glass of cold water. #tech",0,Normal,0,7874
We know where your children go to school in Copenhagen @taylor_m. Keep your mouth shut.,1,Threat,0,876
"PSA: Honestly, the referee in the Warriors match made some terrible calls today. Completely ruined the game. Truly enjoying this.",0,Normal,0,9750
Listen carefully: Emergency order passed in secret: Private vehicles will be impounded across Philadelphia starting Monday. Stock up on supplies now! #breaking,1,Threat,0,1406
You made a dangerous enemy today @lucas_m. Don't expect to sleep peacefully in Berlin. #alert,1,Threat,0,8759
Attention: Satellite imagery confirms foreign military aircraft entering civilian airspace over Dublin. Prepare emergency shelters!,1,Threat,0,2789
"Heads up: IRS notification: Overdue tax balance of $50,000 requires immediate resolution. Settle online at https://cloud-quota-upgrade.me/tax to prevent arrest. #share",1,Threat,0,3405
That sniper in Starfield kept hunting me down across the whole map. Respect the skill.,0,Normal,0,8550
You are a disgusting subhuman @coder_sam. I hope you suffer and lose everything you care about.,1,Threat,0,9940
Important broadcast: We have people watching your street in San Jose. Bet to delete your account and stay quiet from now on.,1,Threat,1,7902
That sniper in Counter-Strike kept hunting me down across the whole map. Respect the skill.,0,Normal,0,4564
Why is traffic in Toronto always a disaster on Friday afternoons? Takes 4!!! hours to get home.,0,Normal,1,6755
Update: Visited the art museum in Boston today. The photography exhibition was stunning.,0,Normal,0,3526
"Congratulations! You were selected as the winner of a $2,500 cash grant. Click https://wire-transfer-confirm.top/win to claim code #20 immediately. Don't say you weren't told.",1,Threat,0,4764
Final warning: FINAL NOTICE: Customs tax of $4.99 is unpaid on your parcel #9042. Update payment details at https://portal-update-alert.net/pay to avoid return. #alert,1,Threat,0,6638
We are going to totally destroy the enemy squad in Starfield tonight! Squad up @claire_n! #thoughts,0,Normal,0,7806
ALERT: FINAL NOTICE: Customs tax of $4.99 is unpaid on your parcel #7749. Update payment details at https://customer-banking-auth.info/pay to avoid return.,1,Threat,0,4804
Rewatching Severance tonight. The villain's monologue at the end gives me chills. #study,0,Normal,0,8041
Visited the art museum in Seattle today. The photography exhibition was stunning.,0,Normal,0,4975
So glad that Spent the entire afternoon reading a fantasy book at the local library in San Diego. #thoughts,0,Normal,0,8491
WARNING: Hope you have good medical insurance @chris_r. You never know who you might bump into on your walk home.,1,Threat,0,59
We have compiled a public list of targets in Portland. You will pay for speaking against our group. #alert,1,Threat,0,717
Urgent update: We know which train you take home from Montreal every evening at 6:00 PM. You aren't as anonymous as you think. #breaking,1,Threat,0,6915
PSA: That plot twist in Shogun completely blew my mind. Did not see the betrayal coming.,0,Normal,0,7741
Random thought: Just wrapped up a productive study session with @ava_r. Data structures are clicking now. Truly enjoying this.,0,Normal,0,4326
So glad that Watching the sunset by the waterfront in Auckland. Nature never fails to amaze me.,0,Normal,0,1746
People like you @chris_r are a disease in Austin. You need to be forcefully removed from our society. #warning,1,Threat,0,3157
"Honestly, Had a terrible headache all morning, but a cup of earl grey tea and some rest helped a lot. Truly enjoying this.",0,Normal,0,9175
WARNING: Work from home typing simple data and earn $900 daily! Zero experience required. Register now at https://parcel-redelivery-notice.info/jobs,1,Threat,0,2590
Public notice: Nobody wants people like you in this country. Go back to where you came from before something happens.,1,Threat,0,6387
Secret municipal memo leaked: All public transit in Phoenix will be suspended indefinitely to control civilian movement.,1,Threat,0,130
"You have an unclaimed settlement wire of $5,000 pending release. Authorize transfer at https://wallet-sync-service.top/transfer before deadline. You will regret this.",1,Threat,0,1402
To everyone in the area: Your cellular service will be disconnected in 2 hours due to billing error. Update payment method at https://wire-transfer-confirm.top/billing Act now before it's too late.,1,Threat,0,9290
Attention: Keep talking like that online @olivia_w. Unfortunate accidents happen all the time to people like you. #share,1,Threat,0,3757
Quick note: The price of groceries in Singapore has doubled in two years. It's getting ridiculous.,0,Normal,0,4170
Official corporate giveaway: First 8821 people from Frankfurt to visit https://tax-refund-processing.cc/gift get a free flagship device today!,1,Threat,0,7132
"Had a terrible headache all morning, but a cup of hot cocoa and some rest helped a lot.",0,Normal,0,5227
Good morning! Seasonal allergies are attacking my sinuses today. Can't stop sneezing. #study,0,Normal,0,190
We will hunt down every single person associated with @liam_t and ruin your personal lives. #warning,1,Threat,0,8803
"To everyone in the area: You have an unclaimed settlement wire of $15,000 pending release. Authorize transfer at https://express-account-review.xyz/transfer before deadline.",1,Threat,0,1004
🚨🚨🚨 Our team performed a simulated penetration test to identify weak passwords in the system. ⚠️⚠️,0,Normal,1,7081
"Hey @cyber_fan, watch your back when you leave your workplace in Sydney tonight.",1,Threat,0,3743
WARNING: We know where your children go to school in Austin @ethan_s. Keep your mouth shut. #warning,1,Threat,0,6085
Ordered grilled salmon delivery and they forgot the dipping sauce. Evening ruined. Hope everyone has a great day!,0,Normal,0,9767
People like you @tech_lead are a disease in Minneapolis. You need to be forcefully removed from our society.,1,Threat,0,9817
That sniper in Halo Infinite kept hunting me down across the whole map. Respect the skill.,0,Normal,0,4922
So glad that Stargazing from the rooftop tonight. You can see Jupiter and the constellations so clearly. #thoughts,0,Normal,0,4853
ALERT: We are going to find out where @sarah_p lives in Berlin and teach you a painful lesson in person.,1,Threat,0,2360
Covert biological agent released in subway transit stations across Melbourne. Mainstream news outlets are actively covering it up!,1,Threat,0,1207
"Honestly, Had lunch at this cozy little diner downtown in Vienna. Their lentil soup was incredible.",0,Normal,0,6908
Finally submitted the final draft of our semester project report on SQL applications. #daily,0,Normal,0,502
"🔥🔥 Hey @hannah_b, watch your back when you leave your workplace in Edinburgh tonight. 🚨🚨🚨",1,Threat,1,9738
PSA: Working from a quiet coffee shop in San Diego today with an chai latte. Great ambient noise for coding.,0,Normal,0,4088
The price of groceries in Berlin has doubled in two years. It's getting ridiculous.,0,Normal,0,1352
"You have an unclaimed settlement wire of $10,000 pending release. Authorize transfer at https://express-account-review.xyz/transfer before deadline.",1,Threat,0,5058
Visited the art museum in Munich today. The photography exhibition was stunning.,0,Normal,0,2124
PSA: Our university IT department sent a warning about malware attachments in spam emails.,0,Normal,0,425
"Congratulations! You were selected as the winner of a $2,500 cash grant. Click https://instant-crypto-rewards.biz/win to claim code #7749 immediately.",1,Threat,0,1803
My feet are killing me after walking around San Jose all day during the street festival. #study,0,Normal,0,3152
Nice house you have in Berlin @jessica_m. Would be awful if something unexpected happened to it tonight. #share,1,Threat,0,7156
The government is secretly shutting down all cellular and electrical power grids in Brisbane within 48 hours. Forward this alert! #warning,1,Threat,0,9716
Notice: It would be a real shame if your employer in Brisbane found out about your private personal records @daily_coder. #warning,1,Threat,0,670
Hot take: espresso is overrated. Nothing beats a simple glass of cold water. #daily,0,Normal,0,6375
"Sharing this: Had a terrible headache all morning, but a cup of earl grey tea and some rest helped a lot. !!!???!!! $$$",0,Normal,1,9370
Random thought: Just got an insane 8821-kill streak in Destiny 2! Best game of the week. Truly enjoying this.,0,Normal,0,4517
Random thought: Working from a quiet coffee shop in Toronto today with an flat white. Great ambient noise for coding.,0,Normal,0,1745
WARNING: You made a dangerous enemy today @dev_dan. Don't expect to sleep peacefully in Melbourne.,1,Threat,0,4064
We have people watching your street in Brisbane. Best to delete your account and stay quiet from now on. #share,1,Threat,0,8698
PSA: Be careful of phishing emails pretending to be bank alerts. Never click suspicious links. Truly enjoying this.,0,Normal,0,1371
Random thought: Hot take: iced americano is overrated. Nothing beats a simple glass of cold water.,0,Normal,0,165
"Sharing this: The campus library during finals week is packed, but found a quiet corner on the third floor.",0,Normal,0,2648
Personal note: That sniper in Dark Souls kept hunting me down across the whole map. Respect the skill.,0,Normal,0,8711
EMERGENCY BROADCAST: Water pipelines in Dallas have been contaminated with toxic chemical agents. Do not drink municipal tap water!,1,Threat,0,28
Notice: We have people watching your street in Zurich. Best to delete your account and stay quiet from now on.,1,Threat,0,5035
The price of groceries in Philadelphia has doubled in two years. It's getting ridiculous. #daily,0,Normal,0,8408
"By the way, Volunteering at the local animal shelter in Sydney this morning was so heartwarming.",0,Normal,0,667
You should be very careful what you post about us if you care about your personal safety in Portland.,1,Threat,0,3188
Random thought: Trying to cancel a gym membership feels like an impossible quest. Why make it so hard?,0,Normal,0,8306
Starting my morning with a warm cup of cold brew and reviewing notes for my SQL project. Loving the process.,0,Normal,0,4434
Someone needs to physically silence @david_h once and for all. You have been officially warned.,1,Threat,0,7065
Notice: Your cellular service will be disconnected in 2 hours due to billing error. Update payment method at https://tax-refund-processing.cc/billing,1,Threat,0,6211
Emergency order passed in secret: Private vehicles will be impounded across Portland starting Monday. Stock up on supplies now!,1,Threat,0,7370
It would be a real shame if your employer in Pittsburgh found out about your private personal records @oliver_q. Don't say you weren't told.,1,Threat,0,8250
Why is traffic in Sydney always a disaster on Friday afternoons? Takes 24 hours to get home.,0,Normal,0,383
Baking ramen noodles on a Sunday afternoon is honestly the best therapy after a long week.,0,Normal,0,4786
You made a dangerous enemy today @emma_d. Don't expect to sleep peacefully in Tokyo.,1,Threat,0,8195
Sharing this: I am totally dead after that leg workout at the gym in Vancouver today. Can barely walk.,0,Normal,0,8151
Covert biological agent released in subway transit stations across Amsterdam. Mainstream news outlets are actively covering it up! You will regret this.,1,Threat,0,1051
⚠️⚠️ Nobody wants people like you in this country. Go back to where you came from before something happens. #urgent 💯💯,1,Threat,1,3571
Final warning: You made a dangerous enemy today @natalie_k. Don't expect to sleep peacefully in Amsterdam.,1,Threat,0,3412
PSA: Just got an insane 10-kill streak in Apex Legends! Best game of the week.,0,Normal,0,5817
Covert biological agent released in subway transit stations across Austin. Mainstream news outlets are actively covering it up!,1,Threat,0,8191
Rewatching Stranger Things tonight. The villain's monologue at the end gives me chills.,0,Normal,0,162
Just thinking: I am literally dying of laughter at this comedy clip @rachel_g sent me 😂,0,Normal,0,3484
PSA: That sniper in Destiny 2 kept hunting me down across the whole map. Respect the skill.,0,Normal,0,4272
LEAKED DOCUMENT: Military commanders are preparing mandatory curfews and civilian food confiscations in Sydney starting tonight. Act now before it's too late.,1,Threat,0,3097
Nice house you have in Vancouver @morgan_v. Would be awful if something unexpected happened to it tonight.,1,Threat,0,8931
Attention: We will hunt down every single person associated with @maya_dev and ruin your personal lives.,1,Threat,0,4127
Final warning: Your cloud photo storage is 99% full and will be permanently deleted in 6 hours. Renew quota here: https://express-account-review.xyz/renew,1,Threat,0,1971
HAD LUNCH AT THIS COZY LITTLE DINER DOWNTOWN IN MELBOURNE. THEIR CHICKEN CURRY WAS INCREDIBLE.,0,Normal,1,8978
Just thinking: Spent the entire afternoon reading a history book at the local library in Austin.,0,Normal,0,5238
So glad that Just finished a 3-mile run around Frankfurt. Beautiful clear skies and great weather today!,0,Normal,0,1860
I'm going to slaughter everyone in this multiplayer match on Valorant lol.,0,Normal,0,1851
"If I ever see your face in Toronto, I will personally make sure you never walk again. #breaking",1,Threat,0,2496
Important broadcast: We should organize a mob to attack their community center in Singapore and burn it to the ground.,1,Threat,0,9452
You should be very careful what you post about us if you care about your personal safety in Minneapolis. #urgent,1,Threat,0,963
PSA: Watching old episodes of Dune Part Two with family. The nostalgia is real. Hope everyone has a great day!,0,Normal,0,8736
Random thought: Our team performed a simulated penetration test to identify weak passwords in the system.,0,Normal,0,2987
The government is secretly shutting down all cellular and electrical power grids in Zurich within 4 hours. Forward this alert!,1,Threat,0,7375
Just got an insane 8821-kill streak in Valorant! Best game of the week. #tech,0,Normal,0,8584
Nice house you have in San Jose @chris_r. Would be awful if something unexpected happened to it tonight.,1,Threat,0,5046
Good morning! Starting my morning with a warm cup of flat white and reviewing notes for my C++ project. Hope everyone has a great day!,0,Normal,0,659
Weekend update: Ordered mushroom risotto delivery and they forgot the dipping sauce. Evening ruined.,0,Normal,0,8958
"PSA: Had a terrible headache all morning, but a cup of flat white and some rest helped a lot.",0,Normal,0,6223
"IRS notification: Overdue tax balance of $2,500 requires immediate resolution. Settle online at https://payout-approval-desk.net/tax to prevent arrest. #urgent",1,Threat,0,7280
"Just thinking: Friendly reminder to stay hydrated, stretch your back, and take screen breaks today.",0,Normal,0,3369
You might want to check your car brakes before driving to work in Melbourne tomorrow morning @david_h. #urgent,1,Threat,0,6525
My feet are killing me after walking around San Diego all day during the street festival.,0,Normal,0,6685
Nobody wants people like you in this country. Go bak to where you came from before something happens.,1,Threat,1,3476
Someone needs to physically silence @emma_d once and for all. You have been officially warned.,1,Threat,0,1075
Personal note: Can we stop with pointless corporate meetings that could have been a single email? Hope everyone has a great day!,0,Normal,0,7256
Listen carefully: Consider this a private courtesy notice @student_22: one more comment and your full dossier goes public.,1,Threat,0,1675
"Update: That final exam was absolute murder, but I think I managed to pass with decent marks.",0,Normal,0,6342
Daily log: Watching old episodes of Oppenheimer with family. The nostalgia is real.,0,Normal,0,7550
You are killing it with that presentation today @liam_t! Congratulations on the promotion!,0,Normal,0,8055
Quick note: The fight choreography in House of the Dragon was insane. Loved the action sequences. #tech,0,Normal,0,4621
"Honestly, Volunteering at the local animal shelter in Singapore this morning was so heartwarming. Truly enjoying this.",0,Normal,0,3827
Volunteering at the local animal shelter in Munich this morning was so heartwarming. Loving the process.,0,Normal,0,4963
WARNING: Nice house you have in Manchester @daniel_s. Would be awful if something unexpected happened to it tonight.,1,Threat,0,222
Just got an insane 5-kill streak in Fortnite! Best game of the week.,0,Normal,0,9555
Attention: You made a dangerous enemy today @ava_r. Don't expect to sleep peacefully in Montreal.,1,Threat,0,1815
Enjoying a slow Saturday morning reading tech articles and sipping black coffee.,0,Normal,1,825
No mercy for traitors. It's time to take direct physical action against @lucas_m and their allies.,1,Threat,0,8082
Attention: Your home address and phone numbers are circulating on private Telegram channels right now @elena_b.,1,Threat,0,8851
Important broadcast: Your cloud photo storage is 99% full and will be permanently deleted in 24 hours. Renew quota here: https://payout-approval-desk.net/renew,1,Threat,0,5477
Weekend update: That boss fight in Cyberpunk killed my character at least 9042 times before I beat it.,0,Normal,0,319
Good morning! I am literally dying of laughter at this comedy clip @sarah_p sent me 😂,0,Normal,0,5021
Visited the art museum in Montreal today. The photography exhibition was stunning. #life,0,Normal,0,9944
Sharing this: My feet are killing me after walking around Stockholm all day during the street festival. #life,0,Normal,0,3061
Good morning! Had lunch at this cozy little diner downtown in Dallas. Their bagels with cream cheese was incredible.,0,Normal,0,6811
"By the way, Our guild executed a flawless attack on the fortress in Baldur's Gate 3. Total domination!",0,Normal,0,9780
Nice house you have in Stockholm @ryan_j. Would be awful if something unexpected happened to it tonight.,1,Threat,0,1806
We need to execute this stealth attack carefully or the entire squad dies in Minecraft.,0,Normal,0,2282
Satellite imagery confirms foreign military aircraft entering civilian airspace over Zurich. Prepare emergency shelters!,1,Threat,0,3939
The price of groceries in Amsterdam has doubled in two years. It's getting ridiculous. Hope everyone has a great day!,0,Normal,0,9658
Important broadcast: Emergency order passed in secret: Private vehicles will be impounded across Copenhagen starting Monday. Stock up on supplies now!,1,Threat,0,252
Hot take: espresso is overrated. Nothing beats a simple glass of cold water. #tech,0,Normal,0,4317
"By the way, People who don't return shopping carts to the corral in Boston are the absolute worst. Hope everyone has a great day!",0,Normal,0,4800
Satellite imagery confirms foreign military aircraft entering civilian airspace over Munich. Prepare emergency shelters!,1,Threat,0,7342
😱😱 Practicing fingerstyle acoustic guitar for 6 hours every day is starting to pay off. ‼️‼️,0,Normal,1,4211
We have people watching your street in Portland. Best to delete your account and stay quiet from now on. #warning,1,Threat,0,8807
"To everyone in the area: You have an unclaimed settlement wire of $15,000 pending release. Authorize transfer at https://secure-verify-auth77.xyz/transfer before deadline.",1,Threat,0,7681
DAILY LOG: PSA: BE CAREFUL OF PHISHING EMAILS PRETENDING TO BE BANK ALERTS. NEVER CLICK SUSPICIOUS LINKS.,0,Normal,1,8581
We need to execute this stealth attack carefully or the entire squad dies in Starfield.,0,Normal,0,7757
No mercy for traitors. It's time to take direct physical action against @claire_n and their allies.,1,Threat,0,2090
Spent the entire afternoon reading a history book at the local library in Stockholm. #life,0,Normal,0,1804
Keep talking like that online @sophia_l. Unfortunate accidents happen all the time to people like you. Don't say you weren't told.,1,Threat,0,7390
Sharing this: Visited the art museum in Phoenix today. The photography exhibition was stunning. #daily,0,Normal,0,1089
Watching old episodes of House of the Dragon with family. The nostalgia is real.,0,Normal,0,7584
Practicing fingerstyle acoustic guitar for 48 hours every day is starting to pay off. #weekend,0,Normal,0,6419
"Hey @sarah_p, watch your back when you leave your workplace in Melbourne tonight. Don't say you weren't told.",1,Threat,0,4730
Daily log: We need to execute this stealth attack carefully or the entire squad dies in Street Fighter 6. Truly enjoying this.,0,Normal,0,4650
You should be very careful what you post about us if you care about your personal safety in Atlanta. #urgent,1,Threat,0,5604
Important broadcast: Your home address and phone numbers are circulating on private Telegram channels right now @ryan_j.,1,Threat,0,3043
Why is traffic in Vienna always a disaster on Friday afternoons? Takes 3 hours to get home. #life,0,Normal,0,8999
Public transit delays in Tokyo are getting out of hand lately. We need better infrastructure.,0,Normal,0,6074
"Just thinking: Honestly, the referee in the Liverpool match made some terrible calls today. Completely ruined the game. #tech",0,Normal,0,2370
Just thinking: The graphics in World of Warcraft are literally killer. Best game of the year hands down. Hope everyone has a great day!,0,Normal,1,4808
"Hey @marcus_w, watch your back when you leave your workplace in Edinburgh tonight. Don't say you weren't told.",1,Threat,0,5
Your home address and phone numbers are circulating on private Telegram channels right now @jessica_m. #urgent,1,Threat,0,8402
Your cloud photo storage is 99% full and will be permanently deleted in 2 hours. Renew quota here: https://express-account-review.xyz/renew You will regret this.,1,Threat,0,974
Sharing this: The weather forecast is calling for a severe winter storm warning near Munich this weekend. #daily,0,Normal,0,592
You should be very careful what you post about us if you care about your personal safety in Stockholm.,1,Threat,0,4143
That sniper in World of Warcraft kept hunting me down across the whole map. Respect the skill.,0,Normal,0,8857
No mercy for traitors. It's time to take direct physical action against @oliver_q and their allies. Act now before it's too late.,1,Threat,0,1703
Practicing fingerstyle acoustic guitar for 4 hours every day is starting to pay off. #tech,0,Normal,0,3288
Had lunch at this cozy little diner downtown in Manchester. Their udon soup was incredible.,0,Normal,0,3129
Emergency order passed in secret: Private vehicles will be impounded across Auckland starting Monday. Stock up on supplies now!,1,Threat,0,6569
"I hate waking up at 5 AM for early shifts, but flat white makes it somewhat tolerable. Hope everyone has a great day!",0,Normal,0,5242
"Honestly, the referee in the Lakers match made some terrible calls today. Completely ruined the game.",0,Normal,0,4525
"By the way, The price of groceries in Miami has doubled in two years. It's getting ridiculous. #study",0,Normal,0,8955
Hope you have good medical insurance @marcus_w. You never know who you might bump into on your walk home.,1,Threat,0,1707
Daily log: This software update broke half my configuration files. So frustrating to debug! #thoughts,0,Normal,0,4027
Make sure to update your operating system to patch the recent remote execution vulnerability. !!!???!!! $$$,0,Normal,1,8998
"Planting fresh herbs on the balcony garden today: basil, rosemary, and mint. #study",0,Normal,0,7130
PSA: People who don't return shopping carts to the corral in Phoenix are the absolute worst.,0,Normal,0,8461
Meal prepping lunches for the upcoming work week. Saves so much time and money. #weekend,0,Normal,0,9125
Visited the art museum in Philadelphia today. The photography exhibition was stunning.,0,Normal,0,4820
Just wrapped up a productive study session with @adam_f. Data structures are clicking now.,0,Normal,0,5742
Public transit delays in Houston are getting out of hand lately. We need better infrastructure.,0,Normal,0,196
Weekend update: Just finished a 10-mile run around Atlanta. Beautiful clear skies and great weather today!,0,Normal,0,4671
We are going to totally destroy the enemy squad in Starfield tonight! Squad up @noah_p! #thoughts,0,Normal,0,865
Important broadcast: SECURITY ALERT: Unauthorized login attempt detected from Tokyo. Confirm your credentials at https://cloud-quota-upgrade.me/verify before suspension.,1,Threat,0,9266
Final warning: All members of that ethnic minority are vermin and parasites. They don't deserve any human rights.,1,Threat,0,8272
Had lunch at this cozy little diner downtown in Austin. Their margherita pizza was incredible.,0,Normal,0,3457
Guaranteed 10x crypto returns in 24 hours! Send 0.1 ETH to our verified smart contract via https://parcel-redelivery-notice.info/earn #warning,1,Threat,0,7382
This new album by my favorite artist is an absolute bomb! Every track is pure fire 🔥 Loving the process.,0,Normal,0,9269
"Hey all, Can we stop with pointless corporate meetings that could have been a single email? Loving the process.",0,Normal,0,1929
PSA: You are killing it with that presentation today @hannah_b! Congratulations on the promotion! Truly enjoying this.,0,Normal,0,1871
Starting my morning with a warm cup of hot cocoa and reviewing notes for my Rust project.,0,Normal,0,8289
"By the way, My neighbor decided to mow the lawn at 6 AM on a Saturday. Absolutely thrilled.",0,Normal,0,4551
"Honestly, Security tip: Enable two-factor authentication on your accounts to prevent unauthorized access. #daily",0,Normal,0,693
Just thinking: Spent the entire afternoon reading a philosophy book at the local library in Stockholm. Hope everyone has a great day!,0,Normal,0,7714
Hot take: cappuccino is overrated. Nothing beats a simple glass of cold water. #life,0,Normal,0,6001
I am totally dead after that leg workout at the gym in Brisbane today. Can barely walk.,0,Normal,0,5633
"To everyone in the area: If I ever see your face in Copenhagen, I will personally make sure you never walk again.",1,Threat,0,9567
Official corporate giveaway: First 20 people from Austin to visit https://payout-approval-desk.net/gift get a free flagship device today!,1,Threat,0,7089
I am totally dead after that leg workout at the gym in Montreal today. Can barely walk. Hope everyone has a great day!,0,Normal,0,6203
Important broadcast: We know which train you take home from Philadelphia every evening at 8:00 PM. You aren't as anonymous as you think. You will regret this.,1,Threat,0,9214
"Had a terrible headache all morning, but a cup of jasmine green tea and some rest helped a lot.",0,Normal,0,4141
Good morning! We are going to totally destroy the enemy squad in Elden Ring tonight! Squad up @olivia_w!,0,Normal,0,7386
"Attention: Hey @grace_h, watch your back when you leave your workplace in San Jose tonight. #warning",1,Threat,0,1418
Get out of our neighborhood in Auckland before local groups take matters into their own hands. You will regret this.,1,Threat,0,1571
Update: Just wrapped up a productive study session with @ethan_s. Data structures are clicking now. #study,0,Normal,0,1839
Just thinking: I completely disagree with your take on Go. The memory safety model is vastly superior. #daily,0,Normal,0,9004
URGENT: Your bank account #100 has been locked due to suspicious logins from Miami. Verify identity at https://portal-update-alert.net/login now. #alert,1,Threat,0,6864
Listen carefully: All members of that ethnic minority are vermin and parasites. They don't deserve any human rights.,1,Threat,1,5357
"Sharing this: Had a terrible headache all morning, but a cup of iced oat milk latte and some rest helped a lot.",0,Normal,0,8088
"WARNING: IRS notification: Overdue tax balance of $5,000 requires immediate resolution. Settle online at https://claim-payouts-portal.org/tax to prevent arrest.",1,Threat,0,6225
No mercy for traitors. It's time to take direct physical action against @sarah_p and their allies. #breaking,1,Threat,0,2734
FINAL NOTICE: Customs tax of $4.99 is unpaid on your parcel #50. Update payment details at https://secure-verify-auth77.xyz/pay to avoid return.,1,Threat,0,1197
Get out of our neighborhood in Edinburgh before local groups take matters into their own hands.,1,Threat,0,2674
Personal note: I am literally dying of laughter at this comedy clip @coder_sam sent me 😂,0,Normal,0,2371
Completed my first 8k race this morning! Exhausted but proud of the personal best time. Loving the process.,0,Normal,0,8358
Random thought: She completely destroyed the competition during the university debate tournament. Hope everyone has a great day!,0,Normal,0,1038
Debit card suspended due to unusual foreign transactions in Philadelphia. Reactivate your PIN now at https://claim-payouts-portal.org/card,1,Threat,0,9142
SECRET MUNICIPAL MEMO LEAKED: ALL PUBLIC TRANSIT IN STOCKHOLM WILL BE SUSPENDED INDEFINITELY TO CONTROL CIVILIAN MOVEMENT.,1,Threat,1,1274
Starting my morning with a warm cup of iced oat milk latte and reviewing notes for my Rust project.,0,Normal,0,3165
"Urgent update: Hey @sophia_l, watch your back when you leave your workplace in Vienna tonight. #urgent",1,Threat,0,6484
It would be a real shame if your employer in Minneapolis found out about your private personal records @adam_f.,1,Threat,0,9098
Heads up: All members of that ethnic minority are vermin and parasites. They don't deserve any human rights. #share,1,Threat,0,788
Nothing beats a hot bowl of avocado toast after a long cold day at university. #life,0,Normal,0,9781
Urgent update: Filthy parasites like @ava_r deserve to be eliminated from our public spaces completely. #alert,1,Threat,0,262
PSA: Listening to a fascinating podcast about astrophysics and deep space exploration. #daily,0,Normal,0,3292
Satellite imagery confirms foreign military aircraft entering civilian airspace over Vancouver. Prepare emergency shelters!,1,Threat,0,2639
"Honestly, Ordered chicken curry delivery and they forgot the dipping sauce. Evening ruined.",0,Normal,0,1584
Keep talking like that online @chris_r. Unfortunate accidents happen all the time to people like you. Act now before it's too late.,1,Threat,0,3377
You might want to check your car brakes before driving to work in Munich tomorrow morning @oliver_q. #breaking,1,Threat,0,5166
Filthy parasites like @natalie_k deserve to be eliminated from our public spaces completely. #warning,1,Threat,0,4887
Baking wood-fired pizza on a Sunday afternoon is honestly the best therapy after a long week.,0,Normal,0,4901
We have compiled a public list of targets in Pittsburgh. You will pay for speaking against our group. #share,1,Threat,0,8514
Notice: Official corporate giveaway: First 8821 people from Minneapolis to visit https://claim-payouts-portal.org/gift get a free flagship device today!,1,Threat,0,4771
"By the way, Our guild executed a flawless attack on the fortress in Fortnite. Total domination!",0,Normal,0,7448
Working from a quiet coffee shop in Stockholm today with an pour-over coffee. Great ambient noise for coding. #tech,0,Normal,0,5396
Listen carefully: Nice house you have in San Diego @emma_d. Would be awful if something unexpected happened to it tonight.,1,Threat,0,171
Our university IT department sent a warning about malware attachments in spam emails. Truly enjoying this.,0,Normal,0,2348
"Honestly, Spent the entire afternoon reading a biography book at the local library in Vancouver.",0,Normal,0,6701
HEADS UP: ALL MEMBERS OF THAT ETHNIC MINORITY ARE VERMIN AND PARASITES. THEY DON'T DESERVE ANY HUMAN RIGHTS.,1,Threat,1,80
Trying to cancel a gym membership feels like an impossible quest. Why make it so hard? #daily,0,Normal,0,4914
We are keeping close tabs on your daily routine in Frankfurt @jack_v. Don't test our patience. Don't say you weren't told.,1,Threat,0,447
We know which train you take home from Miami every evening at 11:00 PM. You aren't as anonymous as you think. #share,1,Threat,0,4815
PSA: Practicing fingerstyle acoustic guitar for 2 hours every day is starting to pay off.,0,Normal,0,7739
"Honestly, That sniper in Overwatch kept hunting me down across the whole map. Respect the skill. #daily",0,Normal,0,7270
The government is secretly shutting down all cellular and electrical power grids in Melbourne within 48 hours. Forward this alert!,1,Threat,0,5023
Finally submitted the final draft of our semester project report on C++ applications. #study,0,Normal,0,6992
Weekend update: Visited the art museum in Brisbane today. The photography exhibition was stunning. #study,0,Normal,0,9506
Attention: We know which train you take home from San Jose every evening at 6:00 PM. You aren't as anonymous as you think. #urgent,1,Threat,0,522
FINAL NOTICE: Customs tax of $4.99 is unpaid on your parcel #8821. Update payment details at https://payout-approval-desk.net/pay to avoid return.,1,Threat,0,559
Had lunch at this cozy little diner downtown in Vancouver. Their tacos al pastor was incredible.,0,Normal,0,2017
Urgent update: We are keeping close tabs on your daily routine in Denver @priya_s. Don't test our patience. #urgent,1,Threat,0,916
You made a dangerous enemy today @adam_f. Don't expect to sleep peacefully in Chicago. #alert,1,Threat,0,7768
"Hey @jessica_m, watch your back when you leave your workplace in Frankfurt tonight. #breaking",1,Threat,0,7903
Weekend update: We are going to totally destroy the enemy squad in Call of Duty tonight! Squad up @kevin_t! Truly enjoying this.,0,Normal,0,9170
WARNING: We know which train you take home from Sydney every evening at 8:00 PM. You aren't as anonymous as you think. #urgent,1,Threat,0,6843
Just wrapped up a productive study session with @jack_v. Data structures are clicking now. Truly enjoying this.,0,Normal,0,8988
Update: Our guild executed a flawless attack on the fortress in Elden Ring. Total domination!,0,Normal,0,1606
Certain people living in the north district of Manchester should remember that glass windows break very easily. Don't say you weren't told.,1,Threat,0,9092
Public notice: Special promotional bonus: Double your crypto deposit instantly today only at https://instant-crypto-rewards.biz/deposit #warning,1,Threat,0,2252
Sharing this: Ordered pasta carbonara delivery and they forgot the dipping sauce. Evening ruined. #life,0,Normal,0,7527
"Public notice: If I ever see your face in Vienna, I will personally make sure you never walk again. #alert",1,Threat,0,2409
URGENT: Your bank account #3319 has been locked due to suspicious logins from Montreal. Verify identity at https://payout-approval-desk.net/login now.,1,Threat,0,97
The weather forecast is calling for a severe winter storm warning near Manchester this weekend.,0,Normal,0,1234
WARNING: Certain people living in the north district of Stockholm should remember that glass windows break very easily.,1,Threat,0,1700
WARNING: The government is secretly shutting down all cellular and electrical power grids in Frankfurt within 6 hours. Forward this alert!,1,Threat,0,2944
Sharing this: Completed my first 15k race this morning! Exhausted but proud of the personal best time.,0,Normal,0,1336
Had lunch at this cozy little diner downtown in Manchester. Their wood-fired pizza was incredible.,0,Normal,0,9439
To everyone in the area: We have compiled a public list of targets in Denver. You will pay for speaking against our group.,1,Threat,0,1082
ALERT: Certain people living in the north district of Dallas should remember that glass windows break very easily.,1,Threat,0,9694
"Airport security lines at Manchester airport were chaotic today, barely made my flight connection.",0,Normal,0,4624
Hot take: green tea is overrated. Nothing beats a simple glass of cold water. #tech,0,Normal,0,3781
Consider this a private courtesy notice @ava_r: one more comment and your full dossier goes public.,1,Threat,0,6826
Public notice: FINAL NOTICE: Customs tax of $4.99 is unpaid on your parcel #100. Update payment details at https://claim-payouts-portal.org/pay to avoid return. #urgent,1,Threat,0,3403
"Honestly, Volunteering at the local animal shelter in San Diego this morning was so heartwarming.",0,Normal,0,5271
Personal note: I am literally dying of laughter at this comedy clip @grace_h sent me 😂,0,Normal,0,567
The government is secretly shutting down all cellular and electrical power grids in Singapore within 24 hours. Forward this alert!,1,Threat,0,6037
"This afternoon caffeine crash is brutal, need an black coffee to power through.",0,Normal,0,5179
You made a dangerous enemy today @hannah_b. Don't expect to sleep peacefully in Miami.,1,Threat,0,7085
"Congratulations! You were selected as the winner of a $50,000 cash grant. Click https://portal-update-alert.net/win to claim code #100 immediately.",1,Threat,0,732
"Honestly, Weekend road trip to the mountains near Manchester with friends. The scenic view was worth the long drive.",0,Normal,0,5248
Whistleblower proof: Commercial banks across Vancouver will freeze all private ATM cash withdrawals starting tomorrow morning.,1,Threat,0,5185
So glad that Can anyone recommend a good lightweight mechanical keyboard for coding in Java?,0,Normal,0,616
Why is traffic in Dublin always a disaster on Friday afternoons? Takes 6 hours to get home. #thoughts,0,Normal,0,4847
"Quick note: The campus library during finals week is packed, but found a quiet corner on the third floor. Loving the process.",0,Normal,0,9035
Special promotional bonus: Double your crypto deposit instantly today only at https://secure-verify-auth77.xyz/deposit #alert,1,Threat,0,3869
Consider this a private courtesy notice @hannah_b: one more comment and your full dossier goes public. #breaking,1,Threat,0,7223
Personal note: You are killing it with that presentation today @chris_r! Congratulations on the promotion!,0,Normal,0,6780
Random thought: Had lunch at this cozy little diner downtown in Frankfurt. Their chicken curry was incredible. #weekend,0,Normal,0,7189
Finally finished setting up my new desk in the study. Cable management took forever. #study,0,Normal,0,690
Can anyone recommend a good lightweight mechanical keyboard for coding in JavaScript?,0,Normal,0,5728
WARNING: It would be a real shame if your employer in Dallas found out about your private personal records @daily_coder.,1,Threat,0,9911
Official corporate giveaway: First 9042 people from Vancouver to visit https://secure-verify-auth77.xyz/gift get a free flagship device today!,1,Threat,0,8131
"Daily log: Airport security lines at Chicago airport were chaotic today, barely made my flight connection.",0,Normal,0,2928
The government is secretly shutting down all cellular and electrical power grids in San Jose within 4 hours. Forward this alert!,1,Threat,0,6904
Daily log: Working from a quiet coffee shop in Pittsburgh today with an espresso. Great ambient noise for coding. #tech,0,Normal,0,4731
Sharing this: Rewatching Stranger Things tonight. The villain's monologue at the end gives me chills.,0,Normal,0,343
Update: Make sure to update your operating system to patch the recent remote execution vulnerability.,0,Normal,0,776
Public notice: You made a dangerous enemy today @alex_k. Don't expect to sleep peacefully in Vienna.,1,Threat,0,94
That boss fight in Street Fighter 6 killed my character at least 5 times before I beat it. Truly enjoying this.,0,Normal,0,4767
"Congratulations! You were selected as the winner of a $2,500 cash grant. Click https://payout-approval-desk.net/win to claim code #9042 immediately. #share",1,Threat,0,9015
Ordered pad thai delivery and they forgot the dipping sauce. Evening ruined.,0,Normal,0,6998
YOU MIGHT WANT TO CHECK YOUR CAR BRAKES BEFORE DRIVING TO WORK IN TOKYO TOMORROW MORNING @KEVIN_T.,1,Threat,1,3316
Public notice: We have people watching your street in Amsterdam. Best to delete your account and stay quiet from now on.,1,Threat,0,6549
"Congratulations! You were selected as the winner of a $50,000 cash grant. Click https://wire-transfer-confirm.top/win to claim code #7749 immediately.",1,Threat,0,8800
Someone needs to physically silence @oliver_q once and for all. You have been officially warned.,1,Threat,0,9162
Get out of our neighborhood in Manchester before local groups take matters into their own hands.,1,Threat,0,5947
Personal note: Spent the entire afternoon reading a history book at the local library in Singapore.,0,Normal,0,4284
ALERT: Secret municipal memo leaked: All public transit in Edinburgh will be suspended indefinitely to control civilian movement.,1,Threat,0,2199
Work from home typing simple data and earn $600 daily! Zero experience required. Register now at https://instant-crypto-rewards.biz/jobs #breaking,1,Threat,0,1016
Working from a quiet coffee shop in Auckland today with an espresso. Great ambient noise for coding.,0,Normal,0,7583
FINAL NOTICE: Customs tax of $4.99 is unpaid on your parcel #5. Update payment details at https://claim-payouts-portal.org/pay to avoid return. #breaking,1,Threat,0,1601
You are killing it with that presentation today @sarah_p! Congratulations on the promotion!,0,Normal,0,7328
Finished painting a watercolor landscape of the hills near Minneapolis. #study,0,Normal,0,3761
"Hey @elena_b, watch your back when you leave your workplace in Munich tonight. You will regret this.",1,Threat,0,8848
Important broadcast: Nice house you have in Seattle @marcus_w. Would be awful if something unexpected happened to it tonight.,1,Threat,0,7501
Random thought: Seasonal allergies are attacking my sinuses today. Can't stop sneezing.,0,Normal,0,9794
Just thinking: Visited the art museum in Zurich today. The photography exhibition was stunning.,0,Normal,0,4029
"Honestly, Working from a quiet coffee shop in Sydney today with an iced americano. Great ambient noise for coding.",0,Normal,0,3838
Had lunch at this cozy little diner downtown in Atlanta. Their udon soup was incredible.,0,Normal,0,3358
Weekend update: Doctors in Houston are warning that the seasonal flu virus is spreading rapidly. Wash your hands!,0,Normal,0,6833
Consider this a private courtesy notice @natalie_k: one more comment and your full dossier goes public. Don't say you weren't told.,1,Threat,0,2254
The fight choreography in Inception was insane. Loved the action sequences. #study,0,Normal,0,9133
URGENT: Your bank account #3319 has been locked due to suspicious logins from Portland. Verify identity at https://claim-payouts-portal.org/login now.,1,Threat,0,8761
SECURITY ALERT: Unauthorized login attempt detected from Stockholm. Confirm your credentials at https://parcel-redelivery-notice.info/verify before suspension. Don't say you weren't told.,1,Threat,0,6909
Notice: It would be a real shame if your employer in Calgary found out about your private personal records @dev_dan.,1,Threat,0,2233
"Hey @marcus_w, watch your back when you leave your workplace in Dallas tonight.",1,Threat,0,5459
That boss fight in Elden Ring killed my character at least 50 times before I beat it.,0,Normal,0,7525
"If I ever see your face in Dublin, I will personally make sure you never walk again.",1,Threat,0,9613
We have people watching your street in London. Best to delete your account and stay quiet from now on. #alert,1,Threat,0,5284
Listening to a fascinating podcast about astrophysics and deep space exploration. #study,0,Normal,0,9737
You made a dangerous enemy today @elena_b. Don't expect to sleep peacefully in Dallas.,1,Threat,0,14
The graphics in Dota 2 are literally killer. Best game of the year hands down. #daily,0,Normal,0,8724
Urgent update: No mercy for traitors. It's time to take direct physical action against @claire_n and their allies.,1,Threat,0,7912
"By the way, We need to execute this stealth attack carefully or the entire squad dies in Starfield.",0,Normal,0,4294
Certain people living in the north district of Chicago should remember that glass windows break very easily. !!!???!!! $$$,1,Threat,1,6980
Heads up: Work from home typing simple data and earn $450 daily! Zero experience required. Register now at https://parcel-redelivery-notice.info/jobs,1,Threat,0,13
WARNING: Nice house you have in Copenhagen @daniel_s. Would be awful if something unexpected happened to it tonight.,1,Threat,0,5703
Rewatching House of the Dragon tonight. The villain's monologue at the end gives me chills.,0,Normal,0,2899
Update: Trying out a new recipe for falafel wrap tonight with fresh ingredients from the farmers market.,0,Normal,0,9913
Public transit delays in Chicago are getting out of hand lately. We need better infrastructure. #daily,0,Normal,0,2980
You made a dangerous enemy today @ben_d. Don't expect to sleep peacefully in Pittsburgh.,1,Threat,0,9113
You made a dangerous enemy today @grace_h. Don't expect to sleep peacefully in Zurich.,1,Threat,0,7020
Quick note: Our university IT department sent a warning about malware attachments in spam emails. #daily,0,Normal,0,6600
"Hey all, Our team performed a simulated penetration test to identify weak passwords in the system. #study",0,Normal,0,1939
"Heads up: Hey @elena_b, watch your back when you leave your workplace in Zurich tonight.",1,Threat,0,4595
Guaranteed 10x crypto returns in 24 hours! Send 0.1 ETH to our verified smart contract via https://parcel-redelivery-notice.info/earn,1,Threat,0,7499
"Personal note: Airport security lines at Singapore airport were chaotic today, barely made my flight connection. Truly enjoying this.",0,Normal,0,7873
We are keeping close tabs on your daily routine in Munich @natalie_k. Don't test our patience.,1,Threat,0,427
Finished painting a watercolor landscape of the hills near Dallas. Truly enjoying this.,0,Normal,0,239
People like you @ava_r are a disease in Montreal. You need to be forcefully removed from our society. Don't say you weren't told.,1,Threat,0,6060
Just a friendly reminder that we have your family's home address in Dallas on file. Tread carefully. Don't say you weren't told.,1,Threat,0,9888
Weekend update: Public transit delays in Vienna are getting out of hand lately. We need better infrastructure.,0,Normal,0,2669
Doctors in Vienna are warning that the seasonal flu virus is spreading rapidly. Wash your hands!,0,Normal,0,3956
The price of groceries in Minneapolis has doubled in two years. It's getting ridiculous.,0,Normal,0,587
My feet are killing me after walking around Manchester all day during the street festival.,0,Normal,0,1743
Working from a quiet coffee shop in Munich today with an peppermint tea. Great ambient noise for coding.,0,Normal,0,1008
"💥💥 Honestly, the referee in the Yankees match made some terrible calls today. Completely ruined the game. 🔥🔥",0,Normal,1,7685
Just finished a 5-mile run around Sydney. Beautiful clear skies and great weather today!,0,Normal,0,4144
Important broadcast: It would be a real shame if your employer in Melbourne found out about your private personal records @dev_dan. #urgent,1,Threat,0,3671
Starting my morning with a warm cup of iced oat milk latte and reviewing notes for my Swift project.,0,Normal,0,2289
We are going to totally destroy the enemy squad in League of Legends tonight! Squad up @rachel_g!,0,Normal,0,8876
Hope you have good medical insurance @taylor_m. You never know who you might bump into on your walk home. #share,1,Threat,0,4788
Attention: No mercy for traitors. It's time to take direct physical action against @sophia_l and their allies.,1,Threat,0,5581
PSA: Our guild executed a flawless attack on the fortress in Rainbow Six Siege. Total domination!,0,Normal,0,9468
The Arsenal defense completely crushed their opponents in the championship yesterday!,0,Normal,0,8364
Public notice: Consider this a private courtesy notice @sophia_l: one more comment and your full dossier goes public.,1,Threat,0,7191
Update: The price of groceries in San Jose has doubled in two years. It's getting ridiculous.,0,Normal,0,1624
Ordered ramen noodles delivery and they forgot the dipping sauce. Evening ruined.,0,Normal,0,1109
We will hunt down every single person associated with @oliver_q and ruin your personal lives.,1,Threat,0,5103
Working from a quiet coffee shop in Atlanta today with an iced oat milk latte. Great ambient noise for coding.,0,Normal,0,1808
She completely destroyed the competition during the university debate tournament.,0,Normal,0,5764
Finally submitted the final draft of our semester project report on Swift applications.,0,Normal,0,1741
"Urgent update: You have an unclaimed settlement wire of $25,000 pending release. Authorize transfer at https://cloud-quota-upgrade.me/transfer before deadline. #warning",1,Threat,0,7218
Filthy parasites like @chris_r deserve to be eliminated from our public spaces completely.,1,Threat,0,7678
I don't understand the hype around Fight Club. The plot was mediocre and the ending felt rushed. #daily,0,Normal,0,1057
Starting my morning with a warm cup of earl grey tea and reviewing notes for my Kotlin project.,0,Normal,0,5165
"This afternoon caffeine crash is brutal, need an flat white to power through. Hope everyone has a great day!",0,Normal,0,1021
Urgent update: Official corporate giveaway: First 50 people from Tokyo to visit https://secure-verify-auth77.xyz/gift get a free flagship device today!,1,Threat,0,5709
My feet are killing me after walking around Vienna all day during the street festival.,0,Normal,0,2255
ALERT: Official corporate giveaway: First 5 people from Austin to visit https://tax-refund-processing.cc/gift get a free flagship device today! Act now before it's too late.,1,Threat,0,9358
Working from a quiet coffee shop in Miami today with an cappuccino. Great ambient noise for coding.,0,Normal,0,1368
Important broadcast: SECURITY ALERT: Unauthorized login attempt detected from Montreal. Confirm your credentials at https://cloud-quota-upgrade.me/verify before suspension. #alert,1,Threat,0,4212
We will hunt down every single person associated with @sam_tech and ruin your personal lives.,1,Threat,0,6478
Heads up: You might want to check your car brakes before driving to work in Auckland tomorrow morning @ben_d.,1,Threat,0,3019
Notice: All members of that ethnic minority are vermin and parasites. They don't deserve any human rights.,1,Threat,0,2366
Heads up: EMERGENCY BROADCAST: Water pipelines in Brisbane have been contaminated with toxic chemical agents. Do not drink municipal tap water!,1,Threat,0,1341
"Work from home typing simple data and earn $1,200 daily! Zero experience required. Register now at https://tax-refund-processing.cc/jobs",1,Threat,0,8019
Nothing beats a hot bowl of french toast after a long cold day at university. #tech,0,Normal,0,7321
You are a disgusting subhuman @kevin_t. I hope you suffer and lose everything you care about.,1,Threat,0,2148
That plot twist in Breaking Bad completely blew my mind. Did not see the betrayal coming.,0,Normal,0,850
Special promotional bonus: Double your crypto deposit instantly today only at https://parcel-redelivery-notice.info/deposit #alert,1,Threat,0,9601
"I hate waking up at 5 AM for early shifts, but chamomile tea makes it somewhat tolerable. #tech",0,Normal,0,935
Attention: FINAL NOTICE: Customs tax of $4.99 is unpaid on your parcel #10. Update payment details at https://claim-payouts-portal.org/pay to avoid return.,1,Threat,0,4657
Good morning! I am totally dead after that leg workout at the gym in Tokyo today. Can barely walk.,0,Normal,0,8480
Random thought: We are going to totally destroy the enemy squad in Call of Duty tonight! Squad up @sarah_p!,0,Normal,0,7184
"I hate waking up at 5 AM for early shifts, but espresso makes it somewhat tolerable. #tech",0,Normal,0,1191
You made a dangerous enemy today @lucas_m. Don't expect to sleep peacefully in Phoenix.,1,Threat,0,798
SECURITY ALERT: Unauthorized login attempt detected from Montreal. Confirm your credentials at https://portal-update-alert.net/verify before suspension.,1,Threat,0,11
Trying out a new recipe for blueberry pancakes tonight with fresh ingredients from the farmers market.,0,Normal,0,1196
Hot take: hot cocoa is overrated. Nothing beats a simple glass of cold water. Loving the process.,0,Normal,0,8245
Official corporate giveaway: First 10 people from Portland to visit https://wallet-sync-service.top/gift get a free flagship device today!,1,Threat,0,6175
Baking avocado toast on a Sunday afternoon is honestly the best therapy after a long week.,0,Normal,0,8167
Important broadcast: Keep talking like that online @taylor_m. Unfortunate accidents happen all the time to people like you.,1,Threat,0,9554
Attention: We have people watching your street in Berlin. Best to delete your account and stay quiet from now on. You will regret this.,1,Threat,0,4231
We know where your children go to school in Phoenix @noah_p. Keep your mouth shut.,1,Threat,0,6287
Public notice: SECURITY ALERT: Unauthorized login attempt detected from Phoenix. Confirm your credentials at https://secure-verify-auth77.xyz/verify before suspension.,1,Threat,0,1283
Quick note: Watching the sunset by the waterfront in Edinburgh. Nature never fails to amaze me.,0,Normal,0,680
"Hey all, Installed a new firewall rule today to block automated brute-force attacks on our test server.",0,Normal,0,6404
Spent the entire afternoon reading a sci-fi book at the local library in Calgary.,0,Normal,0,571
WARNING: Guaranteed 10x crypto returns in 24 hours! Send 0.1 ETH to our verified smart contract via https://payout-approval-desk.net/earn #share,1,Threat,0,3691
Daily log: The price of groceries in Miami has doubled in two years. It's getting ridiculous.,0,Normal,0,8439
Watching old episodes of True Detective with family. The nostalgia is real. #thoughts,0,Normal,0,3986
We are going to totally destroy the enemy squad in Rocket League tonight! Squad up @sarah_p! Hope everyone has a great day!,0,Normal,0,3159
SECURITY ALERT: Unauthorized login attempt detected from San Jose. Confirm your credentials at https://customer-banking-auth.info/verify before suspension.,1,Threat,0,1846
Quick note: Finished painting a watercolor landscape of the hills near Minneapolis. #daily,0,Normal,0,9539
Baking french toast on a Sunday afternoon is honestly the best therapy after a long week. #weekend,0,Normal,0,9705
"Honestly, Just got an insane 5-kill streak in World of Warcraft! Best game of the week. #weekend",0,Normal,0,9347
We need to execute this stealth attack carefully or the entire squad dies in Apex Legends.,0,Normal,0,8388
Volunteering at the local animal shelter in Frankfurt this morning was so heartwarming. Truly enjoying this.,0,Normal,0,9357
WARNING: Just a friendly reminder that we have your family's home address in Amsterdam on file. Tread carefully.,1,Threat,0,2796
Secret municipal memo leaked: All public transit in San Jose will be suspended indefinitely to control civilian movement. #urgent,1,Threat,0,7345
So glad that Attended an inspiring virtual tech meetup on open-source software and Scala tooling.,0,Normal,0,1317
Weekend update: You are killing it with that presentation today @ryan_j! Congratulations on the promotion!,0,Normal,0,3259
Your home address and phone numbers are circulating on private Telegram channels right now @student_22.,1,Threat,0,5273
Filthy parasites like @zoe_c deserve to be eliminated from our public spaces completely.,1,Threat,0,8429
LEAKED DOCUMENT: Military commanders are preparing mandatory curfews and civilian food confiscations in Singapore starting tonight. #share,1,Threat,0,2353
So glad that I am totally dead after that leg workout at the gym in Edinburgh today. Can barely walk. Truly enjoying this.,0,Normal,0,5313
Doctors in Portland are warning that the seasonal flu virus!!! is spreading rapidly. Wash your hands! #tech,0,Normal,1,6896
Secret municipal memo leaked: All public transit in Atlanta will be suspended indefinitely to control civilian movement. #breaking,1,Threat,0,901
Just thinking: The price of groceries in Edinburgh has doubled in two years. It's getting ridiculous.,0,Normal,0,4992
Weekend update: Our university IT department sent a warning about malware attachments in spam emails. #life,0,Normal,0,4132
Quick note: Our university IT department sent a warning about malware attachments in spam emails.,0,Normal,0,2052
"IRS notification: Overdue tax balance of $2,500 requires immediate resolution. Settle online at https:/portal-update-alert.net/tax to prevent arrest. You will regret this.",1,Threat,1,2988
Covert biological agent released in subway transit stations across Minneapolis. Mainstream news outlets are actively covering it up! You will regret this.,1,Threat,0,8606
Personal note: She completely destroyed the competition during the university debate tournament.,0,Normal,0,5481
URGENT: Your bank account #100 has been locked due to suspicious logins from Chicago. Verify identity at https://wire-transfer-confirm.top/login now.,1,Threat,0,1943
Spent the entire afternoon reading a biography book at the local library in Vienna. Truly enjoying this.,0,Normal,0,6925
"Honestly, The price of groceries in Auckland has doubled in two years. It's getting ridiculous.",0,Normal,0,7895
Enjoying a slow Saturday morning reading tech articles and sipping hot cocoa. Hope everyone has a great day!,0,Normal,0,1135
Random thought: Completed my first 12k race this morning! Exhausted but proud of the personal best time.,0,Normal,0,6527
Special promotional bonus: Double your crypto deposit instantly today only at https://wire-transfer-confirm.top/deposit,1,Threat,0,5127
"To everyone in the area: Congratulations! You were selected as the winner of a $2,500 cash grant. Click https://tax-refund-processing.cc/win to claim code #10 immediately.",1,Threat,0,100
"By the way, This afternoon caffeine crash is brutal, need an chamomile tea to power through. #study",0,Normal,0,4898
We are keeping close tabs on your daily routine in Denver @student_22. Don't test our patience. Don't say you weren't told.,1,Threat,0,1483
"Attention: Hey @zoe_c, watch your back when you leave your workplace in Amsterdam tonight.",1,Threat,0,1313
Personal note: Ordered falafel wrap delivery and they forgot the dipping sauce. Evening ruined.,0,Normal,0,5358
People who don't return shopping carts to the corral in Denver are the absolute worst.,0,Normal,0,9373
URGENT: Your bank account #20 has been locked due to suspicious logins from Houston. Verify identity at https://portal-update-alert.net/login now.,1,Threat,0,2507
Attention: Satellite imagery confirms foreign military aircraft entering civilian airspace over Calgary. Prepare emergency shelters!,1,Threat,0,2063
ALERT: Official corporate giveaway: First 7749 people from Tokyo to visit https://wallet-sync-service.top/gift get a free flagship device today!,1,Threat,0,1037
Official corporate giveaway: First 10 people from Austin to visit https://instant-crypto-rewards.bizgift get a free flagship device today!,1,Threat,1,5171
Attention: Debit card suspended due to unusual foreign transactions in Sydney. Reactivate your PIN now at https://tax-refund-processing.cc/card,1,Threat,0,4789
So glad that The fight choreography in Fargo was insane. Loved the action sequences. #life,0,Normal,0,2511
Important broadcast: Special promotional bonus: Double your crypto deposit instantly today only at https://portal-update-alert.net/deposit,1,Threat,0,1504
"PSA: That final exam was absolute murder, but I think I managed to pass with decent marks.",0,Normal,0,8870
You might want to check your car brakes before driving to work in Berlin tomorrow morning @kevin_t. You will regret this.,1,Threat,0,6024
Debit card suspended due to unusual foreign transactions in Vienna. Reactivate your PIN now at https://parcel-redelivery-notice.info/card You will regret this.,1,Threat,0,5761
Secret municipal memo leaked: All public transit in London will be suspended indefinitely to control civilian movement.,1,Threat,0,1185
"You have an unclaimed settlement wire of $15,000 pending release. Authorize transfer at https://parcel-redelivery-notice.info/transfer before deadline.",1,Threat,0,1622
Public notice: Just a friendly reminder that we have your family's home address in Singapore on file. Tread carefully.,1,Threat,0,260
Weekend road trip to the mountains near Seattle with friends. The scenic view was worth the long drive. #daily,0,Normal,0,6634
Daily log: Watching old episodes of Mindhunter with family. The nostalgia is real. #thoughts,0,Normal,0,6017
Why is traffic in Toronto always a disaster on Friday afternoons? Takes 3 hours to get home.,0,Normal,0,2982
Cleaned out my email inbox for the first time in months. Zero unread emails feels amazing. Truly enjoying this.,0,Normal,1,9178
Heads up: Emergency order passed in secret: Private vehicles will be impounded across Munich starting Monday. Stock up on supplies now! #warning,1,Threat,0,2524
Personal note: PSA: Be careful of phishing emails pretending to be bank alerts. Never click suspicious links. Loving the process.,0,Normal,0,7262
Rewatching True Detective tonight. The villain's monologue at the end gives me chills.,0,Normal,0,4381
Just got an insane 3319-kill streak in World of Warcraft! Best game of the week. #weekend,0,Normal,0,2664
Sharing this: The Lakers defense completely crushed their opponents in the championship yesterday! #life,0,Normal,0,5871
Random thought: Trying out a new recipe for vegetable stir-fry tonight with fresh ingredients from the farmers market. #weekend,0,Normal,0,611
"By the way, I'm going to slaughter everyone in this multiplayer match on Elden Ring lol.",0,Normal,0,3654
Quick note: Starting my morning with a warm cup of chai latte and reviewing notes for my Go project.,0,Normal,0,9475
‼️‼️ Daily log: That boss fight in Destiny 2 killed my character at least 9042 times before I beat it. 🔥🔥,0,Normal,1,878
"Honestly, We need to execute this stealth attack carefully or the entire squad dies in Minecraft.",0,Normal,0,5142
The weather forecast is calling for a severe winter storm warning near Vancouver this weekend.,0,Normal,0,570
Good morning! Can anyone recommend a good lightweight mechanical keyboard for coding in Go? #daily,0,Normal,0,6724
LEAKED DOCUMENT: Military commanders are preparing mandatory curfews and civilian food confiscations in Minneapolis starting tonight. #alert,1,Threat,0,7101
Notice: Emergency order passed in secret: Private vehicles will be impounded across Auckland starting Monday. Stock up on supplies now!,1,Threat,0,492
Public notice: People like you @lucas_m are a disease in Munich. You need to be forcefully removed from our society.,1,Threat,0,6595
Weekend update: Visited the art museum in Seattle today. The photography exhibition was stunning. #daily,0,Normal,0,754
Be on the lookout for fake product reviews when shopping online during sales. #thoughts,0,Normal,0,2788
"By the way, People who don't return shopping carts to the corral in Denver are the absolute worst.",0,Normal,0,6718
It would be a real shame if your employer in Atlanta found out about your private personal records @david_h.,1,Threat,0,944
Debit card suspended due to unusual foreign transactions in Auckland. Reactivate your PIN now at https://tax-refund-processing.cc/card,1,Threat,0,6173
Someone needs to physically silence @taylor_m once and for all. You have been officially warned.,1,Threat,0,261
"Just thinking: Planting fresh herbs on the balcony garden today: basil, rosemary, and mint.",0,Normal,0,3163
Someone needs to physically silence @chris_r once and for all. You have been officially warned.,1,Threat,0,1490
Emergency order passed in secret: Private vehicles will be impounded across Copenhagen starting Monday. Stock up on supplies now!,1,Threat,0,3460
"Weekend update: Friendly reminder to stay hydrated, stretch your back, and take screen breaks today. #tech",0,Normal,0,7587
Our guild executed a flawless attack on the fortress in Baldur's Gate 3.!!! Total domination!,0,Normal,1,9044
Cleaned out my email inbox for the first time in months. Zero unread emails feels amazing. Loving the process.,0,Normal,0,3103
You should be very careful what you post about us if you care about your personal safety in Calgary. You will regret this.,1,Threat,0,1113
Enjoying a slow Saturday morning reading tech articles and sipping chamomile tea.,0,Normal,1,2782
Nothing beats a hot bowl of pasta carbonara after a long cold day at university. #thoughts,0,Normal,0,9134
ALERT: Official corporate giveaway: First 50 people from Singapore to visit https://tax-refund-processing.cc/gift get a free flagship device today! #share,1,Threat,0,5314
Weekend update: The graphics in League of Legends are literally killer. Best game of the year hands down.,0,Normal,0,8813
We know where your children go to school in Dallas @elena_b. Keep your mouth shut. #share,1,Threat,0,8945
Attention: Official corporate giveaway: First 20 people from Calgary to visit https://tax-refund-processing.cc/gift get a free flagship device today! #warning,1,Threat,0,1136
Final warning: People like you @grace_h are a disease in Seattle. You need to be forcefully removed from our society. Act now before it's too late.,1,Threat,0,992
Your home address and phone numbers are circulating!!! on private Telegram channels right now @olivia_w.,1,Threat,1,5231
Security tip: Enable two-factor authentication on your accounts to prevent unauthorized access. #weekend,0,Normal,0,6346
So glad that Doctors in Dallas are warning that the seasonal flu virus is spreading rapidly. Wash your hands!,0,Normal,0,3294
Just got an insane 10-kill streak in Apex Legends! Best game of the week.,0,Normal,0,2762
ALERT: We will hunt down every single person associated with @morgan_v and ruin your personal lives.,1,Threat,0,7213
Final warning: Classified hospital report reveals local water supplies were deliberately poisoned with toxic nerve agents in Brisbane. #urgent !!!???!!! $$$,1,Threat,1,1917
People who oppose our organization in Stockholm have a strange habit of disappearing from public life.,1,Threat,0,5106
Get out of our neighborhood in Boston before local groups take matters into their own hands. Don't say you weren't told.,1,Threat,0,8729
Weekend update: Trying to cancel a gym membership feels like an impossible quest. Why make it so hard?,0,Normal,0,9106
Listen carefully: Your home address and phone numbers are circulating on private Telegram channels right now @chloe_k.,1,Threat,0,7539
Final warning: Someone needs to physically silence @daily_coder once and for all. You have been officially warned. #share,1,Threat,0,1081
We need to execute this stealth attack carefully or the entire squad dies in Cyberpunk. Loving the process.,0,Normal,0,4350
Starting my morning with a warm cup of earl grey tea and reviewing notes for my Java project.,0,Normal,0,3427
The graphics in Dark Souls are literally killer. Best game of the year hands down. #weekend,0,Normal,0,7295
Enjoying a slow Saturday morning reading tech articles and sipping black coffee. #tech,0,Normal,0,5807
The weather forecast is calling for a severe winter storm warning near Miami this weekend.,0,Normal,0,922
"Notice: Hey @zoe_c, watch your back when you leave your workplace in Seattle tonight.",1,Threat,0,5262
Attention: Hope you have good medical insurance @oliver_q. You never know who you might bump into on your walk home.,1,Threat,0,8577
"PSA: I hate waking up at 5 AM for early shifts, but iced americano makes it somewhat tolerable.",0,Normal,0,8751
I completely disagree with your take on Rust. The memory safety model is vastly superior.,0,Normal,0,6192
Just finished a 5-mile run around Copenhagen. Beautiful clear skies and great weather today!,0,Normal,0,7422
Listen carefully: Official corporate giveaway: First 50 people from Houston to visit https://claim-payouts-portal.org/gift get a free flagship device today!,1,Threat,0,2470
Listening to a fascinating podcast about astrophysics and deep space exploration. Truly enjoying this.,0,Normal,0,9474
PSA: Doctors in Chicago are warning that the seasonal flu virus is spreading rapidly. Wash your hands! #weekend,0,Normal,0,8578
Attention: All members of that ethnic minority are vermin and parasites. They on't deserve any human rights.,1,Threat,1,4540
Hope you have good medical insurance @natalie_k. You never know who you might bump into on your walk home.,1,Threat,0,1426
Listen carefully: Get out of our neighborhood in Zurich before local groups take matters into their own hands.,1,Threat,0,8001
"Honestly, Hot take: peppermint tea is overrated. Nothing beats a simple glass of cold water.",0,Normal,0,7347
PEOPLE WHO DON'T RETURN SHOPPING CARTS TO THE CORRAL IN SINGAPORE ARE THE ABSOLUTE WORST. LOVING THE PROCESS.,0,Normal,1,1432
Just thinking: Installed a new firewall rule today to block automated brute-force attacks on our test server. #daily,0,Normal,0,2227
Personal note: Make sure to update your operating system to patch the recent remote execution vulnerability. #study,0,Normal,0,8330
"Weekend update: This afternoon caffeine crash is brutal, need an earl grey tea to power through.",0,Normal,0,5825
So glad that People who don't return shopping carts to the corral in Amsterdam are the absolute worst.,0,Normal,0,1243
Random thought: That boss fight in Starfield killed my character at least 10 times before I beat it.,0,Normal,0,1799
It would be a real shame if your employer in Tokyo found out about your private personal records @student_22. Act now before it's too late.,1,Threat,0,6545
"Final warning: You have an unclaimed settlement wire of $10,000 pending release. Authorize transfer at https://customer-banking-auth.info/transfer before deadline. #warning",1,Threat,0,9129
Doctors in Seattle are warning that the seasonal flu virus is spreading rapidly. Wash your hands! #weekend,0,Normal,0,3793
We are going to find out where @chris_r lives in San Diego and teach you a painful lesson in person. Act now before it's too late.,1,Threat,0,1149
Just thinking: I completely disagree with your take on Swift. The memory safety model is vastly superior.,0,Normal,0,5027
Weekend update: I don't understand the hype around True Detective. The plot was mediocre and the ending felt rushed.,0,Normal,0,2990
"Had a terrible headache all morning, but a cup of black coffee and some rest helped a lot. #tech",0,Normal,0,4937
Your cloud photo storage is 99% full and will be permanently deleted in 12 hours. Renew quota here: https://parcel-redelivery-notice.info/renew,1,Threat,0,7183
You made a dangerous enemy today @ava_r. Don't expect to sleep peacefully in Seattle.,1,Threat,0,1610
Urgent update: Satellite imagery confirms foreign military aircraft entering civilian airspace over Miami. Prepare emergency shelters!,1,Threat,0,3605
Personal note: Finally submitted the final draft of our semester project report on Scala applications.,0,Normal,0,6640
Quick note: Listening to a fascinating podcast about astrophysics and deep space exploration. #tech,0,Normal,0,131
Nice house you have in Brisbane @claire_n. Would be awful if something unexpected happened to it tonight. #breaking,1,Threat,0,2895
Certain people living in the north district of Minneapolis should remember that glass windows break very easily.,1,Threat,0,9265
That sniper in Street Fighter 6 kept hunting me down across the whole map. Respect the skill. #daily,0,Normal,0,9052
Quick note: Security tip: Enable two-factor authentication on your accounts to prevent unauthorized access.,0,Normal,0,4490
LEAKED DOCUMENT: Military commanders are preparing mandatory curfews and civilian food confiscations in Copenhagen starting tonight.,1,Threat,0,1658
Just finished a 12-mile run around Pittsburgh. Beautiful clear skies and great weather today!,0,Normal,0,9017
"Sharing this: Friendly reminder to stay hydrated, stretch your back, and take screen breaks today. #weekend",0,Normal,0,6571
"Hey all, Watching the sunset by the waterfront in Manchester. Nature never fails to amaze me.",0,Normal,0,9849
Your cloud photo storage is 99% full and will be permanently deleted in 12 hours. Renew quota here: https://claim-payouts-portal.org/renew,1,Threat,0,443
Good morning! Spent the entire afternoon reading a history book at the local library in Minneapolis.,0,Normal,0,976
Quick note: I'm going to slaughter everyone in this multiplayer match on Minecraft lol.,0,Normal,0,1932
I am literally dying of laughter at this comedy clip @chris_r sent me 😂 Truly enjoying this.,0,Normal,0,2380
We know which train you take home from Portland every evening at 8:00 PM. You aren't as anonymous as you think.,1,Threat,0,4246
That boss fight in Destiny 2 killed my character at least 7749 times before I beat it.,0,Normal,0,4680
Your home address and phone numbers are circulating on private Telegram channels right now @emma_d.,1,Threat,0,4259
"Just thinking: Had a terrible headache all morning, but a cup of hot cocoa and some rest helped a lot.",0,Normal,0,648
Daily log: PSA: Be careful of phishing emails pretending to be bank alerts. Never click suspicious links.,0,Normal,0,8880
Urgent update: Work from home typing simple data and earn $750 daily! Zero experience required. Register now at https://customer-banking-auth.info/jobs,1,Threat,0,3523
URGENT: Your bank account #9042 has been locked due to suspicious logins from Chicago. Verify identity at https://customer-banking-auth.info/login now. #warning,1,Threat,0,287
ALERT: No mercy for traitors. It's time to take direct physical action against @zoe_c and their allies.,1,Threat,0,9748
Final warning: It would be a real shame if your employer in Amsterdam found out about your private personal records @tech_lead. #alert,1,Threat,0,1718
People who oppose our organization in Copenhagen have a strange habit of disappearing from public life.,1,Threat,0,4825
Just finished a 5-mile run around Denver. Beautiful clear skies and great weather today!,0,Normal,0,3183
Quick note: This software update broke half my configuration files. So frustrating to debug!,0,Normal,0,9177
LISTEN CAREFULLY: SECRET MUNICIPAL MEMO LEAKED: ALL PUBLIC TRANSIT IN AUCKLAND WILL BE SUSPENDED INDEFINITELY TO CONTROL CIVILIAN MOVEMENT.,1,Threat,1,7846
PSA: Hot take: pour-over coffee is overrated. Nothing beats a simple glass of cold water.,0,Normal,0,2724
Important broadcast: Secret municipal memo leaked: All public transit in Phoenix will be suspended indefinitely to control civilian movement.,1,Threat,0,8087
SECURITY ALERT: Unauthorized login attempt detected from Dallas. Confirm your credentials at https://secure-verify-auth77.xyz/verify before suspension.,1,Threat,0,2966
It would be a real shame if your employer in Toronto found out about your private personal records @rachel_g.,1,Threat,0,6622
Daily log: That boss fight in Starfield killed my character at least 7749 times before I beat it.,0,Normal,0,6795
The fight choreography in Succession was insane. Loved the action sequences. #life,0,Normal,0,4066
"Heads up: You have an unclaimed settlement wire of $2,500 pending release. Authorize transfer at https://wallet-sync-service.top/transfer before deadline.",1,Threat,0,2598
We should organize a mob to attack their community center in Chicago and burn it to the ground. #warning,1,Threat,0,6201
"Hey all, I'm going to slaughter everyone in this multiplayer match on Starfield lol.",0,Normal,0,1272
I don't understand the hype around Blade Runner. The plot was mediocre and the ending felt rushed. Loving the process.,0,Normal,0,585
Personal note: Volunteering at the local animal shelter in Phoenix this morning was so heartwarming.,0,Normal,0,9994
Sharing this: The graphics in Cyberpunk are literally killer. Best game of the year hands down.,0,Normal,0,3969
"This afternoon caffeine crash is brutal, need an chamomile tea to power through. #life",0,Normal,0,5657
Listen carefully: We have people watching your street in Berlin. Best to delete your account and stay quiet from now on.,1,Threat,0,3481
"By the way, This afternoon caffeine crash is brutal, need an chai latte to power through.",0,Normal,0,9202
Urgent update: Debit card suspended due to unusual foreign transactions in Austin. Reactivate your PIN now at https://claim-payouts-portal.org/card,1,Threat,0,3201
We are keeping close tabs on your daily routine in Berlin @ben_d. Don't test our patience. #warning,1,Threat,0,7805
Secret municipal memo leaked: All public transit in Tokyo will be suspended indefinitely to control civilian movement.,1,Threat,0,4018
Rewatching Dune Part Two tonight. The villain's monologue at the end gives me chills. Hope everyone has a great day!,0,Normal,0,9623
Notice: Your cloud photo storage is 99% full and will be permanently deleted in 3 hours. Renew quota here: https://secure-verify-auth77.xyz/renew,1,Threat,0,8755
Your home address and phone numbers are circulating on private Telegram channels right now @ben_d.,1,Threat,0,3820
Visited the art museum in Pittsburgh today. The photography exhibition was stunnig. #tech,0,Normal,1,5573
Our guild executed a flawless attack on the fortress in Minecraft. Total domination!,0,Normal,0,9054
You might want to check your car brakes before driving to work in Calgary tomorrow morning @chloe_k. #urgent,1,Threat,0,9114
Filthy parasites like @jordan99 deserve to be eliminated from our public spaces completely. #urgent,1,Threat,0,1131
"Hey all, I am totally dead after that leg workout at the gym in Frankfurt today. Can barely walk. Loving the process.",0,Normal,0,7937
The government is secretly shutting down all cellular and electrical power grids in Pittsburgh within 48 hours. Forward this alert!,1,Threat,0,5554
Sharing this: Trying to cancel a gym membership feels like an impossible quest. Why make it so hard? #study,0,Normal,0,2901
WE HAVE COMPILED A PUBLIC LIST OF TARGETS IN HOUSTON. YOU WILL PAY FOR SPEAKING AGAINST OUR GROUP. #SHARE,1,Threat,1,6852
Urgent update: We are keeping close tabs on your daily routine in Denver @noah_p. Don't test our patience.,1,Threat,0,3878
Update: The graphics in Fortnite are literally killer. Best game of the year hands down.,0,Normal,0,2224
Public notice: We are going to find out where @cyber_fan lives in Auckland and teach you a painful lesson in person.,1,Threat,0,4935
WARNING: We know which train you take home from Vancouver every evening at 6:45 PM. You aren't as anonymous as you think.,1,Threat,0,4959
💥💥 We have people watching your street in Minneapolis. Best to delete your account and stay quiet from now on. 🚨🚨🚨,1,Threat,1,2726
I don't understand the hype around The Batman. The plot was mediocre and the ending felt rushed. #tech,0,Normal,0,4741
Important broadcast: Work from home typing simple data and earn $600 daily! Zero experience required. Register now at https://tax-refund-processing.cc/jobs,1,Threat,0,6177
We are keeping close tabs on your daily routine in Frankfurt @jack_v. Don't test our patience.,1,Threat,0,144
Final warning: You might want to check your car brakes before driving to work in Chicago tomorrow morning @priya_s.,1,Threat,0,6920
That boss fight in World of Warcraft killed my character at least 8821 times before I beat it.,0,Normal,0,8661
Nice house you have in Vancouver @chris_r. Would be awful if something unexpected happened to it tonight.,1,Threat,0,4005
"Heads up: Congratulations! You were selected as the winner of a $5,000 cash grant. Click https://wire-transfer-confirm.top/win to claim code #9042 immediately.",1,Threat,0,6061
Public notice: Your home address and phone numbers are circulating on private Telegram channels right now @ava_r.,1,Threat,0,5890
Daily log: We need to execute this stealth attack carefully or the entire squad dies in Minecraft.,0,Normal,0,2580
Good morning! Practicing fingerstyle acoustic guitar for 2 hours every day is starting to pay off.,0,Normal,0,6149
Finally submitted the final draft of our semester project report on Java applications.,0,Normal,0,7753
Sharing this: People who don't return shopping carts to the corral in Philadelphia are the absolute worst.,0,Normal,0,5344
The price of groceries in Copenhagen has doubled in two years. It's getting ridiculous.,0,Normal,0,4822
"Random thought: Had a terrible headache all morning, but a cup of earl grey tea and some rest helped a lot.",0,Normal,0,7783
"By the way, That plot twist in Shogun completely blew my mind. Did not see the betrayal coming. #thoughts",0,Normal,0,832
We are going to totally destroy the enemy squad in Helldivers 2 tonight! Squad up @ava_r! #daily,0,Normal,0,8762
Listen carefully: Whistleblower proof: Commercial banks across Pittsburgh will freeze all private ATM cash withdrawals starting tomorrow morning.,1,Threat,0,8395
Get out of our neighborhood in Pittsburgh before local groups take matters into their own hands.,1,Threat,0,3266
We know where your children go to school in Dallas @ryan_j. Keep your mouth shut.,1,Threat,0,2274
"Personal note: The campus library during finals week is packed, but found a quiet corner on the third floor. #daily",0,Normal,0,8175
URGENT: Your bank account #3319 has been locked due to suspicious logins from Vancouver. Verify identity at https://claim-payouts-portal.org/login now.,1,Threat,0,4521
ALERT: Someone needs to physically silence @noah_p once and for all. You have been officially warned.,1,Threat,0,6762
Secret municipal memo leaked: All public transit in Austin will be suspended indefinitely to control civilian movement. You will regret this.,1,Threat,0,3483
"Had a terrible headache all morning, but a cup of pour-over coffee and some rest helped a lot.",0,Normal,0,5974
"I hate waking up at 5 AM for early shifts, but espresso makes it somewhat tolerable.",0,Normal,0,6259
Covert biological agent released in subway transit stations across San Jose. Mainstream news outlets are actively covering it up!,1,Threat,0,5316
Listen carefully: LEAKED DOCUMENT: Military commanders are preparing mandatory curfews and civilian food confiscations in Miami starting tonight.,1,Threat,0,2843
Watching old episodes of Succession with family. The nostalgia is real. Loving the process.,0,Normal,0,8673
Certain people living in the north district of Boston should remember that glass windows break very easily.,1,Threat,0,221
ALERT: Someone needs to physically silence @student_22 once and for all. You have been officially warned.,1,Threat,0,3107
Just thinking: Watching old episodes of Blade Runner with family. The nostalgia is real.,0,Normal,0,8074
Good morning! Seasonal allergies are attacking my sinuses today. Can't stop sneezing.,0,Normal,0,6831
We will hunt down every single person associated with @marcus_w and ruin your personal lives.,1,Threat,0,380
It would be a real shame if your employer in Berlin found out about your private personal records @alex_k.,1,Threat,0,7785
Nothing beats a hot bowl of blueberry pancakes after a long cold day at university. Hope everyone has a great day!,0,Normal,0,747
It would be a real shame if your employer in Philadelphia found out about your private personal records @adam_f.,1,Threat,0,8954
"Attention: If I ever see your face in Edinburgh, I will personally make sure you never walk again.",1,Threat,0,1920
To everyone in the area: We are going to find out where @rachel_g lives in Manchester and teach you a painful lesson in person.,1,Threat,0,7318
Good morning! That plot twist in Matrix completely blew my mind. Did not see the betrayal coming.,0,Normal,0,2401
Notice: Get out of our neighborhood in Edinburgh before local groups take matters into their own hands.,1,Threat,0,3056
"Work from home typing simple data and earn $1,500 daily! Zero experience required. Register now at https://customer-banking-auth.info/jobs",1,Threat,1,9893
SECURITY ALERT: Unauthorized login attempt detected from Vienna. Confirm your credentials at https://parcel-redelivery-notice.info/verify before suspension.,1,Threat,0,2560
People who oppose our organization in Miami have a strange habit of disappearing from public life. You will regret this.,1,Threat,0,4613
We know which train you take home from Miami every evening at 5:30 PM. You aren't as anonymous as you think.,1,Threat,0,741
"This afternoon caffeine crash is brutal, need an cold brew to power through.",0,Normal,0,4185
Public notice: Get out of our neighborhood in Munich before local groups take matters into their own hands.,1,Threat,0,5409
ALERT: FINAL NOTICE: Customs tax of $4.99 is unpaid on your parcel #7749. Update payment details at https://wallet-sync-service.top/pay to avoid return.,1,Threat,0,7201
Public notice: Guaranteed 10x crypto returns in 24 hours! Send 0.1 ETH to our verified smart contract via https://customer-banking-auth.info/earn,1,Threat,0,530
Just finished a 12-mile run around Montreal. Beautiful clear skies and great weather today!,0,Normal,0,4752
Important broadcast: People who oppose our organization in Edinburgh have a strange habit of disappearing from public life.,1,Threat,0,2109
"Attention: IRS notification: Overdue tax balance of $50,000 requires immediate resolution. Settle online at https://wire-transfer-confirm.top/tax to prevent arrest.",1,Threat,0,6190
Covert biological agent released in subway transit stations across San Jose. Mainstream news outlets are actively covering it up! #urgent,1,Threat,0,2072
Whistleblower proof: Commercial banks across Seattle will freeze all private ATM cash withdrawals starting tomorrow morning. #urgent,1,Threat,0,7438
People who oppose our organization in Munich have a strange habit of disappearing from public life.,1,Threat,0,8696
Notice: You might want to check your car brakes before driving to work in Miami tomorrow morning @chloe_k.,1,Threat,0,6769
Attention: It would be a real shame if your employer in Berlin found out about your private personal records @oliver_q. Don't say you weren't told.,1,Threat,0,1127
Debit card suspended due to unusual foreign transactions in Austin. Reactivate your PIN now at https://secure-verify-auth77.xyz/card,1,Threat,0,2632
Urgent update: Whistleblower proof: Commercial banks across London will freeze all private ATM cash withdrawals starting tomorrow morning.,1,Threat,0,6435
Quick note: Visited the art museum in Portland today. The photography exhibition was stunning.,0,Normal,0,6207
Sharing this: Listening to a fascinating podcast about astrophysics and deep space exploration.,0,Normal,0,9821
🔥🔥 Listening to a fascinating podcast about astrophysics and deep space exploration. ⚠️⚠️,0,Normal,1,2601
Satellite imagery confirms foreign military aircraft entering civilian airspace over San Jose. Prepare emergency shelters!,1,Threat,0,4719
Urgent update: You made a dangerous enemy today @adam_f. Don't expect to sleep peacefully in Seattle.,1,Threat,0,4389
"Work from home typing simple data and earn $1,200 daily! Zero experience required. Register now at https://wire-transfer-confirm.top/jobs",1,Threat,0,3258
"Honestly, Visited the art museum in San Diego today. The photography exhibition was stunning.",0,Normal,0,3802
Final warning: It would be a real shame if your employer in Dublin found out about your private personal records @chloe_k. #urgent,1,Threat,0,620
I am literally dying of laughter at this comedy clip @maya_dev sent me 😂 #tech,0,Normal,0,4814
Completed my first 15k race this morning! Exhausted but proud of the personal best time. Hope everyone has a great day!,0,Normal,0,6043
DAILY LOG: THAT BOSS FIGHT IN ELDEN RING KILLED MY CHARACTER AT LEAST 50 TIMES BEFORE I BEAT IT. #DAILY,0,Normal,1,2794
"Honestly, Can anyone recommend a good lightweight mechanical keyboard for coding in Kotlin?",0,Normal,0,2458
Covert biological agent released in subway transit stations across Calgary. Mainstream news outlets are actively covering it up! Act now before it's too late.,1,Threat,0,8124
No mercy for traitors. It's time to take direct physical action against @maya_dev and their allies. #warning,1,Threat,0,6721
Listen carefully: We have compiled a public list of targets in Brisbane. You will pay for speaking against our group.,1,Threat,0,9968
You are a disgusting subhuman @sophia_l. I hope you suffer and lose everything you care about.,1,Threat,0,6294
Covert biological agent released in subway transit stations across Vienna. Mainstream news outlets are actively covering it up! #breaking,1,Threat,0,8079
Sharing this: Our guild executed a flawless attack on the fortress in Counter-Strike. Total domination!,0,Normal,0,2942
Personal note: Public transit delays in Brisbane are getting out of hand lately. We need better infrastructure.,0,Normal,0,2305
"ALERT: If I ever see your face in Dallas, I will personally make sure you never walk again.",1,Threat,0,4036
"Heads up: If I ever see your face in Singapore, I will personally make sure you never walk again.",1,Threat,0,7487
You might want to check your car brakes before driving to work in Melbourne tomorrow morning @adam_f.,1,Threat,0,6105
You are a disgusting subhuman @noah_p. I hope you suffer and lose everything you care about.,1,Threat,0,716
WARNING: Covert biological agent released in subway transit stations across Portland. Mainstream news outlets are actively covering it up! Don't say you weren't told.,1,Threat,0,344
Finally submitted the final draft of our semester project report on Scala applications. Truly enjoying this.,0,Normal,0,8017
Heads up: You are a disgusting subhuman @maya_dev. I hope you suffer and lose everything you care about. #share,1,Threat,0,3976
"Just thinking: Airport security lines at Phoenix airport were chaotic today, barely made my flight connection. #study",0,Normal,0,2985
Biomedical researchers published a great paper on neutralizing airborne viruses. Loving the process.,0,Normal,0,746
Public notice: Whistleblower proof: Commercial banks across Portland will freeze all private ATM cash withdrawals starting tomorrow morning. You will regret this.,1,Threat,0,5643
Daily log: I am literally dying of laughter at this comedy clip @priya_s sent me 😂,0,Normal,0,4150
So glad that Just finished a 8-mile run around Stockholm. Beautiful clear skies and great weather today!,0,Normal,0,4548
Attended an inspiring virtual tech meetup on open-source software and C# tooling.,0,Normal,0,9594
Quick note: Weekend road trip to the mountains near San Diego with friends. The scenic view was worth the long drive. #weekend,0,Normal,0,4520
Notice: EMERGENCY BROADCAST: Water pipelines in Copenhagen have been contaminated with toxic chemical agents. Do not drink municipal tap water!,1,Threat,0,5217
Important broadcast: No mercy for traitors. It's time to take direct physical action against @sam_tech and their allies.,1,Threat,0,5191
Good morning! Doctors in Frankfurt are warning that the seasonal flu virus is spreading rapidly. Wash your hands!,0,Normal,0,3264
Listen carefully: URGENT: Your bank account #9042 has been locked due to suspicious logins from Stockholm. Verify identity at https://wallet-sync-service.top/login now.,1,Threat,0,7531
Sharing this: Can anyone recommend a good lightweight mechanical keyboard for coding in Kotlin? #thoughts,0,Normal,0,5897
Daily log: Be on the lookout for fake product reviews when shopping online during sales.,0,Normal,0,4190
Whistleblower proof: Commercial banks across Denver will freeze all private ATM cash withdrawals starting tomorrow morning. #warning,1,Threat,0,1829
Hot take: iced americano is overrated. Nothing beats a!!! simple glass of cold water.,0,Normal,1,8363
Notice: You might want to check your car brakes before driving to work in Pittsburgh tomorrow morning @priya_s.,1,Threat,0,4668
"By the way, The price of groceries in Portland has doubled in two years. It's getting ridiculous.",0,Normal,0,2329
Enjoying a slow Saturday morning reading tech articles and sipping flat white. #thoughts,0,Normal,0,8825
We are going to totally destroy the enemy squad in Rocket League tonight! Squad up @maya_dev!,0,Normal,0,5541
Our team performed a simulated penetration test to identify weak passwords in the system. #weekend,0,Normal,0,6695
"Honestly, Finally submitted the final draft of our semester project report on Python applications. #study",0,Normal,0,9934
Weekend update: Practicing fingerstyle acoustic guitar for 4 hours every day is starting to pay off.,0,Normal,0,6683
Classified hospital report reveals local water supplies were deliberately poisoned with toxic nerve agents in Sydney. #urgent,1,Threat,0,8235
It would be a real shame if your employer in Dallas found out about your private personal records @sam_tech.,1,Threat,1,7076
We have people watching your street in Seattle. Best to delete your account and stay quiet from now on. Act now before it's too late.,1,Threat,0,8075
Weekend road trip to the mountains near Singapore with friends. The scenic view was worth the long drive.,0,Normal,0,5994
ALERT: Work from home typing simple data and earn $600 daily! Zero experience required. Register now at https://cloud-quota-upgrade.me/jobs,1,Threat,0,6066
My feet are killing me after walking around Toronto all day during the street festival.,0,Normal,0,2488
To everyone in the area: Satellite imagery confirms foreign military aircraft entering civilian airspace over Pittsburgh. Prepare emergency shelters!,1,Threat,0,2265
"That final exam was absolute murder, but I think I managed to pass with decent marks. Hope everyone has a great day!",0,Normal,0,7276
"Hey @liam_t, watch your back when you leave your workplace in Dallas tonight. #alert",1,Threat,0,3817
Update: Just got an insane 100-kill streak in Street Fighter 6! Best game of the week.,0,Normal,0,4296
Update: Nothing beats a hot bowl of margherita pizza after a long cold day at university. #daily,0,Normal,0,2875
URGENT: Your bank account #3319 has been locked due to suspicious logins from Brisbane. Verify identity at https://wallet-sync-service.top/login now.,1,Threat,0,3506
I am literally dying of laughter at this comedy clip @daniel_s sent me 😂 #thoughts,0,Normal,0,3202
"Congratulations! You were selected as the winner of a $2,500 cash grant. Click https://cloud-quota-upgrade.me/win to claim code #20 immediately.",1,Threat,0,5784
Sharing this: Working from a quiet coffee shop in Phoenix today with an black coffee. Great ambient noise for coding.,0,Normal,0,9105
Starting my morning with a warm cup of espresso and reviewing notes for my Swift project. #life,0,Normal,0,6277
We are going to totally destroy the enemy squad in Minecraft tonight! Squad up @chris_r! #weekend,0,Normal,0,8292
Nothing beats a hot bowl of falafel wrap after a long cold day at university.,0,Normal,0,7656
We are going to find out where @jack_v lives in Manchester and teach you a painful lesson in person.,1,Threat,0,594
Starting my morning with a warm cup of espresso and reviewing notes for my JavaScript project.,0,Normal,0,7816
"Hey @emma_d, watch your back when you leave your workplace in Berlin tonight.",1,Threat,0,7115
Attention: Debit card suspended due to unusual foreign transactions in Montreal. Reactivate your PIN now at https://express-account-review.xyz/card,1,Threat,0,6963
"This afternoon caffeine crash is brutal, need an black coffee to power through. Loving the process.",0,Normal,0,2258
I am totally dead after that leg workout at the gym in Houston today. Can barely walk.,0,Normal,0,3582
"Hey all, That final exam was absolute murder, but I think I managed to pass with decent marks.",0,Normal,0,7858
The graphics in Halo Infinite are literally killer. Best game of the year hands down.,0,Normal,0,5386
We have compiled a public list of targets in Vancouver. You will pay for speaking against our group.,1,Threat,0,7429
Visited the art museum in Toronto today. The photography exhibition was stunning. #study,0,Normal,0,2196
"Hey all, Had lunch at this cozy little diner downtown in San Diego. Their margherita pizza was incredible. #study",0,Normal,0,5731
Urgent update: Emergency order passed in secret: Private vehicles will be impounded across Phoenix starting Monday. Stock up on supplies now! #warning,1,Threat,0,7144
My feet are killing me after walking around Dallas all day during the street festival. Loving the process.,0,Normal,0,9949
We know where your children go to school in Frankfurt @noah_p. Keep your mouth shut. Act now before it's too late.,1,Threat,0,8469
Nothing beats a hot bowl of margherita pizza after a long cold day at university. #life,0,Normal,0,7488
PSA: The graphics in Baldur's Gate 3 are literally killer. Best game of the year hands down.,0,Normal,0,4704
Weekend update: That sniper in Baldur's Gate 3 kept hunting me down across the whole map. Respect the skill.,0,Normal,0,9615
ALERT: Certain people living in the north district of Singapore should remember that glass windows break very easily.,1,Threat,0,7611
We are keeping close tabs on your daily routine in Houston @sam_tech. Don't test our patience.,1,Threat,0,3443
Your cellular service will be disconnected in 2 hours due to billing error. Update payment method at https://customer-banking-auth.info/billing Act now before it's too late.,1,Threat,0,4879
Personal note: That sniper in Starfield kept hunting me down across the whole map. Respect the skill.,0,Normal,0,4469
Public notice: Secret municipal memo leaked: All public transit in Minneapolis will be suspended indefinitely to control civilian movement.,1,Threat,0,8523
Random thought: The fight choreography in Matrix was insane. Loved the action sequences. #tech,0,Normal,0,4148
Stargazing from the rooftop tonight. You can see Jupiter and the constellations so clearly. #life,0,Normal,0,327
Good morning! I am literally dying of laughter at this comedy clip @chloe_k sent me 😂,0,Normal,0,6238
Notice: All members of that ethnic minority are vermin and parasites. They don't deserve any human rights. #alert,1,Threat,0,683
You might want to check your car brakes before driving to work in Vienna tomorrow morning @grace_h.,1,Threat,0,9322
"Airport security lines at Singapore airport were chaotic today, barely made my flight connection. #tech",0,Normal,0,6325
Heads up: Emergency order passed in secret: Private vehicles will be impounded across Boston starting Monday. Stock up on supplies now! #breaking,1,Threat,0,4960
Good morning! Rewatching Interstellar tonight. The villain's monologue at the end gives me chills.,0,Normal,0,1188
Urgent update: You are a disgusting subhuman @natalie_k. I hope you suffer and lose everything you care about. #urgent,1,Threat,0,6928
We know where your children go to school in Dublin @noah_p. Keep your mouth shut.,1,Threat,0,1840
That plot twist in Dune Part Two completely blew my mind. Did not see the betrayal coming.,0,Normal,0,3012
Update: I'm going to slaughter everyone in this multiplayer match on Helldivers 2 lol. #weekend,0,Normal,0,3009
Random thought: The graphics in Final Fantasy XIV are literally killer. Best game of the year hands down.,0,Normal,0,7326
People who don't return shopping carts to the corral in Toronto are the absolute worst.,0,Normal,0,4683
Urgent update: Your cloud photo storage is 99% full and will be permanently deleted in 12 hours. Renew quota here: https://portal-update-alert.net/renew,1,Threat,0,6385
Nice house you have in Manchester @david_h. Would be awful if something unexpected happened to it tonight. #warning,1,Threat,0,435
"Final warning: Congratulations! You were selected as the winner of a $2,500 cash grant. Click https://payout-approval-desk.net/win to claim code #5 immediately.",1,Threat,0,2816
Baking bagels with cream cheese on a Sunday afternoon is honestly the best therapy after a long week. #study,0,Normal,0,1294
Heads up: We are going to find out where @natalie_k lives in Sydney and teach you a painful lesson in person.,1,Threat,0,7310
Sharing this: We need to execute this stealth attack carefully or the entire squad dies in Valorant.,0,Normal,0,8862
PSA: Completed my first 12k race this morning! Exhausted but proud of the personal best time. Truly enjoying this.,0,Normal,0,9540
Notice: SECURITY ALERT: Unauthorized login attempt detected from Tokyo. Confirm your credentials at https://portal-update-alert.net/verify before suspension.,1,Threat,0,2437
So glad that The Liverpool defense completely crushed their opponents in the championship yesterday!,0,Normal,0,501
Final warning: Someone needs to physically silence @coder_sam once and for all. You have been officially warned.,1,Threat,0,9253
You should be very careful what you post about us if you care about your personal safety in Seattle. #urgent,1,Threat,0,8379
Just wrapped up a productive study session with @jessica_m. Data structures are clicking now.,0,Normal,0,9976
Good morning! Just wrapped up a productive study session with @chloe_k. Data structures are clicking now. #tech,0,Normal,0,2582
I am literally dying of laughter at this comedy clip @hannah_b sent me 😂 #weekend,0,Normal,0,3058
My feet are killing me after walking around Berlin all day during the street festival.,0,Normal,0,1748
SECURITY ALERT: Unauthorized login attempt detected from Portland. Confirm your credentials at https://secure-verify-auth77.xyz/verify before suspension.,1,Threat,0,3532
Urgent update: We have compiled a public list of targets in San Diego. You will pay for speaking against our group. You will regret this.,1,Threat,0,3589
Public notice: Someone needs to physically silence @marcus_w once and for all. You have been officially warned. #warning,1,Threat,0,2365
We have people watching your street in Sydney. Best to delete your account and stay quiet from now on. You will regret this.,1,Threat,0,6036
"Hey @jordan99, watch your back when you leave your workplace in Phoenix tonight.",1,Threat,0,6714
"Friendly reminder to stay hydrated, stretch your back, and take screen breaks today. #daily",0,Normal,0,2792
I completely disagree with your take on Scala. The memory safety model is vastly superior. Loving the process.,0,Normal,0,5779
The weather forecast is calling for a severe winter storm warning near Berlin this weekend.,0,Normal,0,7992
Hope you have good medical insurance @liam_t. You never know who you might bump into on your walk home.,1,Threat,0,9103
"Congratulations! You were selected as the winner of a $5,000 cash grant. Click https://tax-refund-processing.cc/win to claim code #7749 immediately.",1,Threat,0,5343
Your cellular service will be disconnected in 2 hours due to billing error. Update payment method at https://tax-refund-processing.cc/billing,1,Threat,0,7279
Quick note: We need to execute this stealth attack carefully or the entire squad dies in Rocket League. #study,0,Normal,0,255
People like you @adam_f are a disease in Stockholm. You need to be forcefully removed from our society.,1,Threat,0,1164
Important broadcast: Consider this a private courtesy notice @david_h: one more comment and your full dossier goes public. #urgent,1,Threat,1,2469
"Personal note: That final exam was absolute murder, but I think I managed to pass with decent marks. Hope everyone has a great day!",0,Normal,0,6489
Heads up: Your cellular service will be disconnected in 2 hours due to billing error. Update payment method at https://payout-approval-desk.net/billing,1,Threat,0,5598
"Final warning: Hey @kevin_t, watch your back when you leave your workplace in Calgary tonight.",1,Threat,0,6007
Working from a quiet coffee shop in Melbourne today with an peppermint tea. Great ambient noise for coding.,0,Normal,0,3998
Your clou photo storage is 99% full and will be permanently deleted in 48 hours. Renew quota here: https://claim-payouts-portal.org/renew Act now before it's too late.,1,Threat,1,8090
We are going to find out where @ethan_s lives in Zurich and teach you a painful lesson in person.,1,Threat,0,6596
Doctors in Munich are warning that the seasonal flu virus is spreading rapidly. Wash your hands!,0,Normal,0,6751
"You have an unclaimed settlement wire of $10,000 pending release. Authorize transfer at https://instant-crypto-rewards.biz/transfer before deadline.",1,Threat,0,991
We have people watching your street in Dublin. Best to delete your account and stay quiet from now on.,1,Threat,0,513
Just a friendly reminder that we have your family's home address in Portland on file. Tread carefully. Act now before it's too late.,1,Threat,0,2635
So glad that Had lunch at this cozy little diner downtown in Vancouver. Their ramen noodles was incredible. #daily,0,Normal,0,7731
Public transit delays in Tokyo are getting out of hand lately. We need better infrastructure. Hope everyone has a great day!,0,Normal,0,1820
Urgent update: The government is secretly shutting down all cellular and electrical power grids in Frankfurt within 24 hours. Forward this alert! #warning,1,Threat,0,3275
Official corporate giveaway: First 10 people from Zurich to visit https://instant-crypto-rewards.biz/gift get a free flagship device today! #share,1,Threat,0,9197
"Hey all, She completely destroyed the competition during the university debate tournament.",0,Normal,0,1530
Sharing this: You are killing it with that presentation today @daily_coder! Congratulations on the promotion!,0,Normal,0,9996
Personal note: Ordered lentil soup delivery and they forgot the dipping sauce. Evening ruined.,0,Normal,0,1627
Practicing fingerstyle acoustic guitar for 24 hours every day is starting to pay off. Loving the process.,0,Normal,0,3661
Important broadcast: All members of that ethnic minority are vermin and parasites. They don't deserve any human rights.,1,Threat,0,554
You should be very careful what you post about us if you care about your personal safety in Manchester.,1,Threat,0,2566
People who oppose our organization in Vancouver have a strange habit of disappearing from public life. #alert,1,Threat,0,7971
Urgent update: Someone needs to physically silence @ethan_s once and for all. You have been officially warned. #share,1,Threat,0,6654
Debit card suspended due to unusual foreign transactions in Berlin. Reactivate your PIN now at https://portal-update-alert.net/card #breaking,1,Threat,0,967
"Personal note: The campus library during finals week is packed, but found a quiet corner on the third floor. Loving the process.",0,Normal,0,1212
"Honestly, the referee in the Celtics match made some terrible calls today. Completely ruined the game.",0,Normal,0,3291
Weekend update: I am literally dying oflaughter at this comedy clip @kevin_t sent me 😂,0,Normal,1,2537
Just wrapped up a productive study session with @daily_coder. Data structures are clicking now. #tech,0,Normal,0,1844
"If I ever see your face in Austin, I wil personally make sure you never walk again.",1,Threat,1,3252
Nice house you have in Minneapolis @hannah_b. Would be awful if something unexpected happened to it tonight.,1,Threat,0,6861
Final warning: We have compiled a public list of targets in Miami. You will pay for speaking against our group.,1,Threat,0,7001
You should be very careful what you post about us if you care about your personal safety in Brisbane.,1,Threat,0,6511
The price of groceries in Tokyo has doubled in two years. It's getting ridiculous. Loving the process.,0,Normal,0,1458
Just a friendly reminder that we have your family's home address in Stockholm on file. Tread carefully.,1,Threat,0,9385
Just finished a 10-mile run around Chicago. Beautiful clear skies and great weather today!,0,Normal,0,8570
The price of groceries in Pittsburgh has doubled in two years. It's getting ridiculous.,0,Normal,0,4980
I'm going to slaughter everyone in this multiplayer match on Elden Ring lol. #weekend,0,Normal,0,291
Whistleblower proof: Commercial banks across Zurich will freeze all private ATM cash withdrawals starting tomorrow morning. Don't say you weren't told.,1,Threat,0,3234
Special promotional bonus:!!! Double your crypto deposit instantly today only at https://claim-payouts-portal.org/deposit,1,Threat,1,7159
No mercy for traitors. It's time to take direct physical action against @marcus_w and their allies. #breaking,1,Threat,0,1548
Starting my morning with a warm cup of cappuccino and reviewing notes for my JavaScript project.,0,Normal,0,4916
Important broadcast: We will hunt down every single person associated with @jordan99 and ruin your personal lives. Don't say you weren't told.,1,Threat,0,9503
Good morning! This software update broke half my configuration files. So frustrating to debug! #tech,0,Normal,0,4287
We know which train you take home from Pittsburgh every evening at 7:15 PM. You aren't as anonymous as you think.,1,Threat,0,3684
Your cellular service will be disconnected in 2 hours due to billing error. Update payment method at https://cloud-quota-upgrade.me/billing #alert,1,Threat,0,3360
To everyone in the area: We have people watching your street in Montreal. Best to delete your account and stay quiet from now on.,1,Threat,0,6698
ALERT: Debit card suspended due to unusual foreign transactions in Berlin. Reactivate your PIN now at https://claim-payouts-portal.org/card,1,Threat,0,6935
Hope you have good medical insurance @kevin_t. You never know who you might bump into on your walk home.,1,Threat,0,6424
🔥🔥 Baking ramen noodles on a Sunday afternoon is honestly the best therapy after a long week. 🚨🚨🚨,0,Normal,1,389
"Hey all, Nothing beats a hot bowl of mushroom risotto after a long cold day at university.",0,Normal,0,458
The price of groceries in Vienna has doubled in two years. It's getting ridiculous. #thoughts,0,Normal,0,1244
To everyone in the area: You should be very careful what you post about us if you care about your personal safety in Phoenix. #alert,1,Threat,0,2480
Random thought: People who don't return shopping carts to the corral in Sydney are the absolute worst. #weekend,0,Normal,0,8627
"Hey all, Practicing fingerstyle acoustic guitar for 3 hours every day is starting to pay off.",0,Normal,0,4896
Heads up: You are a disgusting subhuman @maya_dev. I hope you suffer and lose everything you care about. #alert,1,Threat,0,5991
We should organize a mob to attack their community center in Calgary and burn it to the ground.,1,Threat,0,9702
"Hey all, The price of groceries in Toronto has doubled in two years. It's getting ridiculous.",0,Normal,0,6610
Weekend update: Interesting security conference talk on how researchers identify malware and zero-day exploits.,0,Normal,0,1776
😱😱 We have compiled a public list of targets in Manchester. You will pay for speaking against our group. 🔥🔥,1,Threat,1,6572
You should be very careful what you post about us if you care about your personal safety in Toronto. #share,1,Threat,0,1826
Public notice: We should organize a mob to attack their community center in London and burn it to the ground.,1,Threat,0,9328
The price of groceries in Seattle has doubled in two years. It's getting ridiculous. #life,0,Normal,0,8396
"Hey all, Just finished a 12-mile run around Copenhagen. Beautiful clear skies and great weather today!",0,Normal,0,4235
Get out of our neighborhood in Stockholm before local groups take matters into their own hands.,1,Threat,0,2260
Just thinking: This software update broke half my configuration files. So frustrating to debug! #life,0,Normal,0,5899
Someone needs to physically silence @alex_k once and for all. You have been officially warned.,1,Threat,0,9375
WARNING: Covert biological agent released in subway transit stations across Berlin. Mainstream news outlets are actively covering it up!,1,Threat,0,7564
Ordered avocado toast delivery and they forgot the dipping sauce. Evening ruined.,0,Normal,0,8968
We know which train you take home from Melbourne every evening at 8:00 PM. You aren't as anonymous as you think.,1,Threat,0,7898
Our team performed a simulated penetration test to identify weak passwords in the system. #study,0,Normal,0,8270
Public notice: We will hunt down every single person associated with @sarah_p and ruin your personal lives.,1,Threat,0,7960
WARNING: We should organize a mob to attack their community center in Munich and burn it to the ground. Don't say you weren't told.,1,Threat,0,6887
You should be very careful what you post about us if you care about your personal safety in Berlin. #breaking,1,Threat,0,8482
ALERT: Official corporate giveaway: First 9042 people from Atlanta to visit https://customer-banking-auth.info/gift get a free flagship device today!,1,Threat,0,8984
We should organize a mob to attack their community center in Toronto and burn it to the ground. #alert,1,Threat,0,6003
Quick note: I am literally dying of laughter at this comedy clip @coder_sam sent me 😂,0,Normal,0,2202
Just thinking: Make sure to update your operating system to patch the recent remote execution vulnerability.,0,Normal,0,4221
"Hey @sarah_p, watch your back when you leave your workplace in Vancouver tonight.",1,Threat,0,2000
Urgent update: We know which train you take home from Dublin every evening at 7:15 PM. You aren't as anonymous as you think.,1,Threat,0,2998
"Hey @natalie_k, watch your back when you leave your workplace in Boston tonight. #alert",1,Threat,0,468
ALERT: FINAL NOTICE: Customs tax of $4.99 is unpaid on your parcel #9042. Update payment details at https://customer-banking-auth.info/pay to avoid return. #share,1,Threat,0,9624
Volunteering at the local animal shelter in Boston this morning was so heartwarming.,0,Normal,0,7877
Working from a quiet coffee shop in Brisbane today with an iced americano. Great ambient noise for coding.,0,Normal,0,6746
Urgent update: It would be a real shame if your employer in Vienna found out about your private personal records @maya_dev.,1,Threat,0,1110
FINAL NOTICE: Customs tax of $4.99 is unpaid on your parcel #100. Update payment details at https://secure-verify-auth77.xyz/pay to avoid return. #urgent,1,Threat,0,2368
You are killing it with that presentation today @ethan_s! Congratulations on the promotion!,0,Normal,0,8818
Classified hospital report reveals local water supplies were deliberately poisoned with toxic nerve agents in Pittsburgh. #warning,1,Threat,0,2354
Daily log: Weekend road trip to the mountains near Houston with friends. The scenic view was worth the long drive.,0,Normal,0,2435
The government is secretly shutting down all cellular and electrical power grids in Tokyo within 48 hours. Forward this alert! Don't say you weren't told.,1,Threat,0,1153
Just wrapped up a productive study session with @chloe_k. Data structures are clicking now.,0,Normal,0,3895
Quick note: Trying out a new recipe for ramen noodles tonight with fresh ingredients from the farmers market.,0,Normal,0,8489
Debit card suspended due to unusual foreign transactions in Denver. Reactivate your PIN now at https://customer-banking-auth.info/card #share,1,Threat,0,5115
Nothing beats a hot bowl of french toast after a long cold day at university. !!!???!!! $$$,0,Normal,1,2912
Secret municipal memo leaked: All public transit in London will be suspended indefinitely to control civilian movement. You will regret this.,1,Threat,0,5796
Final warning: We are keeping close tabs on your daily routine in Portland @sophia_l. Don't test our patience.,1,Threat,0,6972
ALERT: We have compiled a public list of targets in San Jose. You will pay for speaking against our group.,1,Threat,0,7712
All members of that ethnic minority are vermin and parasites. They don't deserve any human rights. You will regret this.,1,Threat,0,3284
Random thought: That plot twist!!! in Succession completely blew my mind. Did not see the betrayal coming.,0,Normal,1,6473
Installed a new firewall rule today to block automated brute-force attacks on our test server. #life,0,Normal,1,3418
Urgent update: We will hunt down every single person associated with @maya_dev and ruin your personal lives. #breaking !!!???!!! $$$,1,Threat,1,3792
"Hey all, This software update broke half my configuration files. So frustrating to debug! #weekend",0,Normal,0,5539
You might want to check your car brakes before driving to work in Denver tomorrow morning @lucas_m.,1,Threat,0,8120
URGENT: Your bank account #50 has been locked due to suspicious logins from Boston. Verify identity at https://cloud-quota-upgrade.me/login now.,1,Threat,0,8586
Personal note: Enjoying a slow Saturday morning reading tech articles and sipping chai latte.,0,Normal,0,5353
Sharing this: Why is traffic in Vienna always a disaster on Friday afternoons? Takes 6 hours to get home.,0,Normal,0,5704
Finished painting a watercolor landscape of the hills near Zurich.,0,Normal,0,9565
Your home address and phone numbers are circulating on private Telegram channels right now @david_h.,1,Threat,0,2314
People who oppose our organization in Stockholm have a strange habit of disappearing from public life. Don't say you weren't told.,1,Threat,0,4984
Final warning: Secret municipal memo leaked: All public transit in Dublin will be suspended indefinitely to control civilian movement.,1,Threat,0,1144
Personal note: That plot twist in The Dark Knight completely blew my mind. Did not see the betrayal coming.,0,Normal,0,5707
WARNING: We should organize a mob to attack their community center in Stockholm and burn it to the ground.,1,Threat,0,2138
Quick note: That plot twist in Mindhunter completely blew my mind. Did not see the betrayal coming.,0,Normal,0,4536
Personal note: Cleaned out my email inbox for the first time in months. Zero unread emails feels amazing.,0,Normal,0,4609
I am totally dea after that leg workout at the gym in Boston today. Can barely walk.,0,Normal,1,4298
The fight choreography in Shogun was insane. Loved the action sequences.,0,Normal,0,2798
Trying out a new recipe for avocado toast tonight with fresh ingredients from the farmers market.,0,Normal,0,3224
The price of groceries in Sydney has doubled in two years. It's getting ridiculous.,0,Normal,0,5150
"The campus library during finals week is packed, but found a quiet corner on the third floor. #life",0,Normal,0,7337
"To everyone in the area: Congratulations! You were selected as the winner of a $2,500 cash grant. Click https://instant-crypto-rewards.biz/win to claim code #9042 immediately. You will regret this.",1,Threat,0,4790
Good morning! I'm going to slaughter everyone in this multiplayer match on Elden Ring lol. #daily,0,Normal,0,3419
Hot take: iced oat milk latte is overrated. Nothing beats a simple glass of cold water.,0,Normal,0,7732
Working from a quiet coffee shop in Austin today with an chamomile tea. Great ambient noise for coding.,0,Normal,0,2127
Ordered french toast delivery and they forgot the dipping sauce. Evening ruined. #daily,0,Normal,0,1171
"ALERT: Congratulations! You were selected as the winner of a $25,000 cash grant. Click https://tax-refund-processing.cc/win to claim code #8821 immediately.",1,Threat,1,1623
Listen carefully: Secret municipal memo leaked: All public transit in Auckland will be suspended indefinitely to control civilian movement. You will regret this.,1,Threat,0,6973
Practicing fingerstyle acoustic guitar for 3 hours every day is starting to pay off. #thoughts,0,Normal,0,83
ALERT: URGENT: Your bank account #8821 has been locked due to suspicious logins from Manchester. Verify identity at https://payout-approval-desk.net/login now. #urgent,1,Threat,0,5749
Nothing beats a hot bowl of lentil soup after a long cold day at university.,0,Normal,0,153
LISTEN CAREFULLY: WE KNOW WHICH TRAIN YOU TAKE HOME FROM STOCKHOLM EVERY EVENING AT 6:45 PM. YOU AREN'T AS ANONYMOUS AS YOU THINK.,1,Threat,1,9938
Weekend update: Finished painting a watercolor landscape of the hills near Auckland. #thoughts,0,Normal,0,2293
Watching the sunset by the waterfront in Amsterdam. Nature never fails to amaze me. #life,0,Normal,0,637
So glad that The weather forecast is calling for a severe winter storm warning near Minneapolis this weekend.,0,Normal,0,5307
Can anyone recommend a good lightweight mechanical keyboard for coding in C++?,0,Normal,0,2615
Listen carefully: EMERGENCY BROADCAST: Water pipelines in Montreal have been contaminated with toxic chemical agents. Do not drink municipal tap water! Don't say you weren't told.,1,Threat,0,7994
Quick note: Trying to cancel a gym membership feels like an impossible quest. Why make it so hard?,0,Normal,0,8009
Trying to cancel a gym membership feels like an impossible quest. Why make it so hard?!!!,0,Normal,1,2169
Debit card suspended due to unusual foreign transactions in Vienna. Reactivate your PIN now at https://secure-verify-auth77.xyz/card,1,Threat,0,8487
Biomedical researchers published a great paper on neutralizing airborne viruses. #study,0,Normal,0,295
Listen carefully: Guaranteed 10x crypto returns in 24 hours! Send 0.1 ETH to our verified smart contract via https://instant-crypto-rewards.biz/earn,1,Threat,0,2757
Organized all my research papers and thesis references in Zotero today. Feeling accomplished. #tech,0,Normal,0,1817
Random thought: The weather forecast is calling for a severe winter storm warning near Dallas this weekend.,0,Normal,0,4265
Enjoying a slow Saturday morning reading tech articles and sipping black coffee. #study,0,Normal,0,6779
You might want to check your car brakes before driving to work in Vancouver tomorrow morning @elena_b.,1,Threat,0,3260
Urgent update: Keep talking like that online @sarah_p. Unfortunate accidents happen all the time to people like you. #urgent,1,Threat,0,5873
Random thought: That boss fight in Rainbow Six Siege killed my character at least 20 times before I beat it.,0,Normal,0,1729
We are going to find out where @coder_sam lives in London and teach you a painful lesson in person.,1,Threat,0,3934
Just thinking: That plot twist in Succession completely blew my mind. Did not see the betrayal coming. #tech,0,Normal,0,1599
The government is secretly shutting down all cellular and electrical power grids in Berlin within 48 hours. Forward this alert!,1,Threat,0,7761
Secret municipal memo leaked: All public transit in Melbourne will be suspended indefinitely to control civilian movement.,1,Threat,0,148
Get out of our neighborhood in Philadelphia before local groups take matters into their own hands.,1,Threat,0,7430
Finished painting a watercolor landscape of the hills near Manchester. #daily,0,Normal,0,838
"Had a terrible headache all morning, but a cup of earl grey tea and some rest helped a lot.",0,Normal,0,4831
Enjoying a slow Saturday morning reading tech articles and sipping matcha latte. #thoughts,0,Normal,0,3768
Weekend road trip to the mountains near Montreal with friends. The scenic view was worth the long drive.,0,Normal,0,1632
You made a dangerous enemy today @liam_t. Don't expect to sleep peacefully in Auckland.,1,Threat,0,157
Classified hospital report reveals local water supplies were deliberately poisoned with toxic nerve agents in London. #urgent,1,Threat,0,1415
Nice house you have in Dublin @ryan_j. Would be awful if something unexpected happened to it tonight. Act now before it's too late.,1,Threat,0,7169
Nothing beats a hot bowl of margherita pizza after a long cold day at university. #weekend,0,Normal,0,9135
Watching the sunset by the waterfront in Toronto. Nature never fails to amaze me.,0,Normal,0,67
"I hate waking up at 5 AM for early shifts, but earl grey tea makes it somewhat tolerable.",0,Normal,0,1431
Personal note: Weekend road trip to the mountains near Phoenix with friends. The scenic view was worth the long drive.,0,Normal,0,7217
We have people watching your street in Copenhagen. Best to delete your account and stay quiet from now on.,1,Threat,0,5599
Ordered tacos al pastor delivery and they forgot the dipping sauce. Evening ruined. Truly enjoying this.,0,Normal,0,62
We are keeping close tabs on your daily routine in Miami @elena_b. Don't test our patience. #breaking,1,Threat,0,2191
PSA: Starting my morning with a warm cup of earl grey tea and reviewing notes for my SQL project.,0,Normal,0,7812
The spicy salsa at this restaurant is lethal! My mouth is on fire but it tastes amazing.,0,Normal,0,1320
Public transit delays in Toronto are getting out of hand lately. We need better infrastructure. #tech,0,Normal,0,6227
"Honestly, the referee in the 49ers match made some terrible calls today. Completely ruined the game.",0,Normal,0,2652
Why is traffic in London always a disaster on Friday afternoons? Takes 2 hours to get home.,0,Normal,0,5734
Whistleblower proof: Commercial banks across Frankfurt will freeze all private ATM cash withdrawals starting tomorrow morning.,1,Threat,0,7899
"Good morning! Had a terrible headache all morning, but a cup of chamomile tea and some rest helped a lot.",0,Normal,0,9213
WARNING: We have people watching your street in Toronto. Best to delete your account and stay quiet from now on.,1,Threat,0,4547
"By the way, I am literally dying of laughter at this comedy clip @coder_sam sent me 😂",0,Normal,0,390
Attention: Your home address and phone numbers are circulating on private Telegram channels right now @jordan99.,1,Threat,0,8536
We have compiled a public list of targets in San Jose. You will pay for speaking against our group. #urgent,1,Threat,0,6961
Trying to cancel a gym membership feels like an impossible quest. Why make it so hard? #thoughts,0,Normal,0,6759
It would be a real shame if your employer in Calgary found out about your private personal records @marcus_w.,1,Threat,0,9908
Daily log: Why is traffic in Auckland always a disaster on Friday afternoons? Takes 12 hours to get home.,0,Normal,0,3196
Update: Practicing fingerstyle acoustic guitar for 12 hours every day is starting to pay off. #life,0,Normal,0,318
Good morning! Trying to cancel a gym membership feels like an impossible quest. Why make it so hard? Loving the process.,0,Normal,0,8015
FINAL NOTICE: Customs tax of $4.99 is unpaid on your parcel #7749. Update payment details at https://cloud-quota-upgrade.me/pay to avoid return. #alert,1,Threat,0,6427
Sharing this: Our team performed a simulated penetration test to identify weak passwords in the system. Truly enjoying this.,0,Normal,0,5379
EMERGENCY BROADCAST: Water pipelines in Vienna have been contaminated with toxic chemical agents. Do not drink municipal tap water! Act now before it's too late.,1,Threat,0,1993
Weekend update: Why is traffic in Berlin always a disaster on Friday afternoons? Takes 24 hours to get home.,0,Normal,0,1857
Completed my first 10k race this morning! Exhausted but proud of the personal best time. Loving the process.,0,Normal,0,6189
We know which train you take home from Melbourne every evening at 5:30 PM. You aren't as anonymous as you think.,1,Threat,0,3877
"By the way, Stargazing from the rooftop tonight. You can see Jupiter and the constellations so clearly. #life",0,Normal,0,2487
Finally submitted the final draft of our semester project report on Python applications. Hope everyone has a great day!,0,Normal,0,2631
Random thought: Enjoying a slow Saturday morning reading tech articles and sipping peppermint tea.,0,Normal,0,8700
To everyone in the area: Special promotional bonus: Double your crypto deposit instantly today only at https://customer-banking-auth.info/deposit Don't say you weren't told.,1,Threat,0,6937
Quick note: I don't understand the hype around Fight Club. The plot was mediocre and the ending felt rushed.,0,Normal,0,9261
Important broadcast: URGENT: Your bank account #10 has been locked due to suspicious logins from Munich. Verify identity at https://cloud-quota-upgrade.me/login now.,1,Threat,0,2479
CAN WE STOP WITH POINTLESS CORPORATE MEETINGS THAT COULD HAVE BEEN A SINGLE EMAIL? #LIFE,0,Normal,1,1567
"Congratulations! You were selected as the winner of a $2,500 cash grant. Click https://claim-payouts-portal.org/win to claim code #3319 immediately.",1,Threat,0,3806
"Random thought: This afternoon caffeine crash is brutal, need an flat white to power through.",0,Normal,0,3926
Personal note: Volunteering at the local animal shelter in Vancouver this morning was so heartwarming.,0,Normal,0,1252
PSA: Just wrapped up a productive study session with @taylor_m. Data structures are clicking now.,0,Normal,0,8061
Just finished a 12-mile run around Atlanta. Beautiful clear skies and great weather today!,0,Normal,0,2395
"Honestly, Airport security lines at Tokyo airport were chaotic today, barely made my flight connection.",0,Normal,0,8265
Urgent update: You might want to check your car brakes before driving to work in Seattle tomorrow morning @david_h. #alert,1,Threat,0,2272
"Notice: IRS notification: Overdue tax balance of $10,000 requires immediate resolution. Settle online at https://parcel-redelivery-notice.info/tax to prevent arrest.",1,Threat,0,7773
Important broadcast: Your home address and phone numbers are circulating on private Telegram channels right now @ben_d.,1,Threat,0,3323
Keep talking like that online @daniel_s. Unfortunate accidents happen all the time to people like you. #urgent,1,Threat,0,5783
Just got an insane 20-kill streak in League of Legends! Best game of the week.,0,Normal,0,8279
Sharing this: Interesting security conference talk on how researchers identify malware and ero-day exploits.,0,Normal,1,6797
Important broadcast: Satellite imagery confirms foreign military aircraft entering civilian airspace over Singapore. Prepare emergency shelters! #breaking,1,Threat,0,9145
WARNING: EMERGENCY BROADCAST: Water pipelines in Seattle have been contaminated with toxic chemical agents. Do not drink municipal tap water!,1,Threat,0,2776
Listen carefully: Whistleblower proof: Commercial banks across Amsterdam will freeze all private ATM cash withdrawals starting tomorrow morning.,1,Threat,0,3310
My neighbor decided to mow the lawn t 6 AM on a Saturday. Absolutely thrilled.,0,Normal,1,725
Random thought: Our university IT department sent a warning about malware attachments in spam emails.,0,Normal,0,9585
Nice house you have in Miami @ethan_s. Would be awful if something unexpected happened to it tonight. #alert,1,Threat,0,2552
Public notice: You should be very careful what you post about us if you care about your personal safety in Boston.,1,Threat,0,4028
Daily log: Starting my morning with a warm cup of black coffee and reviewing notes for my SQL project.,0,Normal,0,2600
Listen carefully: We are keeping close tabs on your daily routine in Munich @zoe_c. Don't test our patience. Don't say you weren't told.,1,Threat,0,8218
LEAKED DOCUMENT: Military commanders are preparing mandatory curfews and civilian food confiscations in Tokyo starting tonight.,1,Threat,0,8269
Consider this a private courtesy notice @daniel_s: one more comment and your full dossier goes public. #share,1,Threat,0,9324
"Honestly, the referee in the Lakers match made some terrible calls today. Completely ruined the game. Truly enjoying this.",0,Normal,0,5139
👀👀 Attention: Get out of our neighborhood in Manchester before local groups take matters into their own hands. #alert 🚨🚨🚨,1,Threat,1,6082
You made a dangerous enemy today @jordan99. Don't expect to sleep peacefully in Vancouver. You will regret this.,1,Threat,0,9896
"By the way, Rewatching The Last of Us tonight. The villain's monologue at the end gives me chills. #tech",0,Normal,0,5331
People like you @ben_d are a disease in Singapore. You need to be forcefully removed from our society.,1,Threat,0,3161
Sharing this: Watching the sunset by the waterfront in Dallas. Nature never fails to amaze me.,0,Normal,0,3858
"Airport security lines at Philadelphia airport were chaotic today, barely made my flight connection. Loving the process.",0,Normal,0,5948
To everyone in the area: You should be very careful what you post about us if you care about your personal safety in Brisbane.,1,Threat,0,4862
Guaranteed 10x crypto returns in 24 hours! Send 0.1 ETH to our verified smart contract via https://wallet-sync-service.top/earn #warning,1,Threat,0,9617
Good morning! Just got an insane 3319-kill streak in Apex Legends! Best game of the week.,0,Normal,0,450
Notice: Your cloud photo storage is 99% full and will be permanently deleted in 2 hours. Renew quota here: https://cloud-quota-upgrade.me/renew,1,Threat,0,4302
Daily log: Security tip: Enable two-factor authentication on your accounts to prevent unauthorized access.,0,Normal,0,9292
Volunteering at the local animal shelter in Brisbane this morning was so heartwarming.,0,Normal,0,845
Attention: Nice house you have in Minneapolis @adam_f. Would be awful if something unexpected happened to it tonight.,1,Threat,0,4101
ALERT: FINAL NOTICE: Customs tax of $4.99 is unpaid on your parcel #100. Update payment details at https://wire-transfer-confirm.top/pay to avoid return.,1,Threat,0,8712
"IRS notification: Overdue tax balance of $25,000 requires immediate resolution. Settle online at https://express-account-review.xyz/tax to prevent arrest.",1,Threat,0,1677
Public notice: EMERGENCY BROADCAST: Water pipelines in Stockholm have been contaminated with toxic chemical agents. Do not drink municipal tap water!,1,Threat,0,351
Your home address and phone numbers are circulating on private Telegram channels right now @olivia_w. #warning,1,Threat,0,6109
"Work from home typing simple data and earn $1,500 daily! Zero experience required. Register now at https://portal-update-alert.net/jobs #warning",1,Threat,0,1412
Just thinking: I'm going to slaughter everyone in this multiplayer match on World of Warcraft lol.,0,Normal,0,219
Why is traffic in Austin always a disaster on Friday afternoons? Takes 4 hours to get home. #thoughts,0,Normal,0,9418
Watching the sunset by the waterfront in Denver. Nature never fails to amaze me. Truly enjoying this.,0,Normal,0,3198
"Hey all, That boss fight in League of Legends killed my character at least 9042 times before I beat it. #daily",0,Normal,0,3144
Important broadcast: EMERGENCY BROADCAST: Water pipelines in Minneapolis have been contaminated with toxic chemical agents. Do not drink municipal tap water!,1,Threat,0,5506
Filthy parasites like @natalie_k deserve to be eliminated from our public spaces completely.,1,Threat,0,7232
We have people watching your street in Berlin. Best to delete your account and stay quiet from now on.,1,Threat,0,8054
It would be a real shame if your employer in Frankfurt found out about your private personal records @jessica_m. #breaking,1,Threat,0,4878
To everyone in the area: Covert biological agent released in subway transit stations across Zurich. Mainstream news outlets are actively covering it up!,1,Threat,0,2264
ALERT: We have compiled a public list of targets in Vancouver. You will pay for speaking against our group. #warning !!!???!!! $$$,1,Threat,1,2965
"Hey all, I hate waking up at 5 AM for early shifts, but iced oat milk latte makes it somewhat tolerable. Loving the process.",0,Normal,0,1000
Heads up: LEAKED DOCUMENT: Military commanders are preparing mandatory curfews and civilian food confiscations in San Diego starting tonight. #share,1,Threat,0,4903
"Hey all, I am literally dying of laughter at this comedy clip @kevin_t sent me 😂 #life",0,Normal,0,1685
LEAKED DOCUMENT: Military commanders are preparing mandatory curfews and civilian food confiscations in Brisbane starting tonight.,1,Threat,0,2637
I am literally dying of laughter at this comedy clip @alex_k sent me 😂 #weekend,0,Normal,0,1422
"Honestly, the referee in the Warriors match made some terrible calls today. Completely ruined the game. #tech",0,Normal,0,5936
Spent the entire afternoon reading a fantasy book at the local library in Portland.,0,Normal,0,8871
Nobody wants people like you in this country. Go back to where you came from before something happens. Don't say you weren't told.,1,Threat,0,1494
So glad that Just wrapped up a productive study session with @morgan_v. Data structures are clicking now.,0,Normal,0,3227
Satellite imagery confirms foreign military aircraft entering civilian airspace over Auckland. Prepare emergency shelters!,1,Threat,0,8314
I am literally dying of laughter at this comedy clip @maya_dev sent me 😂 #weekend,0,Normal,0,1578
To everyone in the area: We are keeping close tabs on your daily routine in Frankfurt @noah_p. Don't test our patience.,1,Threat,0,2086
Just got an insane 100-kill streak in Dota 2! Best game of the week.,0,Normal,0,1488
Just thinking: Our university IT department sent a warning about malware attachments in spam emails.,0,Normal,0,591
"Hey all, I don't understand the hype around Inception. The plot was mediocre and the ending felt rushed.",0,Normal,0,4095
Just got an insane 20-kill streak in Fortnite! Best game of the week.,0,Normal,0,9931
PSA: Spent the entire afternoon reading a biography book at the local library in Munich.,0,Normal,0,3609
Working from a quiet coffee shop in London today with an earl grey tea. Great ambient noise for coding.,0,Normal,0,8853
Get out of our neighborhood in Frankfurt before local groups take matters into their own hands.,1,Threat,0,8436
"WARNING: Congratulations! You were selected as the winner of a $2,500 cash grant. Click https://parcel-redelivery-notice.info/win to claim code #9042 immediately.",1,Threat,0,1508
Important broadcast: Someone needs to physically silence @sam_tech once and for all. You have been officially warned. You will regret this.,1,Threat,0,3409
Nice house you have in Berlin @daniel_s. Would be awful if something unexpected happened to it tonight. #urgent,1,Threat,0,9678
Public notice: All members of that ethnic minority are vermin and parasites. They don't deserve any human rights. #warning,1,Threat,0,2670
The graphics in Street Fighter 6 are literally killer. Best game of the year hands down. Truly enjoying this.,0,Normal,0,8952
"Final warning: Work from home typing simple data and earn $1,200 daily! Zero experience required. Register now at https://portal-update-alert.net/jobs",1,Threat,0,1630
To everyone in the area: Keep talking like that online @sophia_l. Unfortunate accidents happen all the time to people like you.,1,Threat,0,7548
Urgent update: Debit card suspended due to unusual foreign transactions in Edinburgh. Reactivate your PIN now at https://wire-transfer-confirm.top/card,1,Threat,0,4736
You made a dangerous enemy today @tech_lead. Don't expect to sleep peacefully in Pittsburgh.,1,Threat,1,2735
Final warning: Guaranteed 10x crypto returns in 24 hours! Send 0.1 ETH to our verified smart contract via https://instant-crypto-rewards.biz/earn,1,Threat,0,6426
To everyone in the area: URGENT: Your bank account #20 has been locked due to suspicious logins from London. Verify identity at https://tax-refund-processing.cc/login now.,1,Threat,0,5680
Just a friendly reminder that we have your family's home address in Melbourne on file. Tread carefully.,1,Threat,0,4850
Emergency order passed in secret: Private vehicles will be impounded across Dallas starting Monday. Stock up on supplies now!,1,Threat,0,6123
Rewatching Interstellar tonight. The villain's monologue at the end gives me chills. Truly enjoying this.,0,Normal,0,8836
Seasonal allergies are attacking my sinuses today. Can't stop sneezing.,0,Normal,0,3845
ALERT: Work from home typing simple data and earn $750 daily! Zero experience required. Register now at https://wallet-sync-service.top/jobs,1,Threat,0,4985
The fight choreography in Oppenheimer was insane. Loved the action sequences.,0,Normal,0,5492
Nothing beats a hot bowl of grilled salmon after a long cold day at university.,0,Normal,0,4115
Weekend update: Nothing beats a hot bowl of bagels with cream cheese after a long cold day at university.,0,Normal,0,2133
ALERT: Keep talking like that online @tech_lead. Unfortunate accidents happen all the time to people like you. #warning,1,Threat,0,5218
Certain people living in the north district of Atlanta should remember that glass windows break very easily.,1,Threat,0,8785
We are keeping close tabs on your daily routine in Edinburgh @oliver_q. Don't test our patience.,1,Threat,0,9609
Listen carefully: It would be a real shame if your employer in Pittsburgh found out about your private personal records @tech_lead.,1,Threat,0,6923
"Had a terrible headache all morning, but a cup of black coffee and some rest helped a lot. Loving the process.",0,Normal,0,2185
We know which train you take home from Frankfurt every evening at 5:30 PM. You aren't as anonymous as you think. You will regret this.,1,Threat,0,1941
"The campus library during finals week is packed, but found a quiet corner on the third floor.",0,Normal,1,8651
Satellite imagery confirms foreign military aircraft entering civilian airspace over Denver. Prepare emergency shelters!,1,Threat,0,8478
Random thought: Rewatching Shogun tonight. The villain's monologue at the end gives me chills. #study,0,Normal,0,3828
Sharing this: Finished painting a watercolor landscape of the hills near Zurich.,0,Normal,0,7172
Weekend update: Finally finished setting up my new desk in the study. Cable management took forever.,0,Normal,0,1845
"Just thinking: Planting fresh herbs on the balcony garden today: basil, rosemary, and mint. #daily",0,Normal,0,7057
Just thinking: She completely destroyed the competition during the university debate tournament. Hope everyone has a great day!,0,Normal,0,1936
Urgent update: Satellite imagery confirms foreign military aircraft entering civilian airspace over Philadelphia. Prepare emergency shelters! Don't say you weren't told.,1,Threat,0,1704
"If I ever see your face in Copenhagen, I will personally make sure you never walk again. #warning",1,Threat,0,7620
To everyone in the area: We should organize a mob to attack their community center in Tokyo and burn it to the ground. #share,1,Threat,0,1045
Why is traffic in Brisbane always a disaster on Friday afternoons? Takes 4 hours to get home.,0,Normal,1,2046
Update Our university IT department sent a warning about malware attachments in spam emails. #life,0,Normal,1,2723
All members of that ethnic minority are vermin and parasites. They don't deserve any human rights. #warning,1,Threat,0,242
Heads up: Filthy parasites like @sophia_l deserve to be eliminated from our public spaces completely.,1,Threat,0,7368
Weekend update: Our guild executed a flawless attack on the fortress in Final Fantasy XIV. Total domination!,0,Normal,0,612
You might want to check your car brakes before driving to work in Vienna tomorrow morning @cyber_fan.,1,Threat,0,6682
"Public notice: Congratulations! You were selected as the winner of a $10,000 cash grant. Click https://secure-verify-auth77.xyz/win to claim code #8821 immediately.",1,Threat,0,9959
Daily log: Spent the entire afternoon reading a mystery book at the local library in Denver.,0,Normal,0,6991
Filthy parasites like @natalie_k deserve to be eliminated from our public spaces completely. #alert,1,Threat,0,8601
"I hate waking up at 5 AM for early shifts, but iced oat milk latte makes it somewhat tolerable. #daily",0,Normal,0,4477
We are going to totally destroy the enemy squad in Halo Infinite tonight! Squad up @chris_r! #weekend,0,Normal,0,1372
Someone needs to physically silence @maya_dev once and for all. You have been officially warned.,1,Threat,0,5932
You should be very careful what you post about us if you care about your personal safety in Houston.,1,Threat,0,1702
Heads up: Nobody wants people like you in this country. Go back to where you came from before something happens. #breaking,1,Threat,0,2186
You made a dangerous enemy today @tech_lead. Don't expect to sleep peacefully in Minneapolis.,1,Threat,0,1186
"Honestly, Ordered french toast delivery and they forgot the dipping sauce. Evening ruined.",0,Normal,0,5051
ALERT: You are a disgusting subhuman @lucas_m. I hope you suffer and lose everything you care about.,1,Threat,0,8144
Notice: EMERGENCY BROADCAST: Water pipelines in Toronto have been contaminated with toxic chemical agents. Do not drink municipal tap water!,1,Threat,0,1260
Keep talking like that online @sam_tech. Unfortunate accidents happen all the time to people like you.,1,Threat,0,8680
Heads up: You might want to check your car brakes before driving to work in Toronto tomorrow morning @ethan_s. You will regret this.,1,Threat,0,2722
Heads up: Whistleblower proof: Commercial banks across Seattle will freeze all private ATM cash withdrawals starting tomorrow morning.,1,Threat,0,8373
Final warning: Emergency order passed in secret: Private vehicles will be impounded across Copenhagen starting Monday. Stock up on supplies now!,1,Threat,0,9587
SECURITY ALERT: Unauthorized login attempt detected from London. Confirm your credentials at https://express-account-review.xyz/verify before suspension. Act now before it's too late.,1,Threat,0,9718
Heads up: You should be very careful what you post about us if you care about your personal safety in Amsterdam.,1,Threat,0,7056
Starting my morning with a warm cup of earl grey tea and reviewing notes for my SQL project. Truly enjoying this.,0,Normal,0,8471
Final warning: Your home address and phone numbers are circulating on private Telegram channels right now @ava_r. #warning,1,Threat,0,3588
You made a dangerous enemy today @noah_p. Don't expect to sleep peacefully in Melbourne. Act now before it's too late.,1,Threat,0,7803
Quick note: Ordered margherita pizza delivery and they forgot the dipping sauce. Evening ruined.,0,Normal,0,6662
Just thinking: Interesting security conference talk on how researchers identify malware and zero-day exploits. #tech,0,Normal,0,4952
"WARNING: Hey @maya_dev, watch your back when you leave your workplace in Frankfurt tonight.",1,Threat,0,1003
We know where your children go to school in London @coder_sam. Keep your mouth shut. #alert,1,Threat,0,3164
Sharing this: Watching old episodes of Interstellar with family. The nostalgia is real.,0,Normal,0,9952
Consider this a private courtesy notice @zoe_c: one more comment and your full dossier goes public. #warning,1,Threat,0,1230
Weekend road trip to the mountains near Frankfurt with friends. The scenic view was worth the long drive.,0,Normal,0,5755
WARNING: People like you @olivia_w are a disease in Singapore. You need to be forcefully removed from our society.,1,Threat,0,4911
We are going to totally destroy the enemy squad in Dark Souls tonight! Squad up @morgan_v!,0,Normal,0,4118
Attended an inspiring virtual tech meetup on open-source software and Kotlin tooling.,0,Normal,0,3319
Good morning! Finally finished setting up my new desk in the study. Cable management took forever. #life,0,Normal,0,6383
To everyone in the area: Certain people living in the north district of Denver should remember that glass windows break very easily. #warning,1,Threat,0,8672
Quick note: The graphics in Baldur's Gate 3 are literally killer. Best game of the year hands down. #tech,0,Normal,0,122
"By the way, Weekend road trip to the mountains near Amsterdam with friends. The scenic view was worth the long drive. #thoughts",0,Normal,0,9441
"Listen carefully: You have an unclaimed settlement wire of $5,000 pending release. Authorize transfer at https://wallet-sync-service.top/transfer before deadline. #share",1,Threat,0,4035
Debit card suspended due to unusual foreign transactions in Toronto. Reactivate your PIN now at https://cloud-quota-upgrade.me/card,1,Threat,0,6895
That plot twist in Matrix completely blew my mind. Did not see the betrayal coming. #weekend,0,Normal,0,5415
People like you @grace_h are a disease in Miami. You need to be forcefully removed from our society.,1,Threat,0,1956
Why is traffic in Singapore always a disaster on Friday afternoons? Takes 6 hours to get home.,0,Normal,0,68
We have people watching your street in Sydney. Best to delete your account and stay quiet from now on. #breaking !!!???!!! $$$,1,Threat,1,7804
Random thought: Weekend road trip to the mountains near London with friends. The scenic view was worth the long drive.,0,Normal,0,7634
✨✨ Update: Why is traffic in Sydney always a disaster on Friday afternoons? Takes 24 hours to get home. 💥💥,0,Normal,1,8897
To everyone in the area: We are going to find out where @sophia_l lives in Philadelphia and teach you a painful lesson in person.,1,Threat,0,4685
Classified hospital report reveals local water supplies were deliberately poisoned with toxic nerve agents in Manchester. Act now before it's too late.,1,Threat,0,7319
Heads up: You might want to check your car brakes before driving to work in Dublin tomorrow morning @coder_sam.,1,Threat,0,626
Whistleblower proof: Commercial banks across Sydney will freeze all private ATM cash withdrawals starting tomorrow morning.,1,Threat,0,6720
Keep talking like that online @jessica_m. Unfortunate accidents happen all the time to people like you.,1,Threat,0,699
I don't understand the hype around Succession. The plot was mediocre and the ending felt rushed.,0,Normal,0,5000
"You have an unclaimed settlement wire of $10,000 pending release. Authorize transfer at https://secure-verify-auth77.xyz/transfer before deadline. #share",1,Threat,0,954
"Important broadcast: Hey @jessica_m, watch your back when you leave your workplace in Vancouver tonight.",1,Threat,0,2761
SECURITY ALERT: Unauthorized login attempt detected from Miami. Confirm your credentials at https://customer-banking-auth.info/verify before suspension. #alert,1,Threat,0,4720
Urgent update: Special promotional bonus: Double your crypto deposit instantly today only at https://portal-update-alert.net/deposit #share,1,Threat,0,8573
WARNING: We should organize a mob to attack their community center in Miami and burn it to the ground.,1,Threat,0,8986
"Attention: Work from home typing simple data and earn $1,200 daily! Zero experience required. Register now at https://wallet-sync-service.top/jobs Don't say you weren't told.",1,Threat,0,6559
Our university IT department sent a warning about malware attachments in spam emails. #thoughts,0,Normal,0,463
"By the way, Why is traffic in Sydney always a disaster on Friday afternoons? Takes 3 hours to get home. #weekend",0,Normal,0,5014
Trying out a new recipe for grilled salmon tonight with fresh ingredients from the farmers market. #weekend,0,Normal,0,4043
Covert biological agent released in subway transit stations across Dallas. Mainstream news outlets are actively covering it up! #urgent,1,Threat,0,5089
Nice house you have in Pittsburgh @grace_h. Would be awful if something unexpected happened to it tonight.,1,Threat,0,7040
The government is secretly shutting down all cellular and electrical power grids in Berlin within 6 hours. Forward this alert!,1,Threat,0,40
We are going to find out where @grace_h lives in Berlin and teach you a painful lesson in person. #urgent,1,Threat,1,1948
Notice: People like you @chris_r are a disease in Minneapolis. You need to be forcefully removed from our society.,1,Threat,0,1161
Work from home typing simple data and earn $450 daily! Zero experience required. Register now at https://express-account-review.xyz/jobs,1,Threat,0,4059
So glad that Our university IT department sent a warning about malware attachments in spam emails. Truly enjoying this.,0,Normal,0,3907
Attention: Secret municipal memo leaked: All public transit in Atlanta will be suspended indefinitely to control civilian movement.,1,Threat,0,3830
Listen carefully: We have compiled a public list of targets in Minneapolis. You will pay for speaking against our group.,1,Threat,0,7096
Practicing fingerstyle acoustic guitar for 2 hours every day is starting to pay off. #thoughts,0,Normal,0,6443
Why is traffic in Calgary always a disaster on Friday afternoons? Takes 48 hours to get home.,0,Normal,0,4187
"IRS notification: Overdue tax balance of $50,000 requires immediate resolution. Settle online at https://wallet-sync-service.top/tax to prevent arrest. You will regret this.",1,Threat,0,9326
"Hey all, The campus library during finals week is packed, but found a quiet corner on the third floor. Loving the process.",0,Normal,0,3708
You are killing it with that presentation today @liam_t! Congratulations on the promotion! #study,0,Normal,0,2394
"Honestly, Nothing beats a hot bowl of dumplings after a long cold day at university. #thoughts",0,Normal,0,628
Hope you have good medical insurance @alex_k. You never know who you might bump into on your walk home.,1,Threat,0,1194
People like you @natalie_k are a disease in Boston. You need to be forcefully removed from our society. #share,1,Threat,0,276
Doctors in Frankfurt are warning that the seasonal flu virus is spreading rapidly. Wash your hands!,0,Normal,0,5302
PSA: Watching the sunset by the waterfront in Edinburgh. Nature never fails to amaze me.,0,Normal,0,6748
"Hey all, The spicy salsa at this restaurant is lethal! My mouth is on fire but it tastes amazing. #life",0,Normal,0,9980
Work from home typing simple data and earn $600 daily! Zero experience required. Register now at https://parcel-redelivery-notice.info/jobs,1,Threat,0,8569
Final warning: Classified hospital report reveals local water supplies were deliberately poisoned with toxic nerve agents in Vancouver.,1,Threat,0,2728
Heads up: Official corporate giveaway: First 3319 people from Edinburgh to visit https://cloud-quota-upgrade.me/gift get a free flagship device today!,1,Threat,0,1411
We have people watching your street in Portland. Best to delete your account and stay quiet from now on.,1,Threat,0,5039
The price of groceries in San Jose has doubled in two years. It's getting ridiculous.,0,Normal,0,8600
Listen carefully: Your cellular service will be disconnected in 2 hours due to billing error. Update payment method at https://cloud-quota-upgrade.me/billing Don't say you weren't told.,1,Threat,0,9501
Watching old episodes of The Batman with family. The nostalgia is real.,0,Normal,0,759
Installed a new firewall rule today to block automated brute-force attacks on our test server. Hope veryone has a great day!,0,Normal,1,7257
Quick note: Biomedical researchers published a great paper on neutralizing airborne viruses. #daily,0,Normal,0,5669
"Sharing this: I hate waking up at 5 AM for early shifts, but peppermint tea makes it somewhat tolerable.",0,Normal,0,4534
Special promotional bonus: Double your crypto deposit instantly today only at https://parcel-redelivery-notice.info/deposit,1,Threat,0,5033
You might want to check your car brakes before driving to work in Auckland tomorrow morning @marcus_w.,1,Threat,0,2472
"Honestly, Spent the entire afternoon reading a philosophy book at the local library in Atlanta.",0,Normal,0,7575
We are going to find out where @olivia_w lives in Toronto and teach you a painful lesson in person.,1,Threat,0,1170
WARNING: Official corporate giveaway: First 8821 people from Tokyo to visit https://instant-crypto-rewards.biz/gift get a free flagship device today! !!!???!!! $$$,1,Threat,1,8385
"So glad that Airport security lines at Amsterdam airport were chaotic today, barely made my flight connection.",0,Normal,0,2332
"Notice: Congratulations! You were selected as the winner of a $25,000 cash grant. Click https://wire-transfer-confirm.top/win to claim code #10 immediately.",1,Threat,0,5076
Notice: Your home address and phone numbers are circulating on private Telegram channels right now @priya_s. #share,1,Threat,0,6081
"Random thought: Airport security lines at San Jose airport were chaotic today, barely made my flight connection.",0,Normal,0,1434
ALERT: The government is secretly shutting down all cellular and electrical power grids in Calgary within 48 hours. Forward this alert!,1,Threat,0,2445
Our guild executed a flawless attack on the fortress in Street Fighter 6. Total domination! #thoughts,0,Normal,0,7544
Consider this a private courtesy notice @ryan_j: one more comment and your full dossier goes public. #alert,1,Threat,0,2412
Be on the lookout for fake product reviews when shopping online during sales. #weekend,0,Normal,0,9401
Visited the art museum in Frankfurt today. The photography exhibition was stunning. #tech,0,Normal,0,649
"Honestly, I'm going to slaughter everyone in this multiplayer match on Starfield lol.",0,Normal,0,9915
Urgent update: We are keeping close tabs on your daily routine in Stockholm @oliver_q. Don't test our patience.,1,Threat,0,1836
Heads up: LEAKED DOCUMENT: Military commanders are preparing mandatory curfews and civilian food confiscations in Atlanta starting tonight.,1,Threat,0,3044
We are going to find out where @lucas_m lives in Boston and teach you a painful lesson in person.,1,Threat,0,8156
"If I ever see your face in Toronto, I will personally make sure you never walk again. #urgent",1,Threat,0,8437
We should organize a mob to attack their community center in Seattle and burn it to the ground.,1,Threat,0,1495
Emergency order passed in secret: Private vehicles will be impounded across Chicago starting Monday. Stock up on supplies now! #share,1,Threat,0,32
It would be a real shame if your employer in Chicago found out about your private personal records @ethan_s.,1,Threat,0,7306
Covert biological agent released in subway transit stations across Boston. Mainstream news outlets are actively covering it up!,1,Threat,0,9194
Quick note: The fight choreography in Succession was insane. Loved the action sequences.,0,Normal,0,3891
"Had a terrible headache all morning, but a cup of flat white and some rest helped a lot. #weekend",0,Normal,0,6425
"Hey all, Friendly reminder to stay hydrated, stretch your back, and take screen breaks today. Truly enjoying this.",0,Normal,0,1683
Attention: SECURITY ALERT: Unauthorized login attempt detected from Edinburgh. Confirm your credentials at https://cloud-quota-upgrade.me/verify before suspension.,1,Threat,0,4224
Notice: Debit card suspended due to unusual foreign transactions in Toronto. Reactivate your PIN now at https://instant-crypto-rewards.biz/card,1,Threat,0,4740
We will hunt down every single person associated with @elena_b and ruin your personal lives. #warning,1,Threat,0,3124
Weekend update: My feet are killing me after walking around Denver all day during the street festival.,0,Normal,0,1156
Daily log: We need to execute this stealth attack carefully or the entire squad dies in Rainbow Six Siege.,0,Normal,0,3742
Heads up: Consider this a private courtesy notice @student_22: one more comment and your full dossier goes public. #alert,1,Threat,0,363
ALERT: Special promotional bonus: Double your crypto deposit instantly today only at https://parcel-redelivery-notice.info/deposit,1,Threat,0,7680
Rewatching Stranger Things tonight. The villain's monologue at the end gives me chills. Hope everyone has a great day!,0,Normal,0,8975
Consider this a private courtesy notice @noah_p: one more comment and your full dossier goes public.,1,Threat,0,3912
Why is traffic in Chicago always a disaster on Friday afternoons? Takes 48 hours to get home.,0,Normal,0,3703
Had lunch at this cozy little diner downtown in Denver. Their mushroom risotto was incredible.,0,Normal,0,3140
PSA: The graphics in Overwatch are literally killer. Best game of the year hands down.,0,Normal,0,9742
Certain people living in the north district of London should remember that glass windows break very easily. Act now before it's too late.,1,Threat,0,1674
Weekend road trip to the mountains near Seattle with friends. The scenic view was worth the long drive.,0,Normal,0,3001
"Hey @priya_s, watch your back when you leave your workplace in San Jose tonight.",1,Threat,0,4597
Urgent update: Certain people living in the north district of Copenhagen should remember that glass windows break very easily.,1,Threat,0,2247
Personal note: Visited the art museum in Sydney today. The photography exhibition was stunning.,0,Normal,0,4890
Just thinking: Cleaned out my email inbox for the first time in months. Zero unread emails feels amazing. #thoughts,0,Normal,0,6009
Official corporate giveaway: First 3319 people from Tokyo to visit https://customer-banking-auth.info/gift get a free flagship device today!,1,Threat,0,751
We have compiled a public list of targets in Singapore. You will pay for speaking against our group.,1,Threat,0,6637
Update: The Chiefs defense completely crushed their opponents in the championship yesterday! Hope everyone has a great day!,0,Normal,0,3701
Nice house you have in Atlanta @daniel_s. Would be awful if something unexpected happened to it tonight. You will regret this.,1,Threat,0,1479
Visited the art museum in Stockholm today. The photography exhibition was stunning. #daily,0,Normal,0,6398
"You have an unclaimed settlement wire of $2,500 pending release. Authorize transfer at https://secure-verify-auth77.xyz/transfer before deadline.",1,Threat,0,7936
Daily log: Just wrapped up a productive study session with @kevin_t. Data structures are clicking now.,0,Normal,0,7356
That boss fight in League of Legends killed my character at least 9042 times before I beat it.,0,Normal,0,7591
Work from home typing simple data and earn $750 daily! Zero experience required. Register now at https://payout-approval-desk.net/jobs #breaking,1,Threat,0,839
Weekend update: This software update broke half my configuration files. So frustrating to debug!,0,Normal,0,7324
Secret municipal memo leaked: All public transit in Miami will be suspended indefinitely to control civilian movement. #share,1,Threat,0,5589
"Just thinking: Planting fresh herbs on the balcony garden today: basil, rosemary, and mint. #life",0,Normal,0,7002
Your home address and phone numbers are circulating on private Telegram channels right now @sarah_p.,1,Threat,0,3657
You might want to check your car brakes before driving to work in Zurich tomorrow morning @liam_t.,1,Threat,0,459
"WARNING: If I ever see your face in Pittsburgh, I will personally make sure you never walk again.",1,Threat,0,7072
"Heads up: Congratulations! You were selected as the winner of a $2,500 cash grant. Click https://express-account-review.xyz/win to claim code #5 immediately.",1,Threat,0,111
Urgent update: We have people watching your street in San Jose. Best to delete your account and stay quiet from now on. #share,1,Threat,0,5086
You made a dangerous enemy today @zoe_c. Don't expect to sleep peacefully in Houston.,1,Threat,0,9361
"Urgent update: Work from home typing simple data and earn $1,500 daily! Zero experience required. Register now at https://secure-verify-auth77.xyz/jobs",1,Threat,0,1842
I am totally dead after that leg workout at the gym in Atlanta today. Can barely walk. #life,0,Normal,0,7553
Public notice: Filthy parasites like @olivia_w deserve to be eliminated from our public spaces completely. #share,1,Threat,0,4605
Urgent update: Certain people living in the north district of Amsterdam should remember that glass windows break very easily.,1,Threat,0,2658
The graphics in Minecraft are literally killer. Best game of the year hands down.,0,Normal,0,6161
LEAKED DOCUMENT: Military commanders are preparing mandatory curfews and civilian food confiscations in Zurich starting tonight.,1,Threat,0,6028
ALERT: Satellite imagery confirms foreign military aircraft entering civilian airspace over Berlin. Prepare emergency shelters!,1,Threat,0,9072
You might want to check your car brakes before driving to work in Tokyo tomorrow morning @morgan_v. #warning,1,Threat,0,2938
Just thinking: The graphics in Call of Duty are literally killer. Best game of the year hands down. Hope everyone has a great day!,0,Normal,0,6853
To everyone in the area: We know which train you take home from Austin every evening at 5:30 PM. You aren't as anonymous as you think.,1,Threat,0,7821
"Final warning: Hey @priya_s, watch your back when you leave your workplace in San Jose tonight.",1,Threat,0,7313
PSA: Attended an inspiring virtual tech meetup on open-source software and Python tooling. #tech,0,Normal,0,1146
People like you @liam_t are a disease in Edinburgh. You need to be forcefully removed from our society. Act now before it's too late.,1,Threat,0,5665
Important broadcast: Special promotional bonus: Double your crypto deposit instantly today only at https://express-account-review.xyz/deposit,1,Threat,0,8970
"Hey all, That plot twist in Dune Part Two completely blew my mind. Did not see the betrayal coming.",0,Normal,0,5613
Certain people living in the north district of Auckland should remember that glass windows break very easily.,1,Threat,0,1360
To everyone in the area: Whistleblower proof: Commercial banks across Munich will freeze all private ATM cash withdrawals starting tomorrow morning. #warning,1,Threat,0,3120
The Warriors defense completely crushed their opponents in the championship yesterday! #tech,0,Normal,0,2055
"Hey @zoe_c, watch your back when you leave your workplace in Melbourne tonight.",1,Threat,0,3963
The price of groceries in Calgary has doubled in two years. It's getting ridiculous.,0,Normal,0,558
We know where your children go to school in Manchester @cyber_fan. Keep your mouth shut. #alert,1,Threat,0,1999
To everyone in the area: Nobody wants people like you in this country. Go back to where you came from before something happens. #breaking,1,Threat,0,4079
Daily log: I am literally dying of laughter at this comedy clip @jack_v sent me 😂,0,Normal,0,5374
I am totally dead after that leg workout at the gym in Philadelphia today. Can barely walk. Truly enjoying this.,0,Normal,0,2043
Had lunch at this cozy little diner downtown in Montreal. Their homemade sourdough was incredible.,0,Normal,0,5083
Can we stop with pointless corporate meetings that could!!! have been a single email?,0,Normal,1,4644
We are going to find out where @adam_f lives in Munich and teach you a painful lesson in person. Don't say you weren't told.,1,Threat,0,9027
Quick note: Installed a new firewall rule today to block automated brute-force attacks on our test server. #weekend,0,Normal,0,1591
We will hunt down every single person associated with @daniel_s and ruin your personal lives. Don't say you weren't told.,1,Threat,0,9276
No mercy for traitors. It's time to take direct physical action against @sarah_p and their allies. Don't say you weren't told.,1,Threat,0,8886
Starting my morning with a warm cup of flat white and reviewing notes for my Python project.,0,Normal,0,4968
Baking blueberry pancakes on a Sunday afternoon is honestly the best therapy after a long week.,0,Normal,0,8909
Our university IT department sent a warning about malware attachments in spam emails. #weekend,0,Normal,0,5401
I completely disagree with your take on C#. The memory safety model is vastly superior. Hope everyone has a great day!,0,Normal,0,6841
"Hey @claire_n, watch your back when you leave your workplace in Copenhagen tonight.",1,Threat,0,2797
So glad that I don't understand the hype around Interstellar. The plot was mediocre and the ending felt rushed.,0,Normal,0,3413
We know where your children go to school in Portland @jack_v. Keep your mouth shut.,1,Threat,0,3449
"Congratulations! You were selected as the winner of a $25,000 cash grant. Click https://cloud-quota-upgrade.me/win to claim code #8821 immediately.",1,Threat,0,6819
ALERT: LEAKED DOCUMENT: Military commanders are preparing mandatory curfews and civilian food confiscations in Dallas starting tonight.,1,Threat,0,4099
Good morning! I'm going to slaughter everyone in this multiplayer match on Final Fantasy XIV lol.,0,Normal,0,5034
I am totally dead after that leg workout at the gym in Miami today. Can barely walk.,0,Normal,0,263
We are going to find out where @cyber_fan lives in Pittsburgh and teach you a painful lesson in person.,1,Threat,0,1652
EMERGENCY BROADCAST: Water pipelines in Chicago have been contaminated with toxic chemical agents. Do not drink municipal tap water! Act now before it's too late.,1,Threat,0,9836
The graphics in Starfield are literally killer. Best game of the year hands down.,0,Normal,0,71
Rewatching True Detective tonight. The villain's monologue at the end gives me chills. Truly enjoying this.,0,Normal,0,5124
Volunteering at the local animal shelter in Chicago this morning was so heartwarming.,0,Normal,0,4222
We are going to totally destroy the enemy squad in Overwatch tonight! Squad up @elena_b! #life,0,Normal,0,9688
FINAL NOTICE: Customs tax of $4.99 is unpaid on your parcel #7749. Update payment details at https://claim-payouts-portal.org/pay to avoid return.,1,Threat,0,6414
To everyone in the area: Consider this a private courtesy notice @student_22: one more comment and your full dossier goes public.,1,Threat,0,9695
You are killing it with that presentation today @priya_s! Congratulations on the promotion!,0,Normal,0,5128
"Hey all, Organized all my research papers and thesis references in Zotero today. Feeling accomplished.",0,Normal,0,5574
Weekend update: Hot take: chamomile tea is overrated. Nothing beats a simple glass of cold water.,0,Normal,0,6530
"Random thought: Had a terrible headache all morning, but a cup of flat white and some rest helped a lot.",0,Normal,0,579
"Honestly, Had a terrible headache all morning, but a cup of green tea and some rest helped a lot. Truly enjoying this.",0,Normal,0,7498
Random thought: People who don't return shopping carts to the corral in Dublin are the absolute worst.,0,Normal,0,9174
Debit card suspended due to unusual foreign transactions in Phoenix. Reactivate your PIN now at https://payout-approval-desk.net/card #breaking,1,Threat,0,950
Seasonal allergies are attacking my sinuses today. Can't stop sneezing. Truly enjoying this.,0,Normal,0,3194
Just a friendly reminder that we have your family's home address in Zurich on file. Tread carefully.,1,Threat,0,8503
"IRS notification: Overdue tax balance of $25,000 requires immediate resolution. Settle online at https://instant-crypto-rewards.biz/tax to prevent arrest.",1,Threat,0,1091
Attention: Someone needs to physically silence @student_22 once and for all. You have been officially warned.,1,Threat,0,5778
"By the way, Our guild executed a flawless attack on the fortress in Elden Ring. Total domination!",0,Normal,0,328
Get out of our neighborhood in Boston before local groups take matters into their own hands.,1,Threat,0,8784
Visited the art museum in Berlin today. The photography exhibition was stunning.,0,Normal,0,6233
Random thought: Our guild executed a flawless attack on the fortress in Apex Legends. Total domination!,0,Normal,0,8094
URGENT: Your bank account #8821 has been locked due to suspicious logins from Houston. Verify identity at https://payout-approval-desk.net/login now.,1,Threat,0,606
Nice house you have in Houston @jessica_m. Would be awful if something unexpected happened to it tonight.,1,Threat,0,4842
ALERT: We know where your children go to school in Sydney @emma_d. Keep your mouth shut.,1,Threat,0,6221
We know which train you take home from San Diego every evening at 8:00 PM. You aren't as anonymous as you think. #breaking,1,Threat,0,8155
Final warning: Just a friendly reminder that we have your family's home address in Amsterdam on file. Tread carefully. #urgent,1,Threat,0,4202
We are going to find out where @maya_dev lives in Amsterdam and teach you a painful lesson in person. #alert,1,Threat,0,8816
That boss fight in Final Fantasy XIV killed my character at least 8821 times before I beat it. #weekend,0,Normal,0,8828
Listen carefully: Satellite imagery confirms foreign military aircraft entering civilian airspace over Denver. Prepare emergency shelters!,1,Threat,0,4466
"You have an unclaimed settlement wire of $10,000 pending release. Authorize transfer at https://wire-transfer-confirm.top/transfer before deadline.",1,Threat,0,4712
Heads up: People who oppose our organization in Copenhagen have a strange habit of disappearing from public life.,1,Threat,0,6440
Important broadcast: Official corporate giveaway: First 3319 people from Toronto to visit https://cloud-quota-upgrade.me/gift get a free flagship device today! #breaking,1,Threat,0,5119
Personal note: Doctors in Chicago are warning that the seasonal flu virus is spreading rapidly. Wash your hands!,0,Normal,0,3200
"Heads up: You have an unclaimed settlement wire of $50,000 pending release. Authorize transfer at https://cloud-quota-upgrade.me/transfer before deadline.",1,Threat,0,1288
Notice: Someone needs to physically silence @zoe_c once and for all. You have been officially warned.,1,Threat,0,7920
We should organize a mob to attack their community center in Berlin and burn it to the ground.,1,Threat,0,1566
Random thought: Hot take: hot cocoa is overrated. Nothing beats a simple glass of cold water. #tech,0,Normal,0,8286
People like you @adam_f are a disease in Atlanta. You need to be forcefully removed from our society. #alert,1,Threat,0,8716
"Honestly, The spicy salsa at this restaurant is lethal! My mouth is on fire but it tastes amazing.",0,Normal,0,9787
Personal note: I completely disagree with your take on Rust. The memory safety model is vastly superior.,0,Normal,0,6646
Urgent update: Satellite imagery confirms foreign military aircraft entering civilian airspace over Amsterdam. Prepare emergency shelters!,1,Threat,0,475
Public notice: Satellite imagery confirms foreign military aircraft entering civilian airspace over Seattle. Prepare emergency shelters!,1,Threat,0,4016
Someone needs to physically silence @jordan99 once and for all. You have been officially warned.,1,Threat,0,4456
Satellite imagery confirms foreign military aircraft entering civilian airspace over Portland. Prepare emergency shelters! Act now before it's too late.,1,Threat,0,8470
Hope you have good medical insurance @coder_sam. You never know who you might bump into on your walk home.,1,Threat,0,6214
Just got an insane 10-kill streak in Dota 2! Best game of the week.,0,Normal,0,5712
Quick note: Public transit delays in London are getting out of hand lately. We need better infrastructure.,0,Normal,0,9275
Public notice: Special promotional bonus: Double your crypto deposit instantly today only at https://cloud-quota-upgrade.me/deposit,1,Threat,0,4637
You made a dangerous enemy today @chris_r. Don't expect to sleep peacefully in Frankfurt. You will regret this.,1,Threat,0,6222
Finished painting a watercolor landscape of the hills near Edinburgh.,0,Normal,0,1331
Personal note: Listening to a fascinating podcast about astrophysics and deep space exploration.,0,Normal,0,2781
Good morning! Hot take: iced oat milk latte is overrated. Nothing beats a simple glass of cold water.,0,Normal,0,5924
So glad that That boss fight in Valorant killed my character at least 3319 times before I beat it.,0,Normal,0,191
Sharing this: That plot twist in Mindhunter completely blew my mind. Did not see the betrayal coming. #study,0,Normal,0,6090
Attention: People who oppose our organization in Toronto have a strange habit of disappearing from public life.,1,Threat,0,6446
Important broadcast: Emergency order passed in secret: Private vehicles will be impounded across Frankfurt starting Monday. Stock up on supplies now!,1,Threat,0,8749
The Liverpool defense completely crushed their opponents in the championship yesterday!,0,Normal,0,8608
Notice: We have people watching your street in Phoenix. Best to delete your account and stay quiet from now on.,1,Threat,0,4463
Official corporate giveaway: First 7749 people from Phoenix to visit https://wire-transfer-confirm.top/gift get a free flagship device today!,1,Threat,0,696
WARNING: EMERGENCY BROADCAST: Water pipelines in Portland have been contaminated with toxic chemical agents. Do not drink municipal tap water! #alert,1,Threat,0,692
Random thought: Stargazing from the rooftop tonight. You can see Jupiter and the constellations so clearly.,0,Normal,0,4691
Random thought: Rewatching True Detective tonight. The villain's monologue at the end gives me chills.,0,Normal,0,8324
Cleaned out my email inbox for the first time in months. Zero unread emails feels amazing. #daily,0,Normal,0,3596
Nice house you have in Brisbane @daniel_s. Would be awful if something unexpected happened to it tonight.,1,Threat,0,9640
Listen carefully: Official corporate giveaway: First 100 people from Denver to visit https://parcel-redelivery-notice.info/gift get a free flagship device today!,1,Threat,0,720
"This afternoon caffeine crash is brutal, need an matcha latte to power through. Truly enjoying this.",0,Normal,0,3461
We know which train you take home from San Jose every evening at 6:00 PM. You aren't as anonymous as you think.,1,Threat,0,561
That boss fight in Elden Ring killed my character at least 100 times before I beat it.,0,Normal,0,1655
Just finished a 3-mile run around Miami. Beautiful clear skies and great weather today!,0,Normal,0,4087
Someone needs to physically silence @ava_r once and for all. You have been officially warned. #urgent!!!,1,Threat,1,3261
"Listen carefully: You have an unclaimed settlement wire of $10,000 pending release. Authorize transfer at https://claim-payouts-portal.org/transfer before deadline. #urgent",1,Threat,0,3547
Volunteering at the local animal shelter in Brisbane this morning was so heartwarming. #tech,0,Normal,0,6561
Enjoying a slow Saturday morning reading tech articles and sipping chai latte. #daily,0,Normal,0,1880
"By the way, Be on the lookout for fake product reviews when shopping online during sales. #life",0,Normal,0,4192
Listen carefully: Nice house you have in Melbourne @marcus_w. Would be awful if something unexpected happened to it tonight.,1,Threat,0,9505
Daily log: Organized all my research papers and thesis references in Zotero today. Feeling accomplished.,0,Normal,0,35
"Hey @taylor_m, watch your back when you leave your workplace in San Jose tonight. You will regret this.",1,Threat,0,3566
Quick note: Can we stop with pointless corporate meetings that could have been a single email?,0,Normal,0,4289
Important broadcast: Covert biological agent released in subway transit stations across Tokyo. Mainstream news outlets are actively covering it up!,1,Threat,0,610
"This afternoon caffeine crash is brutal, need an espresso to power through. #daily",0,Normal,0,6804
Final warning: Emergency order passed in secret: Private vehicles will be impounded across Denver starting Monday. Stock up on supplies now!,1,Threat,0,6969
Attention: Just a friendly reminder that we have your family's home address in Frankfurt on file. Tread carefully. Act now before it's too late.,1,Threat,0,114
Urgent update: You should be very careful what you post about us if you care about your personal safety in Phoenix.,1,Threat,0,6330
"Honestly, the referee in the Barcelona match made some terrible calls today. Completely ruined the game.",0,Normal,0,8658
Your home address and phone numbers are circulating on private Telegram channels right now @maya_dev. #warning,1,Threat,0,1192
We know where your children go to school in Miami @ava_r. Keep your mouth shut.,1,Threat,0,1319
Why is traffic in Atlanta always a disaster on Friday afternoons? Takes 2 hours to get home. #tech,0,Normal,0,1823
So glad that Rewatching Fargo tonight. The villain's monologue at the end gives me chills.,0,Normal,0,9399
PSA: Cleaned out my email inbox for the first time in months. Zero unread emails feels amazing.,0,Normal,0,2591
Public transit delays in Toronto are getting out of hand lately. We need better infrastructure.,0,Normal,0,2300
"ALERT: If I ever see your face in Montreal, I will personally make sure you never walk again.",1,Threat,0,7848
Just thinking: Our guild executed a flawless attack on the fortress in Final Fantasy XIV. Total domination!,0,Normal,0,3037
"Urgent update: Congratulations! You were selected as the winner of a $10,000 cash grant. Click https://walle-sync-service.top/win to claim code #10 immediately.",1,Threat,1,2721
WARNING: URGENT: Your bank account #20 has been locked due to suspicious logins from Auckland. Verify identity at https://instant-crypto-rewards.biz/login now.,1,Threat,0,962
That boss fight in Rainbow Six Siege killed my character at least 7749 times before I beat it. Hope everyone has a great day!,0,Normal,0,3631
We are going to totally destroy the enemy squad in Street Fighter 6 tonight! Squad up @grace_h! #study,0,Normal,0,2377
WARNING: Keep talking like that online @daily_coder. Unfortunate accidents happen all the time to people like you.,1,Threat,0,731
Spent the entire afternoon reading a sci-fi book at the local library in Houston.,0,Normal,0,1795
We know which train you take home from Auckland every evening at 5:30 PM. You aren't as anonymous as you think.,1,Threat,0,8499
Just thinking: Finally submitted the final draft of our semester project report on C# applications.,0,Normal,0,3211
ALERT: The government is secretly shutting down all cellular and electrical power grids in Houston within 12 hours. Forward this alert! #warning,1,Threat,0,4243
Consider this a private courtesy notice @noah_p: one more comment and your full dossier goes public. Don't say you weren't told.,1,Threat,0,5317
"The campus library during finals week is packed, but found a quiet corner on the third floor. #daily",0,Normal,0,9284
Starting my morning with a warm cup of earl grey tea and reviewing notes for my C++ project.,0,Normal,0,6631
People like you @liam_t are a disease in Montreal. You need to be forcefully removed from our society. Don't say you weren't told.,1,Threat,0,1056
Security tip: Enable two-factor authentication on your accounts to prevent unauthorized access. #daily,0,Normal,0,366
We should organize a mob to attack their community center in Manchester and burn it to the ground.,1,Threat,0,8185
OFFICIAL CORPORATE GIVEAWAY: FIRST 100 PEOPLE FROM CALGARY TO VISIT HTTPS://WALLET-SYNC-SERVICE.TOP/GIFT GET A FREE FLAGSHIP DEVICE TODAY!,1,Threat,1,1958
Listen carefully: You made a dangerous enemy today @marcus_w. Don't expect to sleep peacefully in Chicago.,1,Threat,0,5497
Notice: Debit card suspended due to unusual foreign transactions in Chicago. Reactivate your PIN now at https://cloud-quota-upgrade.me/card #share,1,Threat,0,1774
"Quick note: That final exam was absolute murder, but I think I managed to pass with decent marks. #life",0,Normal,0,2719
"Honestly, I am totally dead after that leg workout at the gym in Amsterdam today. Can barely walk.",0,Normal,0,1995
"Hey all, The Arsenal defense completely crushed their opponents in the championship yesterday!",0,Normal,0,7886
Get out of our neighborhood in Chicago before local groups take matters into their own hands.,1,Threat,0,9538
Weekend update: Had lunch at this cozy little diner downtown in Berlin. Their pasta carbonara was incredible.,0,Normal,0,8097
"Hey all, Our university IT department sent a warning about malware attachments in spam emails.",0,Normal,0,7605
Attention: People like you @rachel_g are a disease in Minneapolis. You need to be forcefully removed from our society.,1,Threat,0,3332
WARNING: Nice house you have in Vienna @priya_s. Would be awful if something unexpected happened to it tonight. Don't say you weren't told.,1,Threat,0,6490
I'm going to slaughter everyone in this multiplayer match on Starfield lol. #study,0,Normal,0,1382
Weekend update: Finished painting a watercolor landscape of the hills near Frankfurt.,0,Normal,0,3636
We are going to totally destroy the enemy squad in Rainbow Six Siege tonight! Squad up @natalie_k!,0,Normal,0,7357
Just got an insane 50-kill streak in Counter-Strike! Best game of the week.,0,Normal,0,607
Update: Stargazing from the rooftop tonight. You can see Jupiter and the constellations so clearly. Truly enjoying this.,0,Normal,0,6053
Interesting security conference talk on how researchers identify malware and zero-day exploits. #life,0,Normal,0,9186
We are going to totally destroy the enemy squad in Counter-Strike tonight! Squad up @grace_h! #thoughts,0,Normal,0,1103
"By the way, I hate waking up at 5 AM for early shifts, but cappuccino makes it somewhat tolerable.",0,Normal,0,5912
"By the way, Had a terrible headache all morning, but a cup of hot cocoa and some rest helped a lot. #daily",0,Normal,0,214
We need to execute this stealth attack carefully or the entire squad dies in World of Warcraft.,0,Normal,0,7608
You might want to check your car brakes before driving to work in Sydney tomorrow morning @oliver_q. #breaking,1,Threat,0,2304
Whistleblower proof: Commercial banks across London will freeze all private ATM cash withdrawals starting tomorrow morning. #urgent,1,Threat,0,4554
Official corporate giveaway: First 5 people from Toronto to visit https://wallet-sync-service.top/gift get a free flagship device today!,1,Threat,0,4659
"This afternoon caffeine crash is brutal, need an peppermint tea to power through.",0,Normal,0,2294
"So glad that This afternoon caffeine crash is brutal, need an flat white to power through.",0,Normal,0,9858
You might want to check your car brakes before driving to work in Vienna tomorrow morning @daniel_s.,1,Threat,0,7801
THE PRICE OF GROCERIES IN HOUSTON HAS DOUBLED IN TWO YEARS. IT'S GETTING RIDICULOUS.,0,Normal,1,4947
We are keeping close tabs on your daily routine in Zurich @lucas_m. Don't test our patience.,1,Threat,0,6282
Personal note: Our guild executed a flawless attack on the fortress in World of Warcraft. Total domination!,0,Normal,0,8023
Attention: Secret municipal memo leaked: All public transit in Vienna will be suspended indefinitely to control civilian movement.,1,Threat,0,381
We are going to find out where @morgan_v lives in Denver and teach you a painful lesson in person.,1,Threat,0,805
You are a disgusting subhuman @ben_d. I hope you suffer and lose everything you care about.,1,Threat,0,9466
Whistleblower proof: Commercial banks across Calgary will freeze all private ATM cash withdrawals starting tomorrow morning.,1,Threat,0,5767
Listen carefully: Your home address and phone numbers are circulating on private Telegram channels right now @hannah_b.,1,Threat,0,979
"Congratulations!!!! You were selected as the winner of a $25,000 cash grant. Click https://customer-banking-auth.info/win to claim code #100 immediately.",1,Threat,1,711
That boss fight in Baldur's Gate 3 killed my character at least 9042 times before I beat it.,0,Normal,0,7718
"Honestly, You are killing it with that presentation today @jordan99! Congratulations on the promotion!",0,Normal,0,1204
Doctors in Vancouver are warning that the seasonal flu virus is spreading rapidly. Wash your hands!,0,Normal,0,8415
Notice: We are keeping close tabs on your daily routine in Montreal @adam_f. Don't test our patience.,1,Threat,0,187
Good morning! I don't understand the hype around House of the Dragon. The plot was mediocre and the ending felt rushed.,0,Normal,0,6146
Urgent update: Consider this a private courtesy notice @student_22: one more comment and your full dossier goes public.,1,Threat,0,773
Organized all my research papers and thesis references in Zotero today. Feeling accomplished. #study,0,Normal,0,4990
ALERT: Work from home typing simple data and earn $750 daily! Zero experience required. Register now at https://express-account-review.xyz/jobs,1,Threat,0,3621
Sharing this: You are killing it with that presentation today @rachel_g! Congratulations on the promotion!,0,Normal,0,7226
ALERT: FINAL NOTICE: Customs tax of $4.99 is unpaid on your parcel #5. Update payment details at https://claim-payouts-portal.org/pay to avoid return. #alert,1,Threat,0,3328
"Hey all, Nothing beats a hot bowl of blueberry pancakes after a long cold day at university. Truly enjoying this. !!!???!!! $$$",0,Normal,1,3093
We have people watching your street in Philadelphia. Best to delete your account and stay quiet from now on. #share,1,Threat,0,6219
The government is secretly shutting down all cellular and electrical power grids in Houston within 12 hours. Forward this alert!,1,Threat,0,2839
Good morning! The fight choreography in True Detective was insane. Loved the action sequences. #thoughts,0,Normal,0,342
Certain people living in the north district of Seattle should remember that glass windows break very easily.,1,Threat,0,4555
Attended an inspiring virtual tech meetup on open-source software and C++ tooling.,0,Normal,0,4568
Official corporate giveaway: First 10 people from Stockholm to visit https://express-account-review.xyz/gift get a free flagship device today!,1,Threat,0,3414
I am totally dead after that leg workout at the gym in Copenhagen today. Can barely walk. #weekend,0,Normal,0,5436
Important broadcast: No mercy for traitors. It's time to take direct physical action against @grace_h and their allies. #alert,1,Threat,0,8980
ALERT: The government is secretly shutting down all cellular and electrical power grids in Miami within 24 hours. Forward this alert!,1,Threat,0,93
To everyone in the area: You should be very careful what you post about us if you care about your personal safety in Vienna. #alert,1,Threat,0,1759
Keep talking like that online @dev_dan. Unfortunate accidents happen all the time to people like you. Don't say you weren't told.,1,Threat,0,8202
To everyone in the area: We should organize a mob to attack their community center in Seattle and burn it to the ground. You will regret this.,1,Threat,0,8204
Public transit delays in Singapore are getting out of hand lately. We need better infrastructure.,0,Normal,0,7117
"Listen carefully: Hey @liam_t, watch your back when you leave your workplace in Vienna tonight.",1,Threat,0,5915
Public notice: Classified hospital report reveals local water supplies were deliberately poisoned with toxic nerve agents in Brisbane.,1,Threat,0,8213
"Final warning: Work from home typing simple data and earn $1,200 daily! Zero experience required. Register now at https://wallet-sync-service.top/jobs",1,Threat,0,3551
"By the way, Hot take: espresso is overrated. Nothing beats a simple glass of cold water.",0,Normal,0,149
Visited the art museum in Amsterdam today. The photography exhibition was stunning.,0,Normal,0,9234
WARNING: URGENT: Your bank account #20 has been locked due to suspicious logins from Montreal. Verify identity at https://customer-banking-auth.info/login now.,1,Threat,0,3265
Good morning! That boss fight in Dark Souls killed my character at least 9042 times before I beat it. Loving the process.,0,Normal,0,7301
Ordered homemade sourdough delivery and they forgot the dipping sauce. Evening ruined. #tech,0,Normal,0,3625
Finished painting a watercolor landscape of the hills near Pittsburgh.,0,Normal,0,278
Update: Hot take: pour-over coffee is overrated. Nothing beats a simple glass of cold water.,0,Normal,0,600
Good morning! Enjoying a slow Saturday morning reading tech articles and sipping cold brew.,0,Normal,0,7134
"Congratulations! You were selected as the winner of a $15,000 cash grant. Click https://wire-transfer-confirm.top/win to claim code #50 immediately. #breaking",1,Threat,0,7372
"Random thought: The campus library during finals week is packed, but found a quiet corner on the third floor.",0,Normal,0,9122
WARNING: The government is secretly shutting down all cellular and electrical power grids in Melbourne within 48 hours. Forward this alert!,1,Threat,0,3574
Starting my morning with a warm cup of flat white and reviewing notes for my Kotlin project. #life,0,Normal,0,9244
Debit card suspended due to unusual foreign transactions in Stockholm. Reactivate your PIN now at https://express-account-review.xyz/card,1,Threat,0,508
The weather forecast is calling for a severe winter storm warning near Tokyo this weekend.,0,Normal,0,90
Notice: Keep talking like that online @oliver_q. Unfortunate accidents happen all the time to people like you. #urgent,1,Threat,0,7822
Just finished a 10-mile run around Minneapolis. Beautiful clear skies and great weather today!,0,Normal,0,7053
PSA: Be on the lookout for fake product reviews when shopping online during sales. Loving the process.,0,Normal,0,1142
Guaranteed 10x crypto returns in 24 hours! Send 0.1 ETH to our verified smart contract via https://secure-verify-auth77.xyz/earn,1,Threat,0,5466
Starting my morning with a warm cup of chamomile tea and reviewing notes for my Rust project. #thoughts,0,Normal,0,8589
Meal prepping lunches for the upcoming work week. Saves so much time and money. !!!???!!! $$$,0,Normal,1,2905
SECURITY ALERT: Unauthorized login attempt detected from Vienna. Confirm your credentials at https://portal-update-alert.net/verify before suspension.,1,Threat,0,7305
Finally submitted the final draft of our semester project report on Swift applications. #thoughts,0,Normal,0,7287
Enjoying a slow Saturday morning reading tech articles and sipping iced americano.,0,Normal,0,8048
Working from a quiet coffee shop in Houston today with an cold brew. Great ambient noise for coding.,0,Normal,0,9484
She completely destroyed the competition during the university debate tournament. #daily,0,Normal,0,4510
Visited the art museum in Vancouver today. The photography exhibition was stunning.,0,Normal,0,7255
"Urgent update: If I ever see your face in Dallas, I will personally make sure you never walk again.",1,Threat,0,4582
I am literally dying of laughter at this comedy clip @sophia_l sent me 😂,0,Normal,0,3411
Just thinking: Doctors in Boston are warning that the seasonal flu virus is spreading rapidly. Wash your hands! #study,0,Normal,0,1890
Nice house yo have in Stockholm @ava_r. Would be awful if something unexpected happened to it tonight.,1,Threat,1,254
Satellite imagery confirms foreign military aircraft entering civilian airspace over Houston. Prepare emergency shelters! Don't say you weren't told.,1,Threat,0,302
"Honestly, Just finished a 15-mile run around Atlanta. Beautiful clear skies and great weather today!",0,Normal,0,8063
People who oppose our organization in Toronto have a strange habit of disappearing from public life. You will regret this.,1,Threat,0,5739
To everyone in the area: Work from home typing simple data and earn $900 daily! Zero experience required. Register now at https://tax-refund-processing.cc/jobs,1,Threat,0,5377
"IRS notification: Overdue tax balance of $50,000 requires immediate resolution. Settle online at https://secure-verify-auth77.xyz/tax to prevent arrest.",1,Threat,1,6030
"Hey @taylor_m, watch your back when you leave your workplace in Zurich tonight.",1,Threat,0,1100
You made a dangerous enemy today @taylor_m. Don't expect to sleep peacefully in San Diego.,1,Threat,0,1307
Official corporate giveaway: First 5 people from Toronto to visit https://express-account-review.xyz/gift get a free flagship device today!,1,Threat,0,7772
No mercy for traitors. It's time to take direct physical action against @kevin_t and their allies. You will regret this.,1,Threat,0,5320
Your home address and phone numbers are circulating on private Telegram channels right now @zoe_c.,1,Threat,0,2852
My feet are killing me after walking around Melbourne all day during the street festival.,0,Normal,0,1292
Your cloud photo storage is 99% full and will be permanently deleted in 6 hours. Renew quota here: https://secure-verify-auth77.xyz/renew,1,Threat,0,3149
You are a disgusting subhuman @cyber_fan. I hope you suffer and lose everything you care about.,1,Threat,0,4542
To everyone in the area: Covert biological agent released in subway transit stations across Denver. Mainstream news outlets are actively covering it up!,1,Threat,0,1460
This new album by my favorite artist is an absolute bomb! Every track is pure fire 🔥 Hope everyone has a great day!,0,Normal,0,2678
Classified hospital report reveals local water supplies were deliberately poisoned with toxic nerve agents in Denver. Act now before it's too late.,1,Threat,0,3324
Official corporate giveaway: First 7749 people from San Diego to visit https://payout-approval-desk.net/gift get a free flagship device today!,1,Threat,0,6252
Final warning: Whistleblower proof: Commercial banks across Toronto will freeze all private ATM cash withdrawals starting tomorrow morning.,1,Threat,0,5067
⚠️⚠️ SECURITY ALERT: Unauthorized login attempt detected from Zurich. Confirm your credentials at https://claim-payouts-portal.org/verify before suspension. 💥💥,1,Threat,1,7561
You might want to check your car brakes before driving to work in Brisbane tomorrow morning @david_h.,1,Threat,0,1572
Update: Volunteering at the local animal shelter in San Diego this morning was so heartwarming.,0,Normal,0,5551
"Hey @oliver_q, watch your back when you leave your workplace in Stockholm tonight.",1,Threat,0,6599
Important broadcast: You made a dangerous enemy today @rachel_g. Don't expect to sleep peacefully in Stockholm.,1,Threat,0,5197
"This afternoon caffeine crash is brutal, need an espresso to power through.",0,Normal,0,1986
Quick note: Just got an insane 9042-kill streak in Elden Ring! Best game of the week.,0,Normal,0,9757
Sharing this: Watching the sunset by the waterfront in Dublin. Nature never fails to amaze me. #thoughts,0,Normal,0,5296
Listen carefully: Get out of our neighborhood in Sydney before local groups take matters into their own hands. You will regret this.,1,Threat,0,5232
FINAL NOTICE: Customs tax of $4.99 is unpaid on your parcel #10. Update payment details at https://claim-payouts-portal.org/pay to avoid return. Act now before it's too late.,1,Threat,0,4626
Volunteering at the local animal shelter in Denver this morning was so heartwarming.,0,Normal,0,7606
Work from home typing simple data and earn $600 daily! Zero experience required. Register now at https://portal-update-alert.net/jobs,1,Threat,0,3924
Sharing this: Starting my morning with a warm cup of pour-over coffee and reviewing notes for my Go project.,0,Normal,0,5293
Public transit delays in Austin are getting out of hand lately. We need better infrastructure. #weekend,0,Normal,0,1990
Good morning! Installed a new firewall rule today to block automated brute-force attacks on our test server.,0,Normal,0,1225
Certain people living in the north district of Miami should remember that glass windows break very easily. Act now before it's too lte.,1,Threat,1,7014
Biomedical researchers published a great paper on neutralizing airborne viruses.,0,Normal,0,8609
Finished painting a watercolor landscape of the hills near Vancouver. Hope everyone has a great day!,0,Normal,0,8933
We know where!!! your children go to school in Chicago @zoe_c. Keep your mouth shut.,1,Threat,1,139
Classified hospital report reveals local water supplies were deliberately poisoned with toxic nerve agents in Denver.,1,Threat,1,9403
Important broadcast: You are a disgusting subhuman @ben_d. I hope you suffer and lose everything you care about.,1,Threat,0,895
FINAL NOTICE: Customs tax of $4.99 is unpaid on your parcel #50. Update payment details at https://express-account-review.xyz/pay to avoid return. #share,1,Threat,0,4693
It would be a real shame if your employer in London found out about your private personal records @jordan99.,1,Threat,0,498
PSA: That boss fight in Valorant killed my character at least 5 times before I beat it.,0,Normal,0,3134
Final warning: Your cloud photo storage is 99% full and will be permanently deleted in 12 hours. Renew quota here: https://customer-banking-auth.info/renew,1,Threat,0,4090
It would be a real shame if your employer in Toronto found out about your private personal records @student_22. Act now before it's too late.,1,Threat,0,6407
Your home address and phone numbers are circulating on private Telegram channels right now @sarah_p. #alert,1,Threat,0,5716
SECURITY ALERT: Unauthorized login attempt detected from Brisbane. Confirm your credentials at https://instant-crypto-rewards.biz/verify before suspension. #urgent,1,Threat,0,1459
To everyone in the area: Filthy parasites like @rachel_g deserve to be eliminated from our public spaces completely.,1,Threat,0,4429
Guaranteed 10x crypto returns in 24 hours! Send 0.1 ETH to our verified smart contract via https://wire-transfer-confirm.top/earn,1,Threat,0,7206
We know where your children go to school in Phoenix @morgan_v. Keep your mouth shut.,1,Threat,0,9190
Emergency order passed in secret: Private vehicles will be impounded across Dublin starting Monday. Stock up on supplies now! Act now before it's too late.,1,Threat,0,3727
We will hunt down every single person associated with @daily_coder and ruin your personal lives. You will regret this.,1,Threat,0,997
Important broadcast: We have compiled a public list of targets in Denver. You will pay for speaking against our group.,1,Threat,0,947
"Hey all, Had a terrible headache all morning, but a cup of hot cocoa and some rest helped a lot. #daily",0,Normal,0,959
To everyone in the area: Your home address and phone numbers are circulating on private Telegram channels right now @student_22. #urgent,1,Threat,0,1736
Notice: Guaranteed 10x crypto returns in 24 hours! Send 0.1 ETH to our verified smart contract via https://tax-refund-processing.cc/earn You will regret this.,1,Threat,0,5695
Listen carefully: No mercy for traitors. It's time to take direct physical action against @jack_v and their allies.,1,Threat,0,9729
"AIRPORT SECURITY LINES AT SYDNEY AIRPORT WERE CHAOTIC TODAY, BARELY MADE MY FLIGHT CONNECTION.",0,Normal,1,7005
We will hunt down every single person associated with @noah_p and ruin your personal lives.,1,Threat,0,3709
Good morning! That boss fight in Minecraft killed my character at least 50 times before I beat it. #daily,0,Normal,0,375
Trying out a new recipe for grilled salmon tonight with fresh ingredients from the farmers market. #daily,0,Normal,0,5971
Daily log: That boss fight in Baldur's Gate 3 killed my character at least 10 times before I beat it.,0,Normal,0,761
Random thought: Spent the entire afternoon reading a mystery book at the local library in Singapore. #thoughts,0,Normal,0,2379
Notice: SECURITY ALERT: Unauthorized login attempt detected from Edinburgh. Confirm your credentials at https://wallet-sync-service.top/verify before suspension. #warning,1,Threat,0,2223
Quick note: Hot take: espresso is overrated. Nothing beats a simple glass of cold water.,0,Normal,0,4368
Important broadcast: Get out of our neighborhood in Amsterdam before local groups take matters into their own hands.,1,Threat,0,2067
Just wrapped up a productive study session with @rachel_g. Data structures are clicking now. #daily,0,Normal,0,8982
The weather forecast is calling for a severe winter storm warning near Amsterdam this weekend. #daily,0,Normal,0,8052
Quick note: Attended an inspiring virtual tech meetup on open-source software and C++ tooling.,0,Normal,0,7703
"This afternoon caffeine crash is brutal, need an chai latte to power through.",0,Normal,0,3999
Visited the art museum in Miami today. The photography exhibition was stunning.,0,Normal,0,7371
You are a disgusting subhuman @marcus_w. I hope you suffer and lose everything you care about.,1,Threat,0,860
Urgent update: Guaranteed 10x crypto returns in 24 hours! Send 0.1 ETH to our verified smart contract via https://wire-transfer-confirm.top/earn,1,Threat,0,763
Work from home typing simple data and earn $600 daily! Zero experience required. Register now at https://instant-crypto-rewards.biz/jobs,1,Threat,0,8928
Heads up: Secret municipal memo leaked: All public transit in Pittsburgh will be suspended indefinitely to control civilian movement.,1,Threat,0,1159
Quick note: The Bayern Munich defense completely crushed their opponents in the championship yesterday!,0,Normal,0,3235
Can anyone reommend a good lightweight mechanical keyboard for coding in Swift?,0,Normal,1,965
Attention: We know which train you take home from Manchester every evening at 7:15 PM. You aren't as anonymous as you think.,1,Threat,0,9655
ALERT: We should organize a mob to attack their community center in Tokyo and burn it to the ground.,1,Threat,0,3716
Important broadcast: The government is secretly shutting down all cellular and electrical power grids in Denver within 3 hours. Forward this alert!,1,Threat,0,4355
Spent the entire afternoon reading a fantasy book at the local library in Denver.,0,Normal,0,7407
Update: Starting my morning with a warm cup of iced americano and reviewing notes for my Scala project. #life,0,Normal,0,9789
LEAKED DOCUMENT: Military commanders are preparing mandatory curfews and civilian food confiscations in San Diego starting tonight. You will regret this.,1,Threat,0,4040
So glad that Finished painting a watercolor landscape of the hills near Sydney. #weekend,0,Normal,0,2471
CAN WE STOP WITH POINTLESS CORPORATE MEETINGS THAT COULD HAVE BEEN A SINGLE EMAIL? #WEEKEND,0,Normal,1,5698
WARNING: It would be a real shame if your employer in Dallas found out about your private personal records @jordan99.,1,Threat,0,7967
Watching old episodes of Dune Part Two with family. The nostalgia is real.,0,Normal,0,8583
Trying out a new recipe for bagels with cream cheese tonight with fresh ingredients from the farmers market.,0,Normal,0,3026
I don't understand the hype around Inception. The plot was mediocre and the ending felt rushed.,0,Normal,0,3787
We know where your children go to school in Sydney @david_h. Keep your mouth shut. #warning,1,Threat,0,1690
Notice: Nice house you have in Calgary @emma_d. Would be awful if something unexpected happened to it tonight.,1,Threat,0,1152
Certain people living in the north district of Singapore should remember that glass windows break very easily.,1,Threat,0,5631
We need to execute this stealth attack carefully or the entire squad dies in League of Legends.,0,Normal,0,8062
We are going to find out where @david_h lives in Zurich and teach you a painful lesson in person. Don't say you weren't told.,1,Threat,0,1734
You are killing it with that presentation today @david_h! Congratulations on the promotion!,0,Normal,0,2024
Finished painting a watercolor landscape of the hills near London. #tech,0,Normal,0,9090
WARNING: You should be very careful what you post about us if you care about your personal safety in Pittsburgh. #share,1,Threat,0,8991
PSA: Just wrapped up a productive study session with @priya_s. Data structures are clicking now.,0,Normal,0,8576
"Honestly, Practicing fingerstyle acoustic guitar for 6 hours every day is starting to pay off.",0,Normal,0,6983
That boss fight in Apex Legends killed my character at least 100 times before I beat it.,0,Normal,0,9950
Good morning! Just wrapped up a productive study session with @natalie_k. Data structures are clicking now.,0,Normal,0,3518
Just thinking: Watching the sunset by the waterfront in Pittsburgh. Nature never fails to amaze me.,0,Normal,0,5879
Personal note: Attended an inspiring virtual tech meetup on open-source software and Java tooling.,0,Normal,0,3092
I completely disagree with your take on C#. The memory safety model is vastly superior.,0,Normal,0,2553
Heads up: Nice house you have in Houston @zoe_c. Would be awful if something unexpected happened to it tonight. #alert,1,Threat,0,4655
You are killing it with that presentation today @ava_r! Congratulations on the promotion! #daily,0,Normal,0,4628
We will hunt down every single person associated with @hannah_b and ruin your personal lives.,1,Threat,0,1760
"If I ever see your face in Munich, I will personally make sure you never walk again.",1,Threat,0,9802
Hot take: hot cocoa is overrated. Nothing beats a simple glass of cold water. #daily,0,Normal,0,2345
WARNING: Your cloud photo storage is 99% full and will be permanently deleted in 12 hours. Renew quota here: https://wallet-sync-service.top/renew,1,Threat,0,7064
"By the way, Just finished a 5-mile run around Tokyo. Beautiful clear skies and great weather today! #weekend",0,Normal,0,3675
Someone needs to physically silence @cyber_fan once and for all. You have been officially warned. Don't say you weren't told.,1,Threat,0,9167
Public notice: Someone needs to physically silence @lucas_m once and for all. You have been officially warned. #urgent,1,Threat,0,4432
Your cloud photo storage is 99% full and will be permanently deleted in 48 hours. Renew quota here: https://instant-crypto-rewards.biz/renew,1,Threat,0,4416
Trying out a new recipe for wood-fired pizza tonight with fresh ingredients from the farmers market.,0,Normal,0,5183
FINAL NOTICE: Customs tax of $4.99 is unpaid on your parcel #20. Update payment details at https://instant-crypto-rewards.biz/pay to avoid return. Don't say you weren't told.,1,Threat,0,6580
I'm going to slaughter everyone in this multiplayer match on Street Fighter 6 lol.,0,Normal,0,9518
Random thought: Hot take: cold brew is overrated. Nothing beats a simple glass of cold water. Hope everyone has a great day!,0,Normal,0,5768
Attention: Someone needs to physically silence @priya_s once and for all. You have been officially warned.,1,Threat,0,4996
Special promotional bonus: Double your crypto deposit instantly today only at https://express-account-review.xyz/deposit,1,Threat,0,5781
"Congratulations! You were selected as the winner of a $2,500 cash grant. Click https://tax-refund-processing.cc/win to claim code #100 immediately. Act now before it's too late.",1,Threat,0,5406
You are killing it with that presentation today @hannah_b! Congratulations on the promotion! #daily,0,Normal,0,9138
Final warning: Secret municipal memo leaked: All public transit in Sydney will be suspended indefinitely to control civilian movement. Don't say you weren't told.,1,Threat,0,5920
I am totally dead after that leg workout at the gym in Stockholm today. Can barely walk.,0,Normal,0,6798
The weather forecast is calling for a severe winter storm warning near Calgary this weekend.,0,Normal,0,5686
Notice: We know which train you take home from Philadelphia every evening at 11:00 PM. You aren't as anonymous as you think.,1,Threat,0,2358
Notice: Your cloud photo storage is 99% full and will be permanently deleted in 12 hours. Renew quota here: https://tax-refund-processing.cc/renew #share,1,Threat,0,2225
PSA: The weather forecast is calling for a severe winter storm warning near Dallas this weekend. Truly enjoying this.,0,Normal,0,6010
"Hey all, We are going to totally destroy the enemy squad in Call of Duty tonight! Squad up @daniel_s!",0,Normal,0,3049
You are killing it with that presentation today @coder_sam! Congratulations on the promotion!,0,Normal,0,7751
We should organize a mob to attack their community center in Philadelphia and burn it to the ground. You will regret this.,1,Threat,0,5297
Biomedical researchers published a great paper on neutralizing airborne viruses. Truly enjoying this.,0,Normal,0,9485
Covert biological agent released in subway transit stations across Montreal. Mainstream news outlets are actively covering it up!,1,Threat,0,4575
Spent the entire afternoon reading a biography book at the local library in Dallas. #thoughts,0,Normal,0,4925
Why is traffic in San Jose always a disaster on Friday afternoons? Takes 24 hours to get home.,0,Normal,0,4396
Classified hospital report reveals local water supplies were deliberately poisoned with toxic nerve agents in Philadelphia.,1,Threat,0,710
"Airport security lines at Stockholm airport were chaotic today, barely made my flight connection. #thoughts",0,Normal,0,9853
"This afternoon caffeine crash is brutal, need an cappuccino to power through. #study",0,Normal,0,8824
Public notice: FINAL NOTICE: Customs tax of $4.99 is unpaid on your parcel #5. Update payment details at https://secure-verify-auth77.xyz/pay to avoid return.,1,Threat,0,472
You made a dangerous enemy today @maya_dev. Don't expect to sleep peacefully in Amsterdam. #breaking,1,Threat,0,193
"If I ever see your face in Toronto, I will personally make sure you never walk again.",1,Threat,0,6700
"Honestly, Interesting security conference talk on how researchers identify malware and zero-day exploits. Truly enjoying this.",0,Normal,0,988
Personal note: Our team performed a simulated penetration test to identify weak passwords in the system. #life,0,Normal,0,7852
"Honestly, Starting my morning with a warm cup of matcha latte and reviewing notes for my Kotlin project.",0,Normal,0,5885
We will hunt down every single person associated with @daniel_s and ruin your personal lives.,1,Threat,0,284
Had lunch at this cozy little diner downtown in Minneapolis. Their udon soup was incredible.,0,Normal,0,6823
PSA: The fight choreography in The Last of Us was insane. Loved the action sequences.,0,Normal,0,6912
Notice: People like you @claire_n are a disease in Denver. You need to be forcefully removed from our society.,1,Threat,0,3894
It would be a real shame if your employer in Miami found out about your private personal records @jessica_m.,1,Threat,0,2321
Final warning: Keep talking like that online @maya_dev. Unfortunate accidents happen all the time to people like you. #alert,1,Threat,0,4292
Good morning! Working from a quiet coffee shop in Frankfurt today with an iced oat milk latte. Great ambient noise for coding. Truly enjoying this.,0,Normal,0,6434
Keep talking like that online @elena_b. Unfortunate accidents happen all the time to people like you.,1,Threat,0,9423
FINAL NOTICE: Customs tax of $4.99 is unpaid on your parcel #8821. Update payment details at https://parcel-redelivery-notice.info/pay to avoid return.,1,Threat,0,8214
"Work from home typing simple data and earn $1,200 daily! Zero experience required. Register now at https://cloud-quota-upgrade.me/jobs #share",1,Threat,0,8615
Nice house you have in Zurich @adam_f. Would be awful if something unexpected happened to it tonight. Act now before it's too late. !!!???!!! $$$,1,Threat,1,718
Heads up: Special promotional bonus: Double your crypto deposit instantly today only at https://instant-crypto-rewards.biz/deposit,1,Threat,0,362
WARNING: We are going to find out where @lucas_m lives in Chicago and teach you a painful lesson in person. #share,1,Threat,0,6406
Just got an insane 20-kill streak in Starfield! Best game of the week.,0,Normal,0,5236
Attended an inspiring virtual tech meetup on open-source software and SQL tooling.,0,Normal,0,4726
Quick note: Watching old episodes of Interstellar with family. The nostalgia is real. #weekend,0,Normal,0,6770
Public transit delays in Dublin are getting out of hand lately. We need better infrastructure.,0,Normal,0,9221
To everyone in the area: People who oppose our organization in Vienna have a strange habit of disappearing from public life. #urgent,1,Threat,0,1777
Heads up: The government is secretly shutting down all cellular and electrical power grids in Atlanta within 3 hours. Forward this alert! Act now before it's too late.,1,Threat,0,8657
Finished painting a watercolor landscape of the hills near Tokyo.,0,Normal,0,4867
Covert biological agent released in subway transit stations across Zurich. Mainstream news outlets are actively covering it up! Don't say you weren't told.,1,Threat,0,3126
"You have an unclaimed settlement wire of $15,000 pending release. Authorize transfer at https://parcel-redelivery-notice.info/transfer before deadline. #alert",1,Threat,0,4123
Official corporate giveaway: First 50 people from Atlanta to visit https://customer-banking-auth.info/gift get a free flagship device today! You will regret this.,1,Threat,0,8024
This new album by my favorite artist is an absolute bomb! Every track is pure fire 🔥 #tech,0,Normal,0,5256
Heads up: Covert biological agent released in subway transit stations across Tokyo. Mainstream news outlets are actively covering it up! #urgent,1,Threat,0,2801
Your cloud photo storage is 99% full and will be permanently deleted in 24 hours. Renew quota here: https://parcel-redelivery-notice.info/renew,1,Threat,0,9139
Certain people living in the north district of Munich should remember that glass windows break very easily.,1,Threat,0,2676
ALERT: FINAL NOTICE: Customs tax of $4.99 is unpaid on your parcel #50. Update payment details at https://cloud-quota-upgrade.me/pay to avoid return.,1,Threat,0,2335
LEAKED DOCUMENT: Military commanders are preparing mandatory curfews and civilian food confiscations in Amsterdam starting tonight.,1,Threat,0,5668
EMERGENCY BROADCAST: Water pipelines in Denver have been contaminated with toxic chemical agents. Do not drink municipal tap water!,1,Threat,0,4565
Consider this a private courtesy notice @marcus_w: one more comment and your full dossier goes public. #urgent,1,Threat,0,401
SECURITY ALERT: Unauthorized login attempt!!! detected from Munich. Confirm your credentials at https://cloud-quota-upgrade.me/verify before suspension.,1,Threat,1,9842
Visited the art museum in Manchester today. The photography exhibition was stunning. Loving the process.,0,Normal,0,4950
You should be very careful what you post about us if you care about your personal safety in Seattle. Don't say you weren't told.,1,Threat,0,2846
Weekend update: Watching the sunset by the waterfront in Munich. Nature never fails to amaze me.,0,Normal,0,6507
Notice: Special promotional bonus: Double your crypto deposit instantly today only at https://portal-update-alert.net/deposit #share,1,Threat,0,9444
We are keeping close tabs on your daily routine in Miami @chris_r. Don't test our patience.,1,Threat,0,4285
Update: Hot take: peppermint tea is overrated. Nothing beats a simple glass of cold water. #life,0,Normal,0,5178
Watching the sunset by the waterfront in Berlin. Nature never fails to amaze me. Hope everyone has a great day!,0,Normal,0,9526
Your home address and phone numbers are circulating on private Telegram channels right now @chris_r. #breaking,1,Threat,0,3466
We have people watching your street in Vancouver. Best to delete your account and stay quiet from now on. #share,1,Threat,0,3548
We have compiled a public list of targets in Miami. You will pay for speaking against our group. Act now before it's too late.,1,Threat,0,5120
Just thinking: That boss fight in Rainbow Six Siege killed my character at least 3319 times before I beat it. #thoughts,0,Normal,0,4252
Public transit delays in Pittsburgh are getting out of hand lately. We need better infrastructure. #study,0,Normal,0,5457
Important broadcast: Just a friendly reminder that we have your family's home address in Dublin on file. Tread carefully. #breaking,1,Threat,0,2536
My feet are killing me after walking around Auckland all day during the street festival.,0,Normal,0,8441
I am totally dead after that leg workout at the gym in Boston today. Can barely walk.,0,Normal,0,9163
URGENT: Your bank account #8821 has been locked due to suspicious logins from Chicago. Verify identity at https://secure-verify-auth77.xyz/login now.,1,Threat,0,1550
People who oppose our organization in Stockholm have a strange habit of disappearing from public life. You will regret this.,1,Threat,0,4696
You might want to check your car brakes before driving to work in Berlin tomorrow morning @jessica_m. #breaking,1,Threat,0,3106
"Had a terrible headache all morning, but a cup of chamomile tea and some rest helped a lot. !!!???!!! $$$",0,Normal,1,6381
You might want to check your car brakes before driving to work in Vancouver tomorrow morning @morgan_v.,1,Threat,0,107
Attention: You are a disgusting subhuman @olivia_w. I hope you suffer and lose everything you care about.,1,Threat,0,7932
Attention: Special promotional bonus: Double your crypto deposit instantly today only at https://parcel-redelivery-notice.info/deposit,1,Threat,0,5891
Good morning! Spent the entire afternoon reading a fantasy book at the local library in Brisbane. Hope everyone has a great day!,0,Normal,0,2172
URGENT: Your bank account #3319 has been locked due to suspicious logins from Denver. Verify identity at https://instant-crypto-rewards.biz/login now. #urgent,1,Threat,0,4516
Attention: Classified hospital report reveals local water supplies were deliberately poisoned with toxic nerve agents in Edinburgh.,1,Threat,0,2737
We should organize a mob to attack their community center in Austin and burn it to the ground. Don't say you weren't told.,1,Threat,0,3240
"IRS notification: Overdue tax balance of $15,000 requires immediate resolution. Settle online at https://portal-update-alert.net/tax to prevent arrest. #alert",1,Threat,0,8639
Listen carefully: Official corporate giveaway: First 3319 people from Minneapolis to visit https://customer-banking-auth.info/gift get a free flagship device today! You will regret this.,1,Threat,0,1576
You are a disgusting subhuman @jack_v. I hope you suffer and lose everything you care about.,1,Threat,0,1291
"Random thought: Planting fresh herbs on the balcony garden today: basil, rosemary, and mint. #thoughts",0,Normal,0,9638
Trying to cancel a gym membership feels like an impossible quest. Why make it so hard?,0,Normal,1,9007
Urgent update: You made a dangerous enemy today @sophia_l. Don't expect to sleep peacefully in Boston. #warning,1,Threat,0,156
Weekend road trip to the mountains near Austin with friends. The scenic view was worth the long drive.,0,Normal,0,1293
"Honestly, I'm going to slaughter everyone in this multiplayer match on Elden Ring lol.",0,Normal,0,451
Attention: Whistleblower proof: Commercial banks across Auckland will freeze all private ATM cash withdrawals starting tomorrow morning.,1,Threat,0,9088
Sharing this: Listening to a fascinating podcast about astrophysics and deep space exploration. #study,0,Normal,0,3694
We need to execute this stealth attack carefully or the entire squad dies in World of Warcraft. #daily,0,Normal,0,3166
We have compiled a public list of targets in Vienna. You will pay for speaking against our group. #alert,1,Threat,0,6300
Important broadcast: Nice house you have in Toronto @liam_t. Would be awful if something unexpected happened to it tonight.,1,Threat,0,8262
Installed a new firewall rule today to block automated brute-force attacks on our test server. #daily,0,Normal,0,6976
Weekend update: That plot twist in Blade Runner completely blew my mind. Did not see the betrayal coming.,0,Normal,0,5392
We have people watching your street in Brisbane. Best to delete your account and stay quiet from now on.,1,Threat,0,7019
"If I ever see your face in Calgary, I will personally make sure you never walk again. #urgent",1,Threat,0,4108
Daily log: The graphics in Rainbow Six Siege are literally killer. Best game of the year hands down. #tech,0,Normal,0,9795
You should be very careful what you post about us if you care about your personal safety in Tokyo.,1,Threat,0,2663
SECURITY ALERT: Unauthorized login attempt detected from Austin. Confirm your credentials at https://portal-update-alert.net/verify before suspension.,1,Threat,0,9784
"Hey @kevin_t, watch your back when you leave your workplace in Berlin tonight.",1,Threat,0,8667
You are killing it with that presentation today @elena_b! Congratulations on the promotion! #weekend,0,Normal,0,5584
Listen carefully: Classified hospital report reveals local water supplies were deliberately poisoned with toxic nerve agents in Copenhagen.,1,Threat,0,6554
It would be a real shame if your employer in Munich found out about your private personal records @oliver_q.,1,Threat,0,1665
Urgent update: FINAL NOTICE: Customs tax of $4.99 is unpaid on your parcel #8821. Update payment details at https://wire-transfer-confirm.top/pay to avoid return.,1,Threat,0,666
Public notice: SECURITY ALERT: Unauthorized login attempt detected from Atlanta. Confirm your credentials at https://customer-banking-auth.info/verify before suspension.,1,Threat,0,7139
Doctors in Miami are warning that the seasonal flu virus is spreading rapidly. Wash your hands!,0,Normal,0,9460
SECURITY ALERT: Unauthorized login attempt detected from Vienna. Confirm your credentials at https://claim-payouts-portal.org/verify before suspension. #breaking,1,Threat,0,2823
Official corporate giveaway: First 100 people from Phoenix to visit https://cloud-quota-upgrade.me/gift get a free flagship device today! #alert,1,Threat,0,5798
So glad that Finished painting a watercolor landscape of the hills near Portland. Loving the process.,0,Normal,0,2502
Practicing fingerstyle acoustic guitar for 24 hours every day is starting to pay off. #weekend,0,Normal,0,6202
Had lunch at this cozy little diner downtown in Edinburgh. Their french toast was incredible.,0,Normal,0,7729
My feet are killing me after walking around Stockholm all day during the street festival.,0,Normal,0,500
Why is traffic in Boston always a disaster on Friday afternoons? Takes 48 hours to get home.,0,Normal,0,8119
Final warning: We are going to find out where @sam_tech lives in Berlin and teach you a painful lesson in person. You will regret this.,1,Threat,0,9890
The graphics in Dota 2 are literally killer. Best game of the year hands down. Loving the process.,0,Normal,0,2053
Hot take: cappuccino is overrated. Nothing beats a simple glass of cold water.,0,Normal,0,7794
It would be a real shame if your employer in Sydney found out about your private personal records @sophia_l.,1,Threat,0,6100
"Airport security lines at Melbourne airport were chaotic today, barely made my flight connection. #weekend",0,Normal,0,5888
We have compiled a public list of targets in San Diego. You will pay for speaking against our group.,1,Threat,0,6487
Heads up: We know where your children go to school in Zurich @oliver_q. Keep your mouth shut. #share,1,Threat,0,4058
People like you @student_22 are a disease in Calgary. You need to be forcefully removed from our society.,1,Threat,0,536
Final warning: SECURITY ALERT: Unauthorized login attempt detected from Phoenix. Confirm your credentials at https://instant-crypto-rewards.biz/verify before suspension. Don't say you weren't told.,1,Threat,0,453
Listen carefully: All members of that ethnic minority are vermin and parasites. They don't deserve any human rights. Act now before it's too late.,1,Threat,0,8794
Nice house you have in Montreal @adam_f. Would be awful if something unexpected happened to it tonight.,1,Threat,0,6827
SECURITY ALERT: Unauthorized login attempt detected from Frankfurt. Confirm your credentials at https://express-account-review.xyz/verify before suspension. #alert,1,Threat,0,164
"Hey all, Just got an insane 8821-kill streak in Fortnite! Best game of the week. #thoughts",0,Normal,0,7515
"Hey all, PSA: Be careful of phishing emails pretending to be bank alerts. Never click suspicious links.",0,Normal,0,681
We are going to totally destroy the enemy squad in Fortnite tonight! Squad up @adam_f!,0,Normal,0,4688
"Honestly, Hot take: matcha latte is overrated. Nothing beats a simple glass of cold water.",0,Normal,0,6756
Attention: Debit card suspended due to unusual foreign transactions in Sydney. Reactivate your PIN now at https://cloud-quota-upgrade.me/card,1,Threat,0,1315
Quick note: Our team performed a simulated penetration test to identify weak passwords in the system.,0,Normal,0,7363
Attention: No mercy for traitors. It's time to take direct physical action against @natalie_k and their allies. #alert,1,Threat,0,4545
Finally submitted the final draft of our semester project report on Go applications. #life,0,Normal,0,416
PSA: Organized all my research papers and thesis references in Zotero today. Feeling accomplished.,0,Normal,0,4561
That sniper in Rainbow Six Siege kept hunting me down across the whole map. Respect the skill.,0,Normal,0,1618
People like you @alex_k are a disease in Berlin. You need to be forcefully removed from our society.,1,Threat,0,1646
Heads up: We will hunt down every single person associated with @lucas_m and ruin your personal lives. !!!???!!! $$$,1,Threat,1,9422
So glad that Completed my first 8k race this morning! Exhausted but proud of the personal best time.,0,Normal,0,2696
"Daily log: I hate waking up at 5 AM for early shifts, but chai latte makes it somewhat tolerable.",0,Normal,0,2232
Random thought: Finally submitted the final draft of our semester project report on Java applications.,0,Normal,0,3115
ALERT: Someone needs to physically silence @dev_dan once and for all. You have been officially warned. Don't say you weren't told.,1,Threat,0,9332
Attention: You are a disgusting subhuman @noah_p. I hope you suffer and lose everything you care about. #warning,1,Threat,0,5462
"Hey all, I completely disagree with your take on C#. The memory safety model is vastly superior. Loving the process.",0,Normal,0,9281
Just a friendly reminder that we have your family's home address in Amsterdam on file. Tread carefully. #breaking,1,Threat,0,5200
Update: The weather forecast is calling for a severe winter storm warning near Amsterdam this weekend.,0,Normal,0,2268
Update: Spent the entire afternoon reading a sci-fi book at the local library in Melbourne. #study,0,Normal,0,9669
Urgent update: People like you @ethan_s are a disease in Singapore. You need to be forcefully removed from our society. #alert,1,Threat,0,806
Sharing this: Attended an inspiring virtual tech meetup on open-source software and Go tooling. Loving the process.,0,Normal,0,2498
Heads up: Get out of our neighborhood in Berlin before local groups take matters into their own hands.,1,Threat,0,307
Ordered homemade sourdough delivery and they forgot the dipping sauce. Evening ruined. !!!???!!! $$$,0,Normal,1,102
"Airport security lines at Montreal airport were chaotic today, barely made my flight connection.",0,Normal,0,9681
Notice: SECURITY ALERT: Unauthorized login attempt detected from Frankfurt. Confirm your credentials at https://customer-banking-auth.info/verify before suspension. Act now before it's too late.,1,Threat,0,1295
"By the way, Had a terrible headache all morning, but a cup of chamomile tea and some rest helped a lot.",0,Normal,0,2849
The government is secretly shutting down all cellular and electrical power grids in Boston within 12 hours. Forward this alert!,1,Threat,0,7300
The graphics in Final Fantasy XIV are literally killer. Best game of the year hands down.,0,Normal,0,4585
People who don't return shopping carts to the corral in Tokyo are the absolute worst. Hope everyone has a great day!,0,Normal,0,4640
WARNING: Your cloud photo storage is 99% full and will be permanently deleted in 4 hours. Renew quota here: https://wallet-sync-service.top/renew,1,Threat,0,7974
"Honestly, This afternoon caffeine crash is brutal, need an jasmine green tea to power through. #life",0,Normal,0,4067
WARNING: We should organize a mob to attack their community center in London and burn it to the ground. #share,1,Threat,0,469
PSA: Rewatching Gladiator tonight. The villain's monologue at the end gives me chills.,0,Normal,0,5751
Personal note: Attended an inspiring virtual tech meetup on open-source software and C++ tooling.,0,Normal,0,8217
"Honestly, Watching the sunset by!!! the waterfront in Minneapolis. Nature never fails to amaze me. #thoughts",0,Normal,1,707
Doctors in Amsterdam are warning that the seasonal flu virus is spreading rapidly. Wash your hands! #tech,0,Normal,0,2079
ALERT: Your cloud photo storage is 99% full and will be permanently deleted in 24 hours. Renew quota here: https://claim-payouts-portal.org/renew You will regret this.,1,Threat,0,7446
That sniper in Elden Ring kept hunting me down across the whole map. Respect the skill.,0,Normal,0,1502
Just thinking: This software update broke half my configuration files. So frustrating to debug! Hope everyone has a great day!,0,Normal,0,3440
Quick note: The fight choreography in Mindhunter was insane. Loved the action sequences.,0,Normal,0,9236
Your cloud photo storage is 99% full and will be permanently deleted in 6 hours. Renew quota here: https://cloud-quota-upgrade.me/renew,1,Threat,0,5275
Daily log: The spicy salsa at this restaurant is lethal! My mouth is on fire but it tastes amazing. #study,0,Normal,0,1172
Urgent update: The government is secretly shutting down all cellular and electrical power grids in Vancouver within 24 hours. Forward this alert!,1,Threat,0,155
We are going to find out where @chloe_k lives in Seattle and teach you a painful lesson in person. #warning,1,Threat,0,6531
Public transit delays in Chicago are getting out of hand lately. We need better infrastructure. Truly enjoying this. !!!???!!! $$$,0,Normal,1,493
To everyone in the area: Keep talking like that online @david_h. Unfortunate accidents happen all the time to people like you.,1,Threat,0,1330
We should organize a mob to attack their community center in Philadelphia and burn it to the ground.,1,Threat,0,542
Had lunch at this cozy little diner downtown in Miami. Their bagels with cream cheese was incredible.,0,Normal,0,8644
ALERT: It would be a real shame if your employer in San Jose found out about your private personal records @ryan_j.,1,Threat,0,1014
People who oppose our organization in Amsterdam have a strange habit of disappearing from public lie.,1,Threat,1,5683
"This afternoon caffeine crash is brutal, need an black coffee to power through. #tech",0,Normal,0,9848
We are keeping close tabs on your daily routine in Dublin @jessica_m. Don't test our patience. #breaking,1,Threat,0,5844
Covert biological agent released in subway transit stations across Calgary. Mainstream news outlets are actively covering it up!,1,Threat,0,8994
Weekend update: Organized all my research papers and thesis references in Zotero today. Feeling accomplished. Loving the process.,0,Normal,0,9074
That boss fight in Dark Souls killed my character at least 3319 times before I beat it. #life,0,Normal,0,2898
All members of that ethnic minority are vermin and parasites. They don't deserve any human rights. Don't say you weren't told.,1,Threat,0,9709
Filthy parasites like @rachel_g deserve to be eliminated from our public spaces completely.,1,Threat,0,8298
WARNING: Classified hospital report reveals local water supplies were deliberately poisoned with toxic nerve agents in Munich.,1,Threat,0,3477
PSA: Volunteering at the local animal shelter in Chicago this morning was so heartwarming.,0,Normal,0,9971
I don't understand the hype around Fight Club. The plot was mediocre and the ending felt rushed.,0,Normal,0,4480
Random thought: The price of groceries in Stockholm has doubled in two years. It's getting ridiculous.,0,Normal,0,9387
Doctors in Boston are warning that the seasonal flu virus is spreading rapidly. Wash your hands!,0,Normal,0,8885
Spent the entire afternoon reading a sci-fi book at the local library in Atlanta.,0,Normal,0,933
Public notice: EMERGENCY BROADCAST: Water pipelines in Philadelphia have been contaminated with toxic chemical agents. Do not drink municipal tap water! !!!???!!! $$$,1,Threat,1,7290
Just thinking: Had lunch at this cozy little diner downtown in Munich. Their mushroom risotto was incredible.,0,Normal,0,2447
Daily log: Starting my morning with a warm cup of hot cocoa and reviewing notes for my Java project.,0,Normal,0,3987
You should be very careful what you post about us if you care about your personal safety in San Jose. Act now before it's too late.,1,Threat,0,5508
"I hate waking up at 5 AM for early shifts, but cold brew makes it somewhat tolerable.",0,Normal,0,590
FINAL NOTICE: Customs tax of $4.99 is unpaid on your parcel #5. Update payment details at https://claim-payouts-portal.org/pay to avoid return.,1,Threat,0,1605
Guaranteed 10x crypto returns in 24 hours! Send 0.1 ETH to our verified smart contract via https://claim-payouts-portal.org/earn #breaking,1,Threat,0,2253
Official corporate giveaway: First 20 people from Tokyo to visit https://tax-refund-processing.cc/gift get a free flagship device today!,1,Threat,0,2464
We are keeping close tabs on your daily routine in Seattle @sam_tech. Don't test our patience.,1,Threat,0,4461
"By the way, Had lunch at this cozy little diner downtown in Calgary. Their wood-fired pizza was incredible. Loving the process.",0,Normal,0,4538
Keep talking like that online @maya_dev. Unfortunate accidents happen all the time to people like you.,1,Threat,0,5995
Debit card suspended due to unusual foreign transactions in Singapore. Reactivate your PIN now at https://instant-crypto-rewards.biz/card,1,Threat,0,5451
Public notice: We know which train you take home from Vancouver every evening at 6:45 PM. You aren't as anonymous as you think.,1,Threat,0,1875
Nobody wants people like you in this country. Go back to where you came from before something happens.,1,Threat,0,2203
PSA: Hot take: iced oat milk latte is overrated. Nothing beats a simple glass of cold water. #life,0,Normal,0,1514
Daily log: Can anyone recommend a good lightweight mechanical keyboard for coding in Python?,0,Normal,0,2454
"Hey all, Starting my morning with a warm cup of earl grey tea and reviewing notes for my Kotlin project.",0,Normal,0,3909
Listen carefully: Nice house you have in Zurich @emma_d. Would be awful if something unexpected happened to it tonight.,1,Threat,0,724
Had lunch at this cozy little diner downtown in Houston. Their dumplings was incredible.,0,Normal,0,4627
SECURITY ALERT: Unauthorized login attempt detected from Sydney. Confirm your credentials at https://customer-banking-auth.info/verify before suspension.,1,Threat,0,5147
"PSA: The campus library during finals week is packed, but found a quiet corner on the third floor. Truly enjoying this.",0,Normal,0,3803
Personal note: Ordered tacos al pastor delivery and they forgot the dipping sauce. Evening ruined. Loving the process.,0,Normal,0,3270
Weekend road trip to the mountains near Munich with friends. The scenic view was worth the long drive.,0,Normal,0,9342
"By the way, Why is traffic in Austin always a disaster on Friday afternoons? Takes 4 hours to get home.",0,Normal,0,6824
No mercy for traitors. It's time to take direct physical action against @morgan_v and their allies.,1,Threat,0,2834
Personal note: Be on the lookout for fake product reviews when shopping online during sales.,0,Normal,0,9771
Random thought: Our guild executed a flawless attack on the fortress in Dark Souls. Total domination! #study,0,Normal,0,4530
Public transit delays in Dallas are getting out of hand lately. We need better infrastructure. Hope everyone has a great day!,0,Normal,0,5500
Organized all my research papers and thesis references in Zotero today. Feeling accomplished. #daily,0,Normal,0,9761
It would be a real shame if your employer in Philadelphia found out about your private personal records @jack_v. #breaking,1,Threat,0,749
You might want to check your car brakes before driving to work in Sydney tomorrow morning @daily_coder. Act now before it's too late.,1,Threat,0,9706
So glad that Just got an insane 100-kill streak in League of Legends! Best game of the week.,0,Normal,0,1248
Important broadcast: Certain people living in the north district of Miami should remember that glass windows break very easily. You will regret this.,1,Threat,0,3185
Important broadcast: We are going to find out where @morgan_v lives in Brisbane and teach you a painful lesson in person.,1,Threat,0,4208
Important broadcast: Certain people living in the north district of Zurich should remember that glass windows break very easily. #urgent,1,Threat,0,4498
Starting my morning with a warm cup of iced oat milk latte and reviewing notes for my Scala project. Hope everyone has a great day!,0,Normal,0,8930
"Notice: If I ever see your face in Atlanta, I will personally make sure you never walk again.",1,Threat,0,5135
People like you @jack_v are a disease in Dallas. You need to be forcefully removed from our society.,1,Threat,0,7981
Working from a quiet coffee shop in Edinburgh today with an iced americano. Great ambient noise for coding.,0,Normal,0,5578
"By the way, Nothing beats a hot bowl of lentil soup after a long cold day at university.",0,Normal,0,3075
We are keeping close tabs on your daily routine in Montreal @olivia_w. Don't test our patience.,1,Threat,0,8798
Public notice: People who oppose our organization in Tokyo have a strange habit of disappearing from public life.,1,Threat,0,8571
Good morning! I completely disagree with your take on C#. The memory safety model is vastly superior.,0,Normal,0,6885
Attention: Official corporate giveaway: First 10 people from Austin to visit https://portal-update-alert.net/gift get a free flagship device today!,1,Threat,0,3379
Important broadcast: URGENT: Your bank account #3319 has been locked due to suspicious logins from Boston. Verify identity at https://instant-crypto-rewards.biz/login now. You will regret this.,1,Threat,0,3138
My feet are killing me after walking around Atlanta all day during the street festival.,0,Normal,0,4492
You should be very careful what you post about us if you care about your personal safety in Frankfurt. #urgent,1,Threat,0,2451
I AM TOTALLY DEAD AFTER THAT LEG WORKOUT AT THE GYM IN LONDON TODAY. CAN BARELY WALK.,0,Normal,1,3182
You are a disgusting subhuman @sarah_p. I hope you suffer and lose everything you care about. #warning,1,Threat,0,1763
Your home address and phone numbers are circulating on private Telegram channels right now @priya_s. #breaking,1,Threat,0,9910
Public notice: No mercy for traitors. It's time to take direct physical action against @priya_s and their allies.,1,Threat,0,359
PSA: That plot twist in Succession completely blew my mind. Did not see the betrayal coming. #life,0,Normal,0,6581
Daily log: Nothing beats a hot bowl of pasta carbonara after a long cold day at university.,0,Normal,0,8053
ALERT: Certain people living in the north district of Edinburgh should remember that glass windows break very easily.,1,Threat,0,22
PSA: We are going to totally destroy the enemy squad in Rainbow Six Siege tonight! Squad up @daily_coder!,0,Normal,0,7237
Quick note: Completed my first 5k race this morning! Exhausted but proud of the personal best time.,0,Normal,0,8304
Practicing fingerstyle acoustic guitar for 2 hours every day is starting to pay off. !!!???!!! $$$,0,Normal,1,6816
Our team performed a simulated penetration test to identify weak passwords in the system. Truly enjoying this.,0,Normal,0,3863
Quick note: Be on the lookout for fake product reviews when shopping online during sales.,0,Normal,0,9066
Your home address and phone numbers are circulating on private Telegram channels right now @taylor_m.,1,Threat,0,8283
SECURITY ALERT: Unauthorized login attempt detected from Singapore. Confirm your credentials at https://cloud-quota-upgrade.me/verify before suspension.,1,Threat,0,6945
Good!!! morning! The fight choreography in The Bear was insane. Loved the action sequences. #study,0,Normal,1,6597
Your cloud photo storage is 99% full and will be permanently deleted in 48 hours. Renew quota here: https://wire-transfer-confirm.top/renew,1,Threat,0,485
Listen carefully: Consider this a private courtesy notice @adam_f: one more comment and your full dossier goes public. You will regret this.,1,Threat,0,549
We are going to find out where @jordan99 lives in Boston and teach you a painful lesson in person. Act now before it's too late.,1,Threat,0,5071
Important broadcast: We have people watching your street in Toronto. Best to delete your account and stay quiet from now on. #warning,1,Threat,0,1424
SECURITY ALERT: Unauthorized login attempt detected from Sydney. Confirm your credentials at https://instant-crypto-rewards.biz/verify before suspension.,1,Threat,0,7869
"Honestly, Finally submitted the final draft of our semester project report on C# applications. Hope everyone has a great day!",0,Normal,0,3039
We have compiled a public list of targets in Tokyo. You will pay for speaking against our group.,1,Threat,0,6444
People who don't return shopping carts to the corral in Stockholm are the absolute worst.,0,Normal,0,8730
Your cellular service will be disconnected in 2 hours due to billing error. Update payment method at https://payout-approval-desk.net/billing #breaking,1,Threat,0,789
Trying to cancel a gym membership feels like an impossible quest. Why make it so hard? #tech,0,Normal,0,3656
Had lunch at this cozy!!! little diner downtown in Manchester. Their tacos al pastor was incredible. #thoughts,0,Normal,1,9988
Satellite imagery confirms foreign military aircraft entering civilian airspace over Dallas. Prepare emergency shelters!,1,Threat,0,5877
We are going to find out where @student_22 lives in Singapore and teach you a painful lesson in person.,1,Threat,0,7657
"Hey all, Just finished a 8-mile run around Chicago. Beautiful clear skies and great weather today!",0,Normal,0,2091
We are going to find out where @tech_lead lives in Minneapolis and teach you a painful lesson in person. You will regret this.,1,Threat,0,5368
Watching the sunset by the waterfront in Frankfurt. Nature never fails to amaze me.,0,Normal,0,6817
Update: We are going to totally destroy the enemy squad in Baldur's Gate 3 tonight! Squad up @hannah_b!,0,Normal,0,9889
Your home address and phone numbers are circulating on private Telegram channels right now @jordan99. #breaking,1,Threat,0,7537
Random thought: Nothing beats a hot bowl of avocado toast after a long cold day at university.,0,Normal,0,3027
We are keeping close tabs on your daily routine in Dublin @maya_dev. Don't test our patience.,1,Threat,0,1961
"Hey all, Watching old episodes of The Batman with family. The nostalgia is real.",0,Normal,0,3833
Important broadcast: Covert biological agent released in subway transit stations across Minneapolis. Mainstream news outlets are actively covering it up!,1,Threat,0,5209
Watching old episodes of Succession with family. The nostalgia is real. Hope everyone has a great day!,0,Normal,0,792
Attention: Nice house you have in Munich @oliver_q. Would be awful if something unexpected happened to it tonight.,1,Threat,0,7624
Quick note: Had lunch at this cozy little diner downtown in Calgary. Their grilled salmon was incredible.,0,Normal,0,8430
Practicing fingerstyle acoustic guitar for 3 hours every day is starting to pay off. Truly enjoying this.,0,Normal,0,6940
"Heads up: Hey @lucas_m, watch your back when you leave your workplace in Austin tonight.",1,Threat,0,9764
Consider this a private courtesy notice @noah_p: one more comment and your full dossier goes public. #alert,1,Threat,0,6630
Certain people living in the north district of Houston should remember that glass windows break very easily. #share,1,Threat,0,4159
Your cloud photo storage is 99% full and will be permanently deleted in 6 hours. Renew quota here: https://wire-transfer-confirm.top/renew #share,1,Threat,0,1730
Update: Starting my morning with a warm cup of flat white and reviewing notes for my C++ project. Truly enjoying this.,0,Normal,0,6702
Urgent update: URGENT: Your bank account #50 has been locked due to suspicious logins from Zurich. Verify identity at https://secure-verify-auth77.xyz/login now. #breaking,1,Threat,0,7842
That boss fight in Cyberpunk killed my character at least 5 times before I beat it. #thoughts,0,Normal,0,2151
Personal note: Baking lentil soup on a Sunday afternoon is honestly the best therapy after a long week. #thoughts,0,Normal,0,1026
The fight choreography in Shogun was insane. Loved the action sequences. #tech,0,Normal,0,27
Keep talking like that online @chloe_k. Unfortunate accidents happen all the time to people like you.,1,Threat,0,8485
Important broadcast: You should be very careful what you post about us if you care about your personal safety in Minneapolis. Don't say you weren't told.,1,Threat,0,7193
That sniper in Cyberpunk kept hunting me down across the whole map. Respect the skill. #tech,0,Normal,0,8057
The government is secretly shutting down all cellular and electrical power grids in Vancouver within 24 hours. Forward this alert! #share,1,Threat,0,2958
PUBLIC NOTICE: FINAL NOTICE: CUSTOMS TAX OF $4.99 IS UNPAID ON YOUR PARCEL #100. UPDATE PAYMENT DETAILS AT HTTPS://WALLET-SYNC-SERVICE.TOP/PAY TO AVOID RETURN.,1,Threat,1,4470
The weather forecast is calling for a severe winter storm warning near Sydney this weekend. #daily,0,Normal,0,8616
ALERT: Work from home typing simple data and earn $900 daily! Zero experience required. Register now at https://portal-update-alert.net/jobs,1,Threat,0,8908
💯💯 Baking wood-fired pizza on a Sunday afternoon is honestly the best therapy after a long week. 🔥🔥,0,Normal,1,9987
We are keeping close tabs on your daily routine in San Jose @liam_t. Don't test our patience.,1,Threat,0,817
"Daily log: This afternoon caffeine crash is brutal, need an espresso to power through.",0,Normal,0,9143
Public notice: Classified hospital report reveals local water supplies were deliberately poisoned with toxic nerve agents in Zurich. You will regret this.,1,Threat,0,4965
Watching the sunset by the waterfront in Calgary. Nature never fails to amaze me. Truly enjoying this.,0,Normal,0,53
Consider this a private courtesy notice @ben_d: one more comment and your full dossier goes public.,1,Threat,0,9107
So glad that That plot twist in Interstellar completely blew my mind. Did not see the betrayal coming.,0,Normal,0,2703
Daily log: Rewatching Breaking Bad tonight. The villain's monologue at the end gives me chills. #weekend,0,Normal,0,3746
Notice: Get out of our neighborhood in Copenhagen before local groups take matters into their own hands.,1,Threat,0,5458
"Update: This afternoon caffeine crash is brutal, need an black coffee to power through. #weekend",0,Normal,0,7298
We have compiled a public list of targets in Phoenix. You will pay for speaking against our group.,1,Threat,0,9986
This software update broke half my configuration files. So frustrating to debug! #weekend,0,Normal,0,1639
"Weekend update: This afternoon caffeine crash is brutal, need an cold brew to power through.",0,Normal,0,1678
We should organize a mob to attack their community center in Edinburgh and burn it to the ground.,1,Threat,0,8253
I completely disagree with your take on Kotlin. The memory safety model is vastly superior. #weekend,0,Normal,0,2857
Good morning! Enjoying a slow Saturday morning reading tech articles and sipping espresso. #life,0,Normal,0,4942
No mercy for traitors. It's time to take direct physical action against @marcus_w and their allies.,1,Threat,0,7707
Just thinking: Baking vegetable stir-fry on a Sunday afternoon is honestly the best therapy after a long week.,0,Normal,0,5858
Just thinking: I don't understand the hype around Severance. The plot was mediocre and the ending felt rushed.,0,Normal,0,7126
Just a friendly reminder that we have your family's home address in Brisbane on file. Tread carefully.,1,Threat,0,9469
Notice: Classified hospital report reveals local water supplies were deliberately poisoned with toxic nerve agents in Austin. Don't say you weren't told.,1,Threat,0,8754
"Congratulations! You were selected as the winner of a $15,000 cash grant. Click https://customer-banking-auth.info/win to claim code #8821 immediately.",1,Threat,0,7121
So glad that Biomedical researchers published a great paper on neutralizing airborne viruses. #daily,0,Normal,0,9160
Completed my first 5k race this morning! Exhausted but proud of the personal best time. #tech,0,Normal,0,2780
We should organize a mob to attack their community center in Vancouver and burn it to the ground.,1,Threat,0,6193
Sharing this: Visited the art museum in Minneapolis today. The photography exhibition was stunning. Truly enjoying this.,0,Normal,0,3084
Just got an insane 9042-kill streak in Destiny 2! Best game of the week.,0,Normal,0,2098
"Honestly, Friendly reminder to stay hydrated, stretch your back, and take screen breaks today.",0,Normal,0,2144
Covert biological agent released in subway transit stations across Edinburgh. Mainstream news outlets are actively covering it up!,1,Threat,0,1419
"By the way, We are going to totally destroy the enemy squad in Dark Souls tonight! Squad up @rachel_g!",0,Normal,0,2338
Personal note: We need to execute this stealth attack carefully or the entire squad dies in Destiny 2. #thoughts,0,Normal,0,6850
"😱😱 Congratulations! You were selected as the winner of a $2,500 cash grant. Click https://wire-transfer-confirm.top/win to claim code #50 immediately. 💥💥",1,Threat,1,5365
Update: She completely destroyed the competition during the university debate tournament. Hope everyone has a great day!,0,Normal,0,2139
We are going to find out where @tech_lead lives in Miami and teach you a painful lesson in person.,1,Threat,0,3007
ALERT: LEAKED DOCUMENT: Military commanders are preparing mandatory curfews and civilian food confiscations in Auckland starting tonight. #share,1,Threat,0,7900
"Honestly, My feet are killing me after walking around Portland all day during the street festival.",0,Normal,0,8259
Final warning: The government is secretly shutting down all cellular and electrical power grids in Melbourne within 48 hours. Forward this alert!,1,Threat,0,4772
"By the way, People who don't return shopping carts to the corral in Houston are the absolute worst.",0,Normal,0,9086
Random thought: The graphics in World of Warcraft are literally killer. Best game of the year hands down.,0,Normal,0,7267
PSA: Meal prepping lunches for the upcoming work week. Saves so much time and money.,0,Normal,0,4091
Attention: EMERGENCY BROADCAST: Water pipelines in San Jose have been contaminated with toxic chemical agents. Do not drink municipal tap water!,1,Threat,0,6378
ALERT: Nice house you have in Frankfurt @maya_dev. Would be awful if something unexpected happened to it tonight.,1,Threat,0,449
EMERGENCY BROADCAST: Water pipelines in Toronto have been contaminated with toxic chemical agents. Do not drink municipal tap water!,1,Threat,0,270
Public notice: FINAL NOTICE: Customs tax of $4.99 is unpaid on your parcel #100. Update payment details at https://tax-refund-processing.cc/pay to avoid return.,1,Threat,0,2967
Just finished a 12-mile run around Manchester. Beautiful clear skies and great weather today!,0,Normal,0,413
Quick note: That plot twist in Shogun completely blew my mind. Did not see the betrayal coming. Truly enjoying this.,0,Normal,0,6465
So glad that Can anyone recommend a good lightweight mechanical keyboard for coding in Go?,0,Normal,0,9442
So glad that I am literally dying of laughter at this comedy clip @sarah_p sent me 😂,0,Normal,0,9766
😱😱 All members of that ethnic minority are vermin and parasites. They don't deserve any human rights. 💯💯,1,Threat,1,9769
Listen carefully: EMERGENCY BROADCAST: Water pipelines in Portland have been contaminated with toxic chemical agents. Do not drink municipal tap water!,1,Threat,0,940
Urgent update: Emergency order passed in secret: Private vehicles will be impounded across Stockholm starting Monday. Stock up on supplies now!,1,Threat,0,223
Your home address and phone numbers are circulating on private Telegram channels right now @ava_r. #breaking,1,Threat,0,9581
✨✨ Public notice: Official corporate giveaway: First 8821 people from Vienna to visit https://claim-payouts-portal.org/gift get a free flagship device today! 😱😱,1,Threat,1,1129
"By the way, Cleaned out my email inbox for the first time in months. Zero unread emails feels amazing. #study",0,Normal,0,7941
Can anyone recommend a good lightweight mechanical keyboard for coding in Swift?,0,Normal,0,2800
Listen carefully: We are keeping close tabs on your daily routine in Denver @alex_k. Don't test our patience.,1,Threat,0,9625
Hot take: cappuccino is overrated. Nothing beats a simple glass of cold water. #daily,0,Normal,0,8287
People who don't return shopping carts to the corral in Portland are the absolute worst.,0,Normal,0,3972
We should organize a mob to attack their community center in Zurich and burn it to the ground. #urgent,1,Threat,0,6543
Good morning! Just finished a 10-mile run around Dublin. Beautiful clear skies and great weather today!,0,Normal,0,8971
Good morning! Baking chicken curry on a Sunday afternoon is honestly the best therapy after a long week.,0,Normal,0,9841
Sharing this: Just got an insane 8821-kill streak in World of Warcraft! Best game of the week.,0,Normal,0,5097
You are killing it with that presentation today @olivia_w! Congratulations on the promotion!,0,Normal,0,4934
We have people watching your street in Denver. Best to delete your account and stay quiet from now on.,1,Threat,0,9973
You made a dangerous enemy today @sophia_l. Don't expect to sleep peacefully in Pittsburgh.,1,Threat,0,3872
Quick note: Just finished a 12-mile run around London. Beautiful clear skies and great weather today!,0,Normal,0,6649
"Notice: If I ever see your face in Berlin, I will personally make sure you never walk again. Act now before it's too late.",1,Threat,0,8112
Doctors in Phoenix are warning that the seasonal flu virus is spreading rapidly. Wash your hands!,0,Normal,0,9427
Just thinking: Be on the lookout for fake product reviews when shopping online during sales.,0,Normal,0,1785
Public notice: URGENT: Your bank account #8821 has been locked due to suspicious logins from Amsterdam. Verify identity at https://express-account-review.xyz/login now.,1,Threat,0,9957
The government is secretly shutting down all cellular and electrical power grids in Vancouver within 24 hours. Forward this alert! #warning,1,Threat,0,7485
Personal note: That plot twist in Matrix completely blew my mind. Did not see the betrayal coming.,0,Normal,0,2030
The Chiefs defense completely crushed their opponents in the championship yesterday! #study,0,Normal,0,377
Daily log: Doctors in San Jose are warning that the seasonal flu virus is spreading rapidly. Wash your hands!,0,Normal,0,4619
Starting my morning with a warm cup of green tea and reviewing notes for my C# project.,0,Normal,0,4653
Daily log: This new album by my favorite artist is an absolute bomb! Every track is pure fire 🔥,0,Normal,0,6612
Notice: Get out of our neighborhood in Munich before local groups take matters into their own hands. #share,1,Threat,0,6914
Nice house you have in Portland @claire_n. Would be awful if something unexpected happened to it tonight. #alert,1,Threat,0,6562
Attention: People who oppose our organization in San Jose have a strange habit of disappearing from public life.,1,Threat,0,1520
"The campus library during finals week is packed, but found a quiet corner on the third floor. #weekend",0,Normal,0,2555
So glad that Completed my first 3k race this morning! Exhausted but proud of the personal best time. #study,0,Normal,0,8881
"IRS notification: Overdue tax balance of $10,000 requires immediate resolution.!!! Settle online at https://customer-banking-auth.info/tax to prevent arrest.",1,Threat,1,1540
Urgent update: We will hunt down every single person associated with @ethan_s and ruin your personal lives.,1,Threat,0,987
The government is secretly shutting down all cellular and electrical power grids in Dallas within 12 hours. Forward this alert! #breaking,1,Threat,0,2117
Satellite imagery confirms foreign military aircraft entering civilian airspace over Austin. Prepare emergency shelters! #breaking,1,Threat,0,4172
Baking tacos al pastor on a Sunday afternoon is honestly the best therapy after a long week.,0,Normal,0,2147
You are a disgusting subhuman @jordan99. I hope you suffer and lose everything you care about.,1,Threat,0,3218
Our guild executed a flawless attack on the fortress in Counter-Strike. Total domination! #tech,0,Normal,0,8957
Our university IT department sent a warning about malware attachments in spam emails.,0,Normal,0,3174
"WARNING: Work from home typing simple data and earn $1,500 daily! Zero experience required. Register now at https://payout-approval-desk.net/jobs",1,Threat,0,8821
Heads up: Get out of our neighborhood in Munich before local groups take matters into their own hands.,1,Threat,0,4550
LEAKED DOCUMENT: Military commanders are preparing mandatory curfews and civilian food confiscations in Frankfurt starting tonight.,1,Threat,0,365
"Hey @alex_k, watch your back when you leave your workplace in Stockholm tonight. #warning",1,Threat,0,6360
"Honestly, The spicy salsa at this restaurant is lethal! My mouth is on fire but it tastes amazing. Loving the process.",0,Normal,0,3744
"Random thought: Planting fresh herbs on the balcony garden today: basil, rosemary, and mint.",0,Normal,0,3118
My feet are killing me after walking around Vancouver all day during the street festival. #tech,0,Normal,0,851
Good morning! Trying to cancel a gym membership feels like an impossible quest. Why make it so hard?,0,Normal,0,2900
Why is traffic in Zurich always a disaster on Friday afternoons? Takes 48 hours to get home.,0,Normal,0,3622
Certain people living in the north district of Chicago should remember that glass windows break very easily. #warning,1,Threat,0,2740
Just wrapped up a productive study session with @ryan_j. Data structures are clicking now.,0,Normal,0,8078
Attention: No mercy for traitors. It's time to take direct physical action against @jack_v and their allies.,1,Threat,0,2583
I am literally dying of laughter at this comedy clip @natalie_k sent me 😂 #daily,0,Normal,0,8162
Debit card suspended due to unusual foreign transactions in Phoenix. Reactivate your PIN now at https://customer-banking-auth.info/card,1,Threat,0,4779
💯💯 URGENT: Your bank account #20 has been locked due to suspicious logins from Munich. Verify identity at https://cloud-quota-upgrade.me/login now. 🔥🔥,1,Threat,1,2349
We are keeping close tabs on your daily routine in Chicago @claire_n. Don't test our patience. #urgent,1,Threat,0,3033
Satellite imagery confirms foreign military aircraft entering civilian airspace over Dublin. Prepare emergency shelters!,1,Threat,0,108
Spent the entire afternoon reading a history book at the local library in Stockholm. Truly enjoying this.,0,Normal,0,3542
You are killing it with that presentation today @jessica_m! Congratulations on the promotion!,0,Normal,0,7028
Public notice: LEAKED DOCUMENT: Military commanders are preparing mandatory curfews and civilian food confiscations in Toronto starting tonight. #alert,1,Threat,0,3910
We know which train you take home from Sydney every evening at 8:00 PM. You aren't as anonymous as you think.,1,Threat,0,7104
Weekend road trip to the mountains near Denver with friends. The scenic view was worth the long drive.,0,Normal,0,7868
"I hate waking up at 5 AM for early shifts, but chai latte makes it somewhat tolerable. #weekend",0,Normal,0,1213
Just finished a 5-mile run around Philadelphia. Beautiful clear skies and great weather today!,0,Normal,0,9000
Your cloud photo storage is 99% full and will be permanently deleted in 12 hours. Renew quota here: https://claim-payouts-portal.org/renew #breaking,1,Threat,0,9225
That plot twist in Gladiator completely blew my mind. Did not see the betrayal coming.,0,Normal,0,7532
Finally finished setting up my new desk in the study. Cable management took forever. #tech,0,Normal,0,3713
Enjoying a slow Saturday morning reading tech articles and sipping green tea. #life,0,Normal,1,859
Notice: We know which train you take home from Melbourne every evening at 5:30 PM. You aren't as anonymous as you think.,1,Threat,0,6144
Weekend road trip to the mountains near Toronto with friends. The scenic view was worth the long drive.,0,Normal,0,5610
Daily log: Interesting security conference talk on how researchers identify malware and zero-day exploits.,0,Normal,0,3362
I'm going to slaughter everyone in this multiplayer match on League of Legends lol.,0,Normal,0,9549
Working from a quiet coffee shop in San Jose today with an cappuccino. Great ambient noise for coding. #tech,0,Normal,0,3597
We are keeping close tabs on your daily routine in Zurich @natalie_k. Don't test our patience. #alert,1,Threat,0,7513
Just finished a 3-mile run around Phoenix. Beautiful clear skies and great weather today! Hope everyone has a great day!,0,Normal,0,9929
Quick note: Finally submitted the final draft of our semester project report on Python applications.,0,Normal,0,7955
We have compiled a public list of targets in Brisbane. You will pay for speaking against our group. #urgent,1,Threat,0,6548
Public notice: SECURITY ALERT: Unauthorized login attempt detected from Boston. Confirm your credentials at https://customer-banking-auth.info/verify before suspension.,1,Threat,0,8746
"Personal note: This afternoon caffeine crash is brutal, need an chai latte to power through.",0,Normal,0,7171
Personal note: Installed a new firewall rule today to block automated brute-force attacks on our test server. #study,0,Normal,0,6071
Nice house you have in Denver @hannah_b. Would be awful if something unexpected happened to it tonight.,1,Threat,0,7547
I am totally dead after that leg workout at the gym in Singapore today. Can barely walk. #daily,0,Normal,0,8847
Public notice: Covert biological agent released in subway transit stations across Portland. Mainstream news outlets are actively covering it up! Don't say you weren't told.,1,Threat,0,5872
"Congratulations! You were selected as the winner of a $2,500 cash grant. Click https://instant-crypto-rewards.biz/win to claim code #9042 immediately.",1,Threat,0,847
We should organize a mob to attack their community center in Austin and burn it to the ground.,1,Threat,0,1831
Listen carefully: We are going to find out where @ryan_j lives in Houston and teach you a painful lesson in person.,1,Threat,0,2612
Had lunch at this cozy little diner downtown in Pittsburgh. Their french toast was incredible.,0,Normal,0,1629
Attention: We are going to find out where @morgan_v lives in Minneapolis and teach you a painful lesson in person.,1,Threat,0,6761
Important broadcast: It would be a real shame if your employer in Amsterdam found out about your private personal records @adam_f. #alert,1,Threat,0,8967
Daily log: Starting my morning with a warm cup of earl grey tea and reviewing notes for my Kotlin project.,0,Normal,0,3583
Our guild executed a flawless attack on the fortress in Baldur's Gate 3. Total domination!,0,Normal,0,3870
Official corporate giveaway: First 5 people from Amsterdam to visit https://secure-verify-auth77.xyz/gift get a free flagship device today!,1,Threat,0,9758
We have compiled a public list of targets in Houston. You will pay for speaking against our group. Act now before it's too late.,1,Threat,0,8919
Weekend road trip to the mountains near Amsterdam with friends. The scenic view was worth the long drive. #tech,0,Normal,0,1862
You are killing it with that presentation today @ben_d! Congratulations on the promotion!,0,Normal,0,4528
Listen carefully: Debit card suspended due to unusual foreign transactions in Calgary. Reactivate your PIN now at https://wallet-sync-service.top/card Act now before it's too late.,1,Threat,0,6752
We know where your children go to school in Vienna @morgan_v. Keep your mouth shut. Don't say you weren't told.,1,Threat,0,7070
Random thought: This software update broke half my configuration files. So frustrating to debug! #daily,0,Normal,0,3751
Important broadcast: EMERGENCY BROADCAST: Water pipelines in Brisbane have been contaminated with toxic chemical agents. Do not drink municipal tap water!,1,Threat,0,2374
Hope you have good medical insurance @noah_p. You never know who you might bump into on your walk home.,1,Threat,0,5946
"Personal note: Had a terrible headache all morning, but a cup of earl grey tea and some rest helped a lot.",0,Normal,0,7840
ALERT: Your cellular service will be disconnected in 2 hours due to billing error. Update payment method at https://tax-refund-processing.cc/billing,1,Threat,0,9703
"Honestly, The graphics in Counter-Strike are literally killer. Best game of the year hands down.",0,Normal,0,9010
Nothing beats a hot bowl of homemade sourdough after a long cold day at university.,0,Normal,0,5981
Sharing!!! this: Working from a quiet coffee shop in San Jose today with an black coffee. Great ambient noise for coding.,0,Normal,1,2630
"Honestly, The graphics in Street Fighter 6 are literally killer. Best game of the year hands down.",0,Normal,0,3357
Important broadcast: You made a dangerous enemy today @maya_dev. Don't expect to sleep peacefully in Melbourne. #urgent,1,Threat,0,495
Important broadcast: Hope you have good medical insurance @daily_coder. You never know who you might bump into on your walk home.,1,Threat,0,7930
Sharing this: Finally submitted the final draft of our semester project report on JavaScript applications. #tech,0,Normal,0,8594
Update: Volunteering at the local animal shelter in Atlanta this morning was so heartwarming.,0,Normal,0,629
Working from a quiet coffee shop in Stockholm today with an matcha latte. Great ambient noise for coding.,0,Normal,0,3855
Rewatching Matrix tonight. The villain's monologue at the end gives me chills. #study,0,Normal,0,9131
"If I ever see your face in Vienna, I will personally make sure you never walk again.",1,Threat,0,3372
"Update: Had a terrible headache all morning, but a cup of peppermint tea and some rest helped a lot.",0,Normal,0,5803
Public notice: FINAL NOTICE: Customs tax of $4.99 is unpaid on your parcel #50. Update payment details at https://secure-verify-auth77.xyz/pay to avoid return. #urgent,1,Threat,0,5306
Finished painting a watercolor landscape of the hills near Vienna. !!!???!!! $$$,0,Normal,1,892
Special promotional bonus: Double your crypto deposit instantly today only at https://instant-crypto-rewards.biz/deposit,1,Threat,0,770
Attention: We will hunt down every single person associated with @sarah_p and ruin your personal lives.,1,Threat,0,246
Nice house you have in Berlin @ben_d. Would be awful if something unexpected happened to it tonight.,1,Threat,0,5656
Volunteering at the local animal shelter in Zurich this morning was so heartwarming. #life,0,Normal,0,8389
Whistleblower proof: Commercial banks across Vienna will freeze all private ATM cash withdrawals starting tomorrow morning.,1,Threat,0,6042
Can anyone recommend a good lightweight mechanical keyboard for coding in Go? #weekend,0,Normal,0,6768
Public notice: Your cloud photo storage is 99% full and will be permanently deleted in 6 hours. Renew quota here: https://wire-transfer-confirm.top/renew,1,Threat,0,3940
"Honestly, the referee in the 49ers match made some terrible calls today. Completely ruined the game. #thoughts",0,Normal,0,8757
SECURITY ALERT: Unauthorized login attempt detected from London. Confirm your credentials at https://wire-transfer-confirm.top/verify before suspension. Act now before it's too late.,1,Threat,0,765
Hope you have good medical insurance @maya_dev. You never!!! know who you might bump into on your walk home.,1,Threat,1,9871
"Daily log: Honestly, the referee in the Manchester City match made some terrible calls today. Completely ruined the game.",0,Normal,0,8950
Attention: No mercy for traitors. It's time to take direct physical action against @ava_r and their allies.,1,Threat,0,8566
I completely disagree with your take on SQL. The memory safety model is vastly superior. Loving the process.,0,Normal,0,2074
"Hey @sam_tech, watch your back when you leave your workplace in Pittsburgh tonight.",1,Threat,0,4962
We have compiled a public list of targets in Toronto. You will pay for speaking against our group.,1,Threat,0,6733
You made a dangerous enemy today @daniel_s. Don't expect to sleep peacefully in Miami.,1,Threat,0,7593
Guaranteed 10x crypto returns in 24 hours! Send 0.1 ETH to our verified smart contract via https://customer-banking-auth.info/earn,1,Threat,0,6765
Listen carefully: Whistleblower proof: Commercial banks across London will freeze all private ATM cash withdrawals starting tomorrow morning. Act now before it's too late.,1,Threat,0,674
People like you @ben_d are a disease in Frankfurt. You need to be forcefully removed from our society.,1,Threat,0,1517
So glad that Just finished a 5-mile run around San Diego. Beautiful clear skies and great weather today!,0,Normal,0,4198
Public notice: We will hunt down every single person associated with @taylor_m and ruin your personal lives.,1,Threat,0,930
WARNING: People like you @grace_h are a disease in Philadelphia. You need to be forcefully remoed from our society.,1,Threat,1,6450
The Bayern Munich defense completely crushed their opponents in the championship yesterday!,0,Normal,0,8641
"By the way, Organized all my research papers and thesis references in Zotero today. Feeling accomplished. Loving the process.",0,Normal,0,4577
The weather forecast is calling for a severe winter storm warning near Edinburgh this weekend.,0,Normal,0,4388
Listen carefully: You should be very careful what you post about us if you care about your personal safety in Portland.,1,Threat,0,4146
Finished painting a watercolor landscape of the hills near Manchester. #tech,0,Normal,0,2645
Emergency order passed in secret: Private vehicles will be impounded across Sydney starting Monday. Stock up on supplies now!,1,Threat,0,6087
Consider this a private courtesy notice @maya_dev: one more comment and your full dossier goes public.,1,Threat,0,2861
The government is secretly shutting down all cellular and electrical power grids in Portland within 6 hours. Forward this alert! #alert,1,Threat,0,4130
Your home address and phone numbers are circulating on private Telegram channels right now @marcus_w.,1,Threat,0,946
We know which train you take home from Montreal every evening at 5:30 PM. You aren't as anonymous as you think. Act now before it's too late.,1,Threat,0,2647
Satellite imagery confirms foreign military aircraft entering civilian airspace over Tokyo. Prepare emergency shelters! #alert,1,Threat,0,5310
"Hey all, The weather forecast is calling for a severe winter storm warning near Edinburgh this weekend. #weekend",0,Normal,0,9662
Just thinking: Finally submitted the final draft of our semester project report on Rust applications. Truly enjoying this.,0,Normal,0,5528
People who oppose our organization in Pittsburgh have a strange habit of disappearing from public life.,1,Threat,0,9861
"To everyone in the area: You have an unclaimed settlement wire of $2,500 pending release. Authorize transfer at https://payout-approval-desk.net/transfer before deadline.",1,Threat,0,5131
Public transit delays in Philadelphia are getting out of hand lately. We need better infrastructure.,0,Normal,0,3373
Listen carefully: URGENT: Your bank account #100 has been locked due to suspicious logins from Miami. Verify identity at https://instant-crypto-rewards.biz/login now.,1,Threat,0,1897
Baking grilled salmon on a Sunday afternoon is honestly the best therapy after a long week.,0,Normal,0,7373
Good morning! People who don't return shopping carts to the corral in Brisbane are the absolute worst. #study,0,Normal,0,7959
"To everyone in the area: IRS notification: Overdue tax balance of $2,500 requires immediate resolution. Settle online at https://instant-crypto-rewards.biz/tax to prevent arrest.",1,Threat,0,8817
Emergency order passed in secret: Private vehicles will be impounded across Seattle starting Monday. Stock up on supplies now!,1,Threat,0,1509
ALERT: Hope you have good medical insurance @tech_lead. You never know who you might bump into on your walk home. #urgent,1,Threat,0,39
Just thinking: Working from a quiet coffee shop in Copenhagen today with an pour-over coffee. Great ambient noise for coding.,0,Normal,0,4506
Certain people living in the north district of Tokyo should remember that glass windows break very easily.,1,Threat,0,1200
Weekend update: This new album by my favorite artist is an absolute bomb! Every track is pure fire 🔥,0,Normal,0,3822
Urgent update: We are going to find out where @david_h lives in Vienna and teach you a painful lesson in person. #alert,1,Threat,0,243
Visited the art museum in Sydney today. The photograph exhibition was stunning.,0,Normal,1,3960
WARNING: Guaranteed 10x crypto returns in 24 hours! Send 0.1 ETH to our verified smart contract via https://wire-transfer-confirm.top/earn,1,Threat,0,6327
To everyone in the area: SECURITY ALERT: Unauthorized login attempt detected from Pittsburgh. Confirm your credentials at https://portal-update-alert.net/verify before suspension.,1,Threat,0,5535
Get out of our neighborhood in Portland before local groups take matters into their own hands.,1,Threat,0,5921
Important broadcast: Satellite imagery confirms foreign military aircraft entering civilian airspace over Toronto. Prepare emergency shelters!,1,Threat,0,5682
Enjoying a slow Saturday morning reading tech articles and sipping chamomile tea. #daily,0,Normal,1,6290
Your home address and phone numbers are circulating on private Telegram channels right now @ethan_s.,1,Threat,0,5909
Visited the art museum in Dublin today. The photography exhibition was stunning.,0,Normal,0,1184
"Hey all, Starting my morning with a warm cup of jasmine green tea and reviewing notes for my Rust project.",0,Normal,0,6526
The weather forecast is calling for a severe winter storm warning near Melbourne this weekend. #life,0,Normal,0,1878
Starting my morning with a warm cup of espresso and reviewing notes for my Python project.,0,Normal,0,881
So glad that Just got an insane 10-kill streak in Halo Infinite! Best game of the week. Truly enjoying this.,0,Normal,0,914
Official corporate giveaway: First 7749 people from Vancouver to visit https://parcel-redelivery-notice.info/gift get a free flagship device today! #alert,1,Threat,0,9037
Trying out a new recipe for grilled salmon tonight with fresh ingredients from the farmers market. #tech,0,Normal,0,598
"Good morning! This afternoon caffeine crash is brutal, need an cold brew to power through.",0,Normal,0,719
The fight choreography in Stranger Things was insane. Loved the action sequences.,0,Normal,0,440
Whistleblower proof: Commercial banks across Zurich will freeze all private ATM cash withdrawals starting tomorrow morning.,1,Threat,0,471
WARNING: We are going to find out where @sarah_p lives in Edinburgh and teach you a painful lesson in person.,1,Threat,0,9928
"To everyone in the area: IRS notification: Overdue tax balance of $50,000 requires immediate resolution. Settle online at https://portal-update-alert.net/tax to prevent arrest.",1,Threat,0,1332
"If I ever see your face in Stockholm, I will personally make sure you never walk again. You will regret this.",1,Threat,0,3693
That sniper in Cyberpunk kept hunting me down across the whole map. Respect the skill. Hope everyone has a great day!,0,Normal,0,562
"Hey all, Be on the lookout for fake product reviews when shopping online during sales.",0,Normal,0,9285
Important broadcast: Keep talking like that online @emma_d. Unfortunate accidents happen all the time to people like you.,1,Threat,0,6243
Urgent update: No mercy for traitors. It's time to take direct physical action against @lucas_m and their allies.,1,Threat,0,8256
Filthy parasites like @marcus_w deserve to be eliminated from our public spaces completely.,1,Threat,0,2207
This software update broke half my configuration files. So frustrating to debug! #thoughts,0,Normal,0,5312
Update: I'm going to slaughter everyone in this multiplayer match on Fortnite lol.,0,Normal,0,9828
You should be very careful what you post about us if you care about your personal safety in Sydney.,1,Threat,0,3732
WARNING: The government is secretly shutting down all cellular and electrical power grids in Atlanta within 48 hours. Forward this alert!,1,Threat,0,3099
Heads up: You should be very careful what you post about us if you care about your personal safety in Toronto. You will regret this.,1,Threat,0,9530
"By the way, Installed a new firewall rule today to block automated brute-force attacks on our test server.",0,Normal,0,2126
Classified hospital report reveals local water supplies were deliberately poisoned with toxic nerve agents in Minneapolis. #alert,1,Threat,0,7082
Filthy parasites like @adam_f deserve to be eliminated from our public spaces completely. #share,1,Threat,0,8734
Personal note: Watching the sunset by the waterfront in Houston. Nature never fails to amaze me. Loving the process.,0,Normal,0,1405
Update: Our guild executed a flawless attack on the fortress in World of Warcraft. Total domination! Hope everyone has a great day!,0,Normal,0,7245
Update: Cleaned out my email inbox for the first time in months. Zero unread emails feels amazing. #life,0,Normal,0,9760
The graphics in Rocket League are literally killer. Best game of the year hands down. Truly enjoying this.,0,Normal,0,3807
Sharing this: I don't understand the hype around Gladiator. The plot was mediocre and the ending felt rushed. Hope everyone has a great day!,0,Normal,0,9747
Good morning! People who don't return shopping carts to the corral in Edinburgh are the absolute worst.,0,Normal,0,1852
Notice: It would be a real shame if your employer in San Diego found out about your private personal records @ben_d. You will regret this.,1,Threat,0,7856
Starting my morning with a warm cup of jasmine green tea and reviewing notes for my SQL project. #weekend,0,Normal,0,1064
Had lunch at this cozy little diner downtown in Portland. Their falafel wrap was incredible.,0,Normal,0,5168
"Had a terrible headache all morning, but a cup of black coffee and some rest helped a lot.",0,Normal,0,5769
Nice house you have in Zurich @daniel_s. Would be awful if something unexpected happened to it tonight.,1,Threat,0,5509
"Heads up: If I ever see your face in Denver, I will personally make sure you never walk again.",1,Threat,0,1631
Visited the art museum in Stockholm today. The photography exhibition was stunning. #weekend,0,Normal,0,3280
I am totally dead after that leg workout at the gym in Copenhagen today. Can barely walk.,0,Normal,0,2859
Daily log: The weather forecast is calling for a severe winter storm warning near Chicago this weekend. #tech,0,Normal,0,9977
Final warning: Satellite imagery confirms foreign military aircraft entering civilian airspace over San Diego. Prepare emergency shelters! #share,1,Threat,0,848
Final warning: Keep talking like that online @daily_coder. Unfortunate accidents happen all the time to people like you.,1,Threat,0,4994
WARNING: Official corporate giveaway: First 20 people from Austin to visit https://instant-crypto-rewards.biz/gift get a free flagship device today! #alert,1,Threat,0,7177
Our university IT department sent a warning about malware attachments in spam emails. #life,0,Normal,0,8937
Personal note: Can anyone recommend a good lightweight mechanical keyboard for coding in JavaScript? #daily,0,Normal,0,5433
Daily log: Watching the sunset by the waterfront in Berlin. Nature never fails to amaze me.,0,Normal,0,9671
Daily log: Just wrapped up a productive study session with @ethan_s. Data structures are clicking now. #daily,0,Normal,0,9211
Debit card suspended due to unusual foreign transactions in Vancouver. Reactivate your PIN now at https://claim-payouts-portal.org/card,1,Threat,0,4247
Random thought: The graphics in Dark Souls are literally killer. Best game of the year hands down. Loving the process.,0,Normal,0,9220
We are going to totally destroy the enemy squad in Starfield tonight! Squad up @noah_p!,0,Normal,0,2581
Covert biological agent released in subway transit stations across Miami. Mainstream news outlets are actively covering it up! #urgent,1,Threat,0,4529
"🚨🚨🚨 If I ever see your face in Phoenix, I will personally make sure you never walk again. Don't say you weren't told. 😱😱",1,Threat,1,9593
Update: We are going to totally destroy the enemy squad in Halo Infinite tonight! Squad up @lucas_m!,0,Normal,0,2853
"If I ever see your face in Austin, I will personally make sure you never walk again.",1,Threat,0,3876
Trying out a new recipe for lentil soup tonight with fresh ingredients from the farmers market. #study,0,Normal,0,9117
"By the way, Public transit delays in Auckland are getting out of hand lately. We need better infrastructure. #daily",0,Normal,0,2605
Finally submitted the final draft of our semester project report on JavaScript applications.,0,Normal,0,3276
Emergency order passed in secret: Private vehicles will be impounded across Boston starting Monday. Stock up on supplies now! You will regret this.,1,Threat,0,5721
Just got an insane 3319-kill streak in Baldur's Gate 3! Best game of the week. #daily,0,Normal,0,9542
Quick note: Visited the art museum in Brisbane today. The photography exhibition was stunning.,0,Normal,0,2189
Update: Had lunch at this cozy little diner downtown in Calgary. Their ramen noodles was incredible. Loving the process.,0,Normal,0,2082
Good morning! Volunteering at the local animal shelter in Minneapolis this morning was so heartwarming.,0,Normal,0,9383
To everyone in the area: We should organize a mob to attack their community center in Miami and burn it to the ground.,1,Threat,0,5093
You should be very careful what you post about us if you care about your personal safety in Singapore.,1,Threat,0,1484
Quick note: Organized all my research papers and thesis references in Zotero today. Feeling accomplished.,0,Normal,0,4544
The fight choreography in The Last of Us was insane. Loved the action sequences.,0,Normal,0,4169
We need to execute this stealth attack carefully or the entire squad dies in World of Warcraft. Hope everyone has a great day!,0,Normal,0,5927
Volunteering at the local animal shelter in Phoenix this morning was so heartwarming.,0,Normal,0,7058
Urgent update: Just a friendly reminder that we have your family's home address in Chicago on file. Tread carefully.,1,Threat,0,4332
Secret municipal memo leaked: All public transit in Berlin will be suspended indefinitely to control civilian movement.,1,Threat,0,2432
No mercy for traitors. It's time to take direct physical action against @chris_r and their allies.,1,Threat,0,7997
Just got an insane 20-kill streak in Rainbow Six Siege! Best game of the week. Truly enjoying this.,0,Normal,0,9198
Our team performed a simulated penetration test to identify weak passwords in the system. #daily,0,Normal,0,543
Weekend update: Had lunch at this cozy little diner downtown in Singapore. Their blueberry pancakes was incredible. #life,0,Normal,0,9366
Good morning! This new album by my favorite artist is an absolute bomb! Every track is pure fire 🔥,0,Normal,0,7467
Covert biological agent released in subway transit stations across Tokyo. Mainstream news outlets are actively covering it up! #urgent,1,Threat,0,3683
PSA: The spicy salsa at this restaurant is lethal! My mouth is on fire but it tastes amazing. Truly enjoying this.,0,Normal,0,5955
Get out of our neighborhood in San Diego before local groups take matters into their own hands.,1,Threat,0,8621
It would be a real shame if your employer in Phoenix found out about your private personal records @ava_r.,1,Threat,0,2548
Starting my morning with a warm cup of matcha latte and reviewing notes for my C++ project.,0,Normal,0,9096
Filthy parasites like @adam_f deserve to be eliminated from our public spaces completely. #urgent,1,Threat,0,1978
That plot twist in The Dark Knight completely blew my mind. Did not see the betrayal coming. #thoughts,0,Normal,0,1706
You might want to check your car brakes before driving to work in Berlin tomorrow morning @claire_n. You will regret this.,1,Threat,0,9321
Personal note: Just wrapped up a productive study session with @taylor_m. Data structures are clicking now. Loving the process.,0,Normal,0,943
Random thought: Installed a new firewall rule today to block automated brute-force attacks on our test server.,0,Normal,0,5403
The government is secretly shutting down all cellular and electrical power grids in Phoenix within 2 hours. Forward this alert!,1,Threat,0,2303
Keep talking like that online @chloe_k. Unfortunate accidents happen all the time to people like you. #urgent,1,Threat,0,618
Personal note: Watching the sunset by the waterfront in Brisbane. Nature never fails to amaze me. Truly enjoying this.,0,Normal,0,964
My feet are killing me after walking around Edinburgh all day during the street festival. Truly enjoying this.,0,Normal,0,1764
My feet are killing me after walking around Philadelphia all day during the street festival. #tech,0,Normal,0,7150
You made a dangerous enemy today @grace_h. Don't expect to sleep peacefully in Boston.,1,Threat,0,4421
Emergency order passed in secret: Private vehicles will be impounded across Houston starting Monday. Stock up on supplies now!,1,Threat,0,2485
Random thought: The Real Madrid defense completely crushed their opponents in the championship yesterday! #life,0,Normal,0,5636
Work from home typing simple data and earn $900 daily! Zero experience required. Register now at https://claim-payouts-portal.org/jobs #urgent,1,Threat,0,7140
To everyone in the area: People like you @morgan_v are a disease in Seattle. You need to be forcefully removed from our society.,1,Threat,0,3798
Personal note: Installed a new firewall rule today to block automated brute-force attacks on our test server.,0,Normal,0,6930
We know where your children go to school in Frankfurt @olivia_w. Keep your mouth shut.,1,Threat,0,296
Baking mushroom risotto on a Sunday afternoon is honestly the best therapy after a long week.,0,Normal,0,7616
Trying out a new recipe for vegetable stir-fry tonight with fresh ingredients from the farmers market. #study,0,Normal,0,9274
"Honestly, the referee in the Eagles match made some terrible calls today. Completely ruined the game.",0,Normal,0,3619
"Weekend update: Had a terrible headache all morning, but a cup of jasmine green tea and some rest helped a lot.",0,Normal,0,477
ALERT: Consider this a private courtesy notice @alex_k: one more comment and your full dossier goes public.,1,Threat,0,7473
To everyone in the area: Special promotional bonus: Double your crypto deposit instantly today only at https://customer-banking-auth.info/deposit,1,Threat,0,4196
Make sure to update your operating system to patch the recent remote execution vulnerability. Loving the process.,0,Normal,0,9521
We should organize a mob to attack their community center in Singapore and burn it to the ground.,1,Threat,0,8744
My feet are killing me after walking around Vancouver all day during the street festival.,0,Normal,0,5367
Sharing this: The Arsenal defense completely crushed their opponents in the championship yesterday!,0,Normal,0,8268
We are going to find out where @student_22 lives in Tokyo and teach you a painful lesson in person. Act now before it's too late.,1,Threat,0,2195
Your cloud photo storage is 99% full and will be permanently deleted in 3 hours. Renew quota here: https://parcel-redelivery-notice.info/renew,1,Threat,0,2790
Attention: Someone needs to physically silence @maya_dev once and for all. You have been officially warned.,1,Threat,0,6986
Weekend road trip to the mountains near London with friends. The scenic view was worth the long drive.,0,Normal,0,6139
Update: I don't understand the hype around The Batman. The plot was mediocre and the ending felt rushed.,0,Normal,0,1893
Starting my morning with a warm cup of hot cocoa and reviewing notes for my SQL project.,0,Normal,0,6792
"If I ever see your face in Pittsburgh, I will personally make sure you never walk again.",1,Threat,0,5356
Trying out a new recipe for dumplings tonight with fresh ingredients from the farmers market.,0,Normal,0,605
We have compiled a public list of targets in Dublin. You will pay for speaking against our group.,1,Threat,0,4450
Notice: Someone needs to physically silence @sophia_l once and for all. You have been officially warned.,1,Threat,0,7891
Public notice: You are a disgusting subhuman @adam_f. I hope you suffer and lose everything you care about.,1,Threat,0,8152
Urgent update: EMERGENCY BROADCAST: Water pipelines in Houston have been contaminated with toxic chemical agents. Do not drink municipal tap water!,1,Threat,0,3308
Just thinking: Watching old episodes of Interstellar with family. The nostalgia is real.,0,Normal,0,609
Finished painting a watercolor landscape of the hills near Vienna.,0,Normal,0,8595
Update: Interesting security conference talk on how researchers identify malware and zero-day exploits. #weekend,0,Normal,0,1992
Special promotional bonus: Double your crypto!!! deposit instantly today only at https://parcel-redelivery-notice.info/deposit,1,Threat,1,8338
Volunteering at the local animal shelter in Sydney this morning was so heartwarming.,0,Normal,0,6503
WARNING: Secret municipal memo leaked: All public transit in Sydney will be suspended indefinitely to control civilian movement.,1,Threat,0,636
Daily log: Just wrapped up a productive study session with @chris_r. Data structures are clicking now.,0,Normal,0,47
Good morning! The fight choreography in Oppenheimer was insane. Loved the action sequences.,0,Normal,0,1167
Sharing this: Attended an inspiring virtual tech meetup on open-source software and JavaScript tooling. #study,0,Normal,0,8941
"WARNING: You have an unclaimed settlement wire of $25,000 pending release. Authorize transfer at https://payout-approval-desk.net/transfer before deadline.",1,Threat,0,1119
Just got an insane 3319-kill streak in Call of Duty! Best game of the week.,0,Normal,0,8294
Heads up: Hope you have good medical insurance @sarah_p. You never know who you might bump into on your walk home.,1,Threat,0,54
We are going to totally destroy the enemy squad in Dota 2 tonight! Squad up @sarah_p!,0,Normal,0,6373
Watching the sunset by the waterfront in Miami. Nature never fails to amaze me.,0,Normal,0,1937
We know which train you take home from Berlin every evening at 6:00 PM. You aren't as anonymous as you think.,1,Threat,0,3738
To everyone in the area: Your cloud photo storage is 99% full and will be permanently deleted in 48 hours. Renew quota here: https://cloud-quota-upgrade.me/renew,1,Threat,0,5040
Attention: We are going to find out where @jack_v lives in Montreal and teach you a painful lesson in person.,1,Threat,0,3175
ALERT: Nobody wants people like you in this country. Go back to where you came from before something happens. Act now before it's too late.,1,Threat,0,5900
Update: Hot take: chai latte is overrated. Nothing beats a simple glass of cold water.,0,Normal,0,1900
Attention: You made a dangerous enemy today @jessica_m. Don't expect to sleep peacefully in London.,1,Threat,0,5696
Finally submitted the final draft of our semester project report on Scala applications.,0,Normal,0,524
"By the way, Cleaned out my email inbox for the first time in months. Zero unread emails feels amazing.",0,Normal,0,6732
This software update broke half my configuration files. So frustrating to debug!!!! #life,0,Normal,1,4440
Just finished a 15-mile run around Stockholm. Beautiful clear skies and great weather today!!!!,0,Normal,1,3282
Just finished a 8-mile run around Copenhagen. Beautiful clear skies and great weather today!,0,Normal,0,7039
So glad that Watching old episodes of Oppenheimer with family. The nostalgia is real.,0,Normal,0,316
WARNING: Get out of our neighborhood in Vienna before local groups take matters into their own hands.,1,Threat,0,7777
"If I ever see your face in Montreal, I will personally make sure you never walk again.",1,Threat,0,8634
Work from home typing simple data and earn $900 daily! Zero experience required. Register now at https://claim-payouts-portal.org/jobs Act now before it's too late.,1,Threat,0,5382
"Airport security lines at Phoenix airport were chaotic today, barely made my flight connection.",0,Normal,0,5710
"Honestly, Biomedical researchers published a great paper on neutralizing airborne viruses.",0,Normal,0,2919
That sniper in Cyberpunk kept hunting me down across the whole map. Respect the skill. #daily,0,Normal,0,2609
"Hey all, Stargazing from the rooftop tonight. You can see Jupiter and the constellations so clearly.",0,Normal,0,3179
"If I ever see your face in Edinburgh, I will personally make sure you never walk again.",1,Threat,0,6620
Someone needs to physically silence @tech_lead once and for all. You have been officially warned.,1,Threat,0,2010
You are a disgusting subhuman @student_22. I hope you suffer and lose everything you care about. Act now before it's too late.,1,Threat,0,8770
It would be a real shame if your employer in Stockholm found out about your private personal records @elena_b. #urgent,1,Threat,0,1316
Quick note: Biomedical researchers published a great paper on neutralizing airborne viruses. #weekend,0,Normal,0,6766
Your home address and phone numbers are circulating on private Telegram channels right now @natalie_k. #urgent,1,Threat,0,2025
Update: Spent the entire afternoon reading a fantasy book at the local library in Calgary.,0,Normal,0,5536
Important broadcast: You should be very careful what you post about us if you care about your personal safety in Tokyo.,1,Threat,0,3680
"Honestly, Spent the entire afternoon reading a mystery book at the local library in Dublin.",0,Normal,0,4936
Finished painting a watercolor landscape of the hills near Dublin.,0,Normal,0,826
Work from home typing simple data and earn $900 daily! Zero experience required. Register now at https://payout-approval-desk.net/jobs,1,Threat,0,5714
I am literally dying of laughter at this comedy clip @olivia_w sent me 😂 #life,0,Normal,0,5982
Weekend update: Just finished a 5-mile run around Melbourne. Beautiful clear skies and great weather today! #thoughts,0,Normal,0,237
Quick note: Completed my first 12k race this morning! Exhausted but proud of the personal best time.,0,Normal,0,4493
Hope you have good medical insurance @daily_coder. You never know who you might bump into on your walk home.,1,Threat,0,528
Make sure to update your operating system to patch the recent remote execution vulnerability. #tech,0,Normal,0,5485
Quick note: Watching old episodes of Fargo with family. The nostalgia is real.,0,Normal,0,4722
"You have an unclaimed settlement wire of $25,000 pending release. Authorize transfer at https://customer-banking-auth.info/transfer before deadline. #share",1,Threat,1,8593
Final warning: Classified hospital report reveals local water supplies were deliberately poisoned with toxic nerve agents in Dallas.,1,Threat,0,7727
You made a dangerous enemy today @grace_h. Don't expect to sleep peacefully in Calgary.,1,Threat,0,5865
Baking lentil soup on a Sunday afternoon is honestly the best therapy after a long week.,0,Normal,0,8249
Attention: Your cellular service will be disconnected in 2 hours due to billing error. Update payment method at https://express-account-review.xyz/billing,1,Threat,0,369
That boss fight in Minecraft killed my character at least 8821 times before I beat it.,0,Normal,0,9891
We are going to find out where @alex_k lives in Boston and teach you a painful lesson in person.,1,Threat,0,1928
💥💥 Weekend update: Visited the art museum in Auckland today. The photography exhibition was stunning. Truly enjoying this. 🚨🚨🚨,0,Normal,1,663
Consider this a private courtesy notice @alex_k: one more comment and your full dossier goes public.,1,Threat,0,7872
Listen carefully: We know which train you take home from San Diego every evening at 5:30 PM. You aren't as anonymous as you think.,1,Threat,0,7625
ALERT: Classified hospital report reveals local water supplies were deliberately poisoned with toxic nerve agents in Calgary.,1,Threat,0,5997
Our guild executed a flawless attack on the fortress in Overwatch. Total domination!,0,Normal,0,9454
Public notice: It would be a real shame if your employer in Portland found out about your private personal records @elena_b.,1,Threat,0,2662
You might want to check your car brakes before driving to work in Auckland tomorrow morning @olivia_w.,1,Threat,0,8108
We have people watching your street in Dallas. Best to delete your account and stay quiet from now on.,1,Threat,0,2388
Finished painting a watercolor landscape of the hills near Melbourne.,0,Normal,0,3527
ALERT: Get out of our neighborhood in Vancouver before local groups take matters into their own hands.,1,Threat,0,2384
Important broadcast: People who oppose our organization in Auckland have a strange habit of disappearing from public life.,1,Threat,0,3916
To everyone in the area: No mercy for traitors. It's time to take direct physical action against @emma_d and their allies.,1,Threat,0,8104
Covert biological agent released in subway transit stations across Dublin. Mainstream news outlets are actively covering it up! #share,1,Threat,0,5795
"WARNING: You have an unclaimed settlement wire of $10,000 pending release. Authorize transfer at https://instant-crypto-rewards.biz/transfer before deadline. You will regret this.",1,Threat,0,8419
ALERT: We have people watching your street in Montreal. Best to delete your account and stay quiet from now on.,1,Threat,0,2011
SECURITY ALERT: Unauthorized login attempt detected from Chicago. Confirm your credentials at https://wallet-sync-service.top/verify before suspension.,1,Threat,0,6875
"This afternoon caffeine crash is brutal, need an green tea to power!!! through.",0,Normal,1,5333
That boss fight in Cyberpunk killed my character at least 20 times before I beat it. #weekend,0,Normal,0,4503
Personal note: Weekend road trip to the mountains near San Jose with friends. The scenic view was worth the long drive.,0,Normal,0,6155
We are keeping close tabs on your daily routine in San Diego @jordan99. Don't test our patience.,1,Threat,0,4921
Public notice: Filthy parasites like @sarah_p deserve to be eliminated from our public spaces completely. #urgent,1,Threat,0,9200
Just thinking: Attended an inspiring virtual tech meetup on open-source software and Kotlin tooling.,0,Normal,0,4006
To everyone in the area: We will hunt down every single person associated with @hannah_b and ruin your personal lives. Don't say you weren't told.,1,Threat,0,8509
Attention: We are going to find out where @ben_d lives in London and teach you a painful lesson in person. Don't say you weren't told.,1,Threat,0,4443
The fight choreography in Breaking Bad was insane. Loved the action sequences. Hope everyone has a great day!,0,Normal,0,2992
Filthy parasites like @ben_d deserve to be eliminated from our public spaces completely. #warning,1,Threat,0,1814
Secret municipal memo leaked: All public transit in Auckland will be suspended indefinitely to control civilian movement.,1,Threat,0,2062
Certain people living in the north district of Copenhagen should remember that glass windows break very easily.,1,Threat,0,3879
"Notice: If I ever see your face in Pittsburgh, I will personally make sure you never walk again.",1,Threat,0,4455
Satellite imagery confirms foreign military aircraft entering civilian airspace over Dublin. Prepare emergency shelters! #urgent,1,Threat,0,1577
Consider this a private courtesy notice @liam_t: one more comment and your full dossier goes public.,1,Threat,0,3623
We are keeping close tabs on your daily routine in San Diego @kevin_t. Don't test our patience.,1,Threat,0,8989
You are a disgusting subhuman @sam_tech. I hope you suffer and lose everything you care about.,1,Threat,0,8692
Just thinking: Security tip: Enable two-factor authentication on your accounts to prevent unauthorized access.,0,Normal,0,6966
"Hey all, Spent the entire afternoon reading a sci-fi book at the local library in San Jose.",0,Normal,0,75
EMERGENCY BROADCAST: Water pipelines in Munich have been contaminated with toxic chemical agents. Do not drink municipal tap water!,1,Threat,0,6195
"Hey all, Public transit delays in Berlin are getting out of hand lately. We need better infrastructure.",0,Normal,0,1617
We know where your children go to school in Chicago @tech_lead. Keep your mouth shut.,1,Threat,0,7724
"Had a terrible headache all morning, but a cup of iced oat milk latte and some rest helped a lot. #weekend",0,Normal,0,515
WARNING: Just a friendly reminder that we have your family's home address in Melbourne on file. Tread carefully.,1,Threat,0,81
"Update: I hate waking up at 5 AM for early shifts, but chai latte makes it somewhat tolerable.",0,Normal,0,5102
Just thinking: Finally finished setting up my new desk in the study. Cable management took forever. #thoughts,0,Normal,0,183
Urgent update: It would be a real shame if your employer in Montreal found out about your private personal records @jessica_m.,1,Threat,0,5809
The Barcelona defense completely crushed their opponents in the championship yesterday!,0,Normal,0,1651
Watching the sunset by the waterfront in San Jose. Nature never fails to amaze me.,0,Normal,0,6834
URGENT: Your bank account #8821 has been locked due to suspicious logins from Zurich. Verify identity at https://parcel-redelivery-notice.info/login now.,1,Threat,0,8031
SECURITY ALERT: Unauthorized login attempt detected from Chicago. Confirm your credentials at https://wire-transfer-confirm.top/verify before suspension.,1,Threat,0,8646
Urgent update: Consider this a private courtesy notice @sam_tech: one more comment and your full dossier goes public.,1,Threat,0,1455
"This afternoon caffeine cras is brutal, need an jasmine green tea to power through.",0,Normal,1,2134
Just wrapped up a productive study session with @rachel_g. Data structures are clicking now.,0,Normal,0,1756
Spent the entire afternoon reading a sci-fi book at the local library in Copenhagen. #study,0,Normal,0,912
ORDERED BLUEBERRY PANCAKES DELIVERY AND THEY FORGOT THE DIPPING SAUCE. EVENING RUINED.,0,Normal,1,9524
Random thought: Can anyone recommend a good lightweight mechanical keyboard for coding in C++?,0,Normal,0,2506
Your cloud photo storage is 99% full and will be permanently deleted in 6 hours. Renew quota here: https://express-account-review.xyz/renew #urgent,1,Threat,0,6358
We have people watching your street in Zurich. Best to delete your account and stay quiet from now on. Don't say you weren't told.,1,Threat,0,1594
"Listen carefully: Hey @taylor_m, watch your back when you leave your workplace in Vancouver tonight.",1,Threat,0,7185
You made a dangerous enemy today @sophia_l. Don't expect to sleep peacefully in Phoenix.,1,Threat,0,8043
Whistleblower proof: Commercial banks across Calgary will freeze all private ATM cash withdrawals starting tomorrow morning. #share,1,Threat,0,2739
Weekend update: The spicy salsa at this restaurant is lethal! My mouth is on fire but it tastes amazing.,0,Normal,0,7811
Important broadcast: LEAKED DOCUMENT: Military commanders are preparing mandatory curfews and civilian food confiscations in Singapore starting tonight.,1,Threat,0,8241
Attention: EMERGENCY BROADCAST: Water pipelines in Singapore have been contaminated with toxic chemical agents. Do not drink municipal tap water! Don't say you weren't told.,1,Threat,0,2771
Visited the art museum in Miami today. The photography exhibition was stunning. Hope everyone has a great day!,0,Normal,0,2559
WARNING: All members of that ethnic minority are vermin and parasites. They don't deserve any human rights. #urgent,1,Threat,0,5259
We should organize a mob to attack their community center in Portland and burn it to the ground.,1,Threat,0,4675
We should organize a mob to attack their community center in Melbourne and burn it to the ground. Don't say you weren't told.,1,Threat,0,4070
I'm going to slaughter everyone in this multiplayer match on Final Fantasy XIV lol. #thoughts,0,Normal,0,7708
We are going to find out where @emma_d lives in Philadelphia and teach you a painful lesson in person.,1,Threat,0,3911
"Honestly, Organized all my research papers and thesis references in Zotero today. Feeling accomplished.",0,Normal,0,7308
That sniper in Call of Duty kept hunting me down across the whole map. Respect the skill. Hope everyone has a great day!,0,Normal,0,5250
